{"nb016":{"name":"MoKa","RMSE":0.544242593,"RMSE_lower_bound":0.3205129817,"RMSE_upper_bound":0.7367496183,"MAE":0.4771428571,"MAE_lower_bound":0.2928571429,"MAE_upper_bound":0.6985714286,"ME":-0.0428571429,"ME_lower_bound":-0.4128571429,"ME_upper_bound":0.3442857143,"R2":0.9105226487,"R2_lower_bound":0.0285242475,"R2_upper_bound":0.991859783,"m":0.9893803123,"m_lower_bound":-0.0061548643,"m_upper_bound":1.2195136641},"hdiyq":{"name":"S+pKa","RMSE":0.6971529403,"RMSE_lower_bound":0.4941097494,"RMSE_upper_bound":0.8623739844,"MAE":0.6088888889,"MAE_lower_bound":0.3977777778,"MAE_upper_bound":0.8333333333,"ME":0.3688888889,"ME_lower_bound":-0.0522222222,"ME_upper_bound":0.7188888889,"R2":0.8578084,"R2_lower_bound":0.5037770855,"R2_upper_bound":0.9892660435,"m":0.9049906678,"m_lower_bound":0.4358261381,"m_upper_bound":1.2972001665},"nb011":{"name":"Jaguar","RMSE":0.7297335891,"RMSE_lower_bound":0.3016804785,"RMSE_upper_bound":1.1205405442,"MAE":0.5266666667,"MAE_lower_bound":0.24,"MAE_upper_bound":0.91,"ME":0.4333333333,"ME_lower_bound":0.0811111111,"ME_upper_bound":0.8333333333,"R2":0.8619583101,"R2_lower_bound":0.1621219263,"R2_upper_bound":0.9872411442,"m":0.9248549599,"m_lower_bound":0.4176560512,"m_upper_bound":1.2598455175},"ftc8w":{"name":"EC-RISM\/MP2\/cc-pVTZ-P2-q-noThiols-2par","RMSE":0.7547479344,"RMSE_lower_bound":0.4934909658,"RMSE_upper_bound":0.9751068318,"MAE":0.6755555556,"MAE_lower_bound":0.4711111111,"MAE_upper_bound":0.8988888889,"ME":-0.2733333333,"ME_lower_bound":-0.6944444444,"ME_upper_bound":0.1988888889,"R2":0.8719219139,"R2_lower_bound":0.0114632824,"R2_upper_bound":0.9938880392,"m":1.1305223284,"m_lower_bound":-0.069635244,"m_upper_bound":1.4030048508},"6tvf8":{"name":"OE Gaussian Process","RMSE":0.798839436,"RMSE_lower_bound":0.5847221562,"RMSE_upper_bound":0.973276254,"MAE":0.7233333333,"MAE_lower_bound":0.4922222222,"MAE_upper_bound":0.9333333333,"ME":-0.6655555556,"ME_lower_bound":-0.9177777778,"ME_upper_bound":-0.3566666667,"R2":0.9194055451,"R2_lower_bound":0.7866762635,"R2_upper_bound":0.9941566969,"m":0.9315392183,"m_lower_bound":0.6553004862,"m_upper_bound":1.2885738951},"t8ewk":{"name":"COSMOlogic_FINE17","RMSE":0.9232415719,"RMSE_lower_bound":0.5575616558,"RMSE_upper_bound":1.2085838821,"MAE":0.7625,"MAE_lower_bound":0.39,"MAE_upper_bound":1.135,"ME":-0.7175,"ME_lower_bound":-1.115,"ME_upper_bound":-0.28125,"R2":0.81105239,"R2_lower_bound":0.6484311096,"R2_upper_bound":0.9688555533,"m":0.9926246477,"m_lower_bound":0.7345589238,"m_upper_bound":2.4400843047},"v8qph":{"name":"ACD\/pKa GALAS","RMSE":1.0403097829,"RMSE_lower_bound":0.4511959417,"RMSE_upper_bound":1.5854407028,"MAE":0.7377777778,"MAE_lower_bound":0.3466666667,"MAE_upper_bound":1.27,"ME":-0.0933333333,"ME_lower_bound":-0.8544444444,"ME_upper_bound":0.5333333333,"R2":0.6767126392,"R2_lower_bound":0.1947887127,"R2_upper_bound":0.9734229403,"m":0.9627216976,"m_lower_bound":-1.5325737636,"m_upper_bound":1.1838888662},"ccpmw":{"name":"ReSCoSS conformations \/\/ COSMOtherm pKa","RMSE":1.0445034706,"RMSE_lower_bound":0.702086177,"RMSE_upper_bound":1.2895444932,"MAE":0.91125,"MAE_lower_bound":0.525,"MAE_upper_bound":1.28625,"ME":-0.78125,"ME_lower_bound":-1.275,"ME_upper_bound":-0.2675,"R2":0.7458529793,"R2_lower_bound":0.5217662804,"R2_upper_bound":0.9909551414,"m":0.9788027699,"m_lower_bound":0.6831434188,"m_upper_bound":2.5146300598},"0xi4b":{"name":"EC-RISM\/B3LYP\/6-311+G(d,p)-P3NI-phi-noThiols-2par","RMSE":1.1560901541,"RMSE_lower_bound":0.7121875533,"RMSE_upper_bound":1.5362255332,"MAE":0.9722222222,"MAE_lower_bound":0.6,"MAE_upper_bound":1.4,"ME":-0.2166666667,"ME_lower_bound":-0.9,"ME_upper_bound":0.5344444444,"R2":0.7841352484,"R2_lower_bound":0.0207904432,"R2_upper_bound":0.983449047,"m":1.2832534961,"m_lower_bound":0.0808097433,"m_upper_bound":2.0820211062},"eyetm":{"name":"ReSCoSS conformations \/\/ DSD-BLYP-D3 reranking \/\/ COSMOtherm pKa","RMSE":1.161771277,"RMSE_lower_bound":0.68406871,"RMSE_upper_bound":1.5626419935,"MAE":0.97125,"MAE_lower_bound":0.55375,"MAE_upper_bound":1.4425,"ME":-0.84125,"ME_lower_bound":-1.38625,"ME_upper_bound":-0.27375,"R2":0.6744409507,"R2_lower_bound":0.2868443632,"R2_upper_bound":0.9705555448,"m":0.9481791169,"m_lower_bound":0.5822724179,"m_upper_bound":3.0745671349},"cywyk":{"name":"EC-RISM\/B3LYP\/6-311+G(d,p)-P2-phi-noThiols-2par","RMSE":1.172902383,"RMSE_lower_bound":0.8346123518,"RMSE_upper_bound":1.4334224778,"MAE":1.0477777778,"MAE_lower_bound":0.6888888889,"MAE_upper_bound":1.3766666667,"ME":-0.3988888889,"ME_lower_bound":-1.0855555556,"ME_upper_bound":0.3244444444,"R2":0.7438105627,"R2_lower_bound":0.025234114,"R2_upper_bound":0.9838820457,"m":1.1725816684,"m_lower_bound":0.0594071273,"m_upper_bound":2.0040401335},"nb008":{"name":"Epik Microscopic","RMSE":1.3021191519,"RMSE_lower_bound":0.8202612824,"RMSE_upper_bound":1.7557822839,"MAE":1.1342857143,"MAE_lower_bound":0.6671428571,"MAE_upper_bound":1.6228571429,"ME":0.5142857143,"ME_lower_bound":-0.3657142857,"ME_upper_bound":1.3557142857,"R2":0.7746784332,"R2_lower_bound":0.0466420958,"R2_upper_bound":0.9931023741,"m":1.2084343222,"m_lower_bound":-1.4500664141,"m_upper_bound":1.7991416475},"y4wws":{"name":"microscopic pKa prediction with Gaussian and global fitting","RMSE":1.4372929803,"RMSE_lower_bound":0.891908067,"RMSE_upper_bound":1.8536390635,"MAE":1.2188888889,"MAE_lower_bound":0.7111111111,"MAE_upper_bound":1.7211111111,"ME":-0.6611111111,"ME_lower_bound":-1.4733333333,"ME_upper_bound":0.2033333333,"R2":0.8773258638,"R2_lower_bound":0.0485657449,"R2_upper_bound":0.9881807474,"m":1.5727315355,"m_lower_bound":0.4191700269,"m_upper_bound":1.9970453826},"ktpj5":{"name":"EC-RISM\/MP2\/6-311+G(d,p)-P2-phi-all-2par","RMSE":1.5062794488,"RMSE_lower_bound":0.8113637354,"RMSE_upper_bound":2.1988633427,"MAE":1.1855555556,"MAE_lower_bound":0.6366666667,"MAE_upper_bound":1.8966666667,"ME":0.95,"ME_lower_bound":0.1811111111,"ME_upper_bound":1.7277777778,"R2":0.7731581288,"R2_lower_bound":0.0169899919,"R2_upper_bound":0.9776272281,"m":1.2847291818,"m_lower_bound":-0.2025845686,"m_upper_bound":1.7017733062},"wuuvc":{"name":"EC-RISM\/MP2\/6-311+G(d,p)-P2-phi-noThiols-2par","RMSE":1.5163626069,"RMSE_lower_bound":0.8358163009,"RMSE_upper_bound":2.2182726012,"MAE":1.2111111111,"MAE_lower_bound":0.6577777778,"MAE_upper_bound":1.9422222222,"ME":1.0,"ME_lower_bound":0.2577777778,"ME_upper_bound":1.8022222222,"R2":0.779475403,"R2_lower_bound":0.0129212092,"R2_upper_bound":0.979047455,"m":1.2766198064,"m_lower_bound":-0.1990694854,"m_upper_bound":1.6396926131},"qsicn":{"name":"microscopic pKa prediction with Gaussian and separate fitting for neutral to negative and for positive to neutral transformations","RMSE":1.5753729717,"RMSE_lower_bound":1.44,"RMSE_upper_bound":1.7,"MAE":1.57,"MAE_lower_bound":1.44,"MAE_upper_bound":1.7,"ME":-1.57,"ME_lower_bound":-1.7,"ME_upper_bound":-1.44,"R2":1.0,"R2_lower_bound":0.0,"R2_upper_bound":1.0,"m":1.0613207547,"m_lower_bound":1.0613207547,"m_upper_bound":null},"xnoe0":{"name":"EC-RISM\/MP2\/cc-pVTZ-P2-phi-all-2par","RMSE":1.5829367924,"RMSE_lower_bound":1.0601677016,"RMSE_upper_bound":2.0810253883,"MAE":1.4266666667,"MAE_lower_bound":0.9766666667,"MAE_upper_bound":1.9266666667,"ME":0.8888888889,"ME_lower_bound":0.0533333333,"ME_upper_bound":1.7244444444,"R2":0.8137041938,"R2_lower_bound":0.0148774194,"R2_upper_bound":0.9847726297,"m":1.4663764332,"m_lower_bound":-0.3171000697,"m_upper_bound":1.8473631831},"epvmk":{"name":"EC-RISM\/MP2\/cc-pVTZ-P2-phi-noThiols-2par","RMSE":1.7006698027,"RMSE_lower_bound":1.1682180162,"RMSE_upper_bound":2.2204654167,"MAE":1.5211111111,"MAE_lower_bound":1.0277777778,"MAE_upper_bound":2.0255555556,"ME":1.1033333333,"ME_lower_bound":0.2144444444,"ME_upper_bound":1.9066666667,"R2":0.8222899476,"R2_lower_bound":0.0117061081,"R2_upper_bound":0.9831601498,"m":1.4732215919,"m_lower_bound":-0.2941795477,"m_upper_bound":1.8722455931},"4o0ia":{"name":"EC-RISM\/MP2\/cc-pVTZ-P3NI-phi-noThiols-2par","RMSE":1.767342638,