{"nb016":{"name":"MoKa","RMSE":0.5158349681,"RMSE_lower_bound":0.2526714411,"RMSE_upper_bound":0.7133722731,"MAE":0.4285714286,"MAE_lower_bound":0.23,"MAE_upper_bound":0.65,"ME":-0.0914285714,"ME_lower_bound":-0.4671428571,"ME_upper_bound":0.3285714286,"R2":0.9216489355,"R2_lower_bound":0.0357918821,"R2_upper_bound":0.9941679161,"m":0.9906728535,"m_lower_bound":0.1343873518,"m_upper_bound":1.1731049599},"hdiyq":{"name":"S+pKa","RMSE":0.6800147057,"RMSE_lower_bound":0.4814353539,"RMSE_upper_bound":0.8337505622,"MAE":0.598,"MAE_lower_bound":0.39,"MAE_upper_bound":0.79,"ME":0.382,"ME_lower_bound":0.018,"ME_upper_bound":0.701,"R2":0.8590670774,"R2_lower_bound":0.4389296996,"R2_upper_bound":0.985583141,"m":0.9089242145,"m_lower_bound":0.4529165784,"m_upper_bound":1.243137082},"nb011":{"name":"Jaguar","RMSE":0.7212627815,"RMSE_lower_bound":0.3454706934,"RMSE_upper_bound":1.0602688338,"MAE":0.538,"MAE_lower_bound":0.275,"MAE_upper_bound":0.851,"ME":0.454,"ME_lower_bound":0.123,"ME_upper_bound":0.8,"R2":0.8625638082,"R2_lower_bound":0.2318601312,"R2_upper_bound":0.980731279,"m":0.930198074,"m_lower_bound":0.5701936413,"m_upper_bound":1.2105131915},"ftc8w":{"name":"EC-RISM\/MP2\/cc-pVTZ-P2-q-noThiols-2par","RMSE":0.7476095237,"RMSE_lower_bound":0.5152378092,"RMSE_upper_bound":0.9624707788,"MAE":0.676,"MAE_lower_bound":0.493,"MAE_upper_bound":0.898,"ME":-0.314,"ME_lower_bound":-0.68,"ME_upper_bound":0.132,"R2":0.8656618683,"R2_lower_bound":0.020697922,"R2_upper_bound":0.9917424478,"m":1.1202077126,"m_lower_bound":-0.0329349769,"m_upper_bound":1.4206796112},"6tvf8":{"name":"OE Gaussian Process","RMSE":0.7633740892,"RMSE_lower_bound":0.5464338935,"RMSE_upper_bound":0.9456426386,"MAE":0.68,"MAE_lower_bound":0.465,"MAE_upper_bound":0.897,"ME":-0.628,"ME_lower_bound":-0.883,"ME_upper_bound":-0.326,"R2":0.9151074229,"R2_lower_bound":0.7737940924,"R2_upper_bound":0.990378396,"m":0.940466458,"m_lower_bound":0.6881860071,"m_upper_bound":1.4221655167},"t8ewk":{"name":"COSMOlogic_FINE17","RMSE":0.9551846825,"RMSE_lower_bound":0.6712674579,"RMSE_upper_bound":1.1961140785,"MAE":0.8088888889,"MAE_lower_bound":0.4944444444,"MAE_upper_bound":1.1355555556,"ME":-0.7688888889,"ME_lower_bound":-1.13,"ME_upper_bound":-0.4088888889,"R2":0.8012690651,"R2_lower_bound":0.5075484901,"R2_upper_bound":0.9696305858,"m":0.9633371717,"m_lower_bound":0.7539089855,"m_upper_bound":2.3443816093},"v8qph":{"name":"ACD\/pKa GALAS","RMSE":0.9870055724,"RMSE_lower_bound":0.3929758262,"RMSE_upper_bound":1.5026376809,"MAE":0.668,"MAE_lower_bound":0.286,"MAE_upper_bound":1.172,"ME":-0.088,"ME_lower_bound":-0.749,"ME_upper_bound":0.456,"R2":0.6798441193,"R2_lower_bound":0.1224944412,"R2_upper_bound":0.9779180208,"m":0.9643060502,"m_lower_bound":-1.2555236857,"m_upper_bound":1.1581860026},"ccpmw":{"name":"ReSCoSS conformations \/\/ COSMOtherm pKa","RMSE":1.0667083325,"RMSE_lower_bound":0.7811956648,"RMSE_upper_bound":1.2712548481,"MAE":0.9466666667,"MAE_lower_bound":0.6066666667,"MAE_upper_bound":1.2322222222,"ME":-0.8311111111,"ME_lower_bound":-1.2177777778,"ME_upper_bound":-0.36,"R2":0.7387876958,"R2_lower_bound":0.4534524518,"R2_upper_bound":0.9869963998,"m":0.9512001737,"m_lower_bound":0.7107937104,"m_upper_bound":2.3317877255},"0xi4b":{"name":"EC-RISM\/B3LYP\/6-311+G(d,p)-P3NI-phi-noThiols-2par","RMSE":1.145010917,"RMSE_lower_bound":0.7674698691,"RMSE_upper_bound":1.5123855329,"MAE":0.979,"MAE_lower_bound":0.645,"MAE_upper_bound":1.386,"ME":-0.299,"ME_lower_bound":-0.925,"ME_upper_bound":0.52,"R2":0.7660768276,"R2_lower_bound":0.0203713854,"R2_upper_bound":0.9823573142,"m":1.2621523525,"m_lower_bound":-0.0109057148,"m_upper_bound":2.0924697592},"cywyk":{"name":"EC-RISM\/B3LYP\/6-311+G(d,p)-P2-phi-noThiols-2par","RMSE":1.1706323078,"RMSE_lower_bound":0.8593485905,"RMSE_upper_bound":1.4295139034,"MAE":1.058,"MAE_lower_bound":0.734,"MAE_upper_bound":1.376,"ME":-0.474,"ME_lower_bound":-1.099,"ME_upper_bound":0.236,"R2":0.7284001321,"R2_lower_bound":0.0397905286,"R2_upper_bound":0.9828312989,"m":1.1543175065,"m_lower_bound":-0.1171603963,"m_upper_bound":2.0320182812},"eyetm":{"name":"ReSCoSS conformations \/\/ DSD-BLYP-D3 reranking \/\/ COSMOtherm pKa","RMSE":1.1707215249,"RMSE_lower_bound":0.7652886166,"RMSE_upper_bound":1.5161097879,"MAE":1.0011111111,"MAE_lower_bound":0.5988888889,"MAE_upper_bound":1.4155555556,"ME":-0.8855555556,"ME_lower_bound":-1.3866666667,"ME_upper_bound":-0.3666666667,"R2":0.6725356023,"R2_lower_bound":0.2856635224,"R2_upper_bound":0.9466578981,"m":0.9255646698,"m_lower_bound":0.6456503955,"m_upper_bound":2.4826232676},"nb008":{"name":"Epik Microscopic","RMSE":1.2584911601,"RMSE_lower_bound":0.7944270172,"RMSE_upper_bound":1.7441821661,"MAE":1.0857142857,"MAE_lower_bound":0.6657142857,"MAE_upper_bound":1.6057142857,"ME":0.4657142857,"ME_lower_bound":-0.4042857143,"ME_upper_bound":1.3857142857,"R2":0.7868526127,"R2_lower_bound":0.0147951879,"R2_upper_bound":0.9913358997,"m":1.2121004895,"m_lower_bound":-0.558561812,"m_upper_bound":1.8544988432},"y4wws":{"name":"microscopic pKa prediction with Gaussian and global fitting","RMSE":1.4136725222,"RMSE_lower_bound":0.9206899587,"RMSE_upper_bound":1.8243217918,"MAE":1.215,"MAE_lower_bound":0.739,"MAE_upper_bound":1.687,"ME":-0.713,"ME_lower_bound":-1.47,"ME_upper_bound":0.026,"R2":0.8675138303,"R2_lower_bound":0.0360639882,"R2_upper_bound":0.9840211863,"m":1.5549039986,"m_lower_bound":0.3045918672,"m_upper_bound":2.0921482379},"ktpj5":{"name":"EC-RISM\/MP2\/6-311+G(d,p)-P2-phi-all-2par","RMSE":1.4558262259,"RMSE_lower_bound":0.8341522643,"RMSE_upper_bound":2.1055878039,"MAE":1.155,"MAE_lower_bound":0.684,"MAE_upper_bound":1.768,"ME":0.943,"ME_lower_bound":0.229,"ME_upper_bound":1.662,"R2":0.7731535101,"R2_lower_bound":0.0140150434,"R2_upper_bound":0.9776996555,"m":1.2799407055,"m_lower_bound":-0.1683562889,"m_upper_bound":1.6462221862},"wuuvc":{"name":"EC-RISM\/MP2\/6-311+G(d,p)-P2-phi-noThiols-2par","RMSE":1.4664310417,"RMSE_lower_bound":0.8525021994,"RMSE_upper_bound":2.0962371049,"MAE":1.18,"MAE_lower_bound":0.731,"MAE_upper_bound":1.757,"ME":0.99,"ME_lower_bound":0.347,"ME_upper_bound":1.691,"R2":0.7790940498,"R2_lower_bound":0.0108308467,"R2_upper_bound":0.9799396782,"m":1.2712742003,"m_lower_bound":-0.2413706361,"m_upper_bound":1.5886698662},"xnoe0":{"name":"EC-RISM\/MP2\/cc-pVTZ-P2-phi-all-2par","RMSE":1.5400519472,"RMSE_lower_bound":1.1105539158,"RMSE_upper_bound":2.032210619,"MAE":1.392,"MAE_lower_bound":1.033,"MAE_upper_bound":1.849,"ME":0.908,"ME_lower_bound":0.144,"ME_upper_bound":1.674,"R2":0.8151604343,"R2_lower_bound":0.0056981343,"R2_upper_bound":0.9855204324,"m":1.4651610672,"m_lower_bound":-0.1028329894,"m_upper_bound":1.801871255},"qsicn":{"name":"microscopic pKa prediction with Gaussian and separate fitting for neutral to negative and for positive to neutral transformations","RMSE":1.5753729717,"RMSE_lower_bound":1.44,"RMSE_upper_bound":1.7,"MAE":1.57,"MAE_lower_bound":1.44,"MAE_upper_bound":1.7,"ME":-1.57,"ME_lower_bound":-1.7,"ME_upper_bound":-1.44,"R2":1.0,"R2_lower_bound":0.0,"R2_upper_bound":1.0,"m":1.0613207547,"m_lower_bound":1.0613207547,"m_upper_bound":null},"epvmk":{"name":"EC-RISM\/MP2\/cc-pVTZ-P2-phi-noThiols-2par","RMSE":1.6633971264,"RMSE_lower_bound":1.2087224661,"RMSE_upper_bound":2.1941627105,"MAE":1.497,"MAE_lower_bound":1.09,"MAE_upper_bound":2.032,"ME":1.121,"ME_lower_bound":0.347,"ME_upper_bound":1.948,"R2":0.823585738,"R2_lower_bound":0.0155909142,"R2_upper_bound":0.9794095764,"m":1.4716144803,"m_lower_bound":-0.4266488162,"m_upper_bound":1.8100271211},"4o0ia":{"name":"EC-RISM\/MP2\/cc-pVTZ-P3NI-phi-noThiols-2par","RMSE":1.7255607784,"RMSE_lower_bound":1.3331954095,"RMSE_upper_bound":2.1852986066,"MAE":1.618,"MAE_lower_bound":1.292,"MAE_upper_bound":2.041,"ME":1.314,"ME_lower_bound":0.54,"ME_upper_bound":1.958,"R2":0.8748182142,"R2_lower_bound":0.0257254036,"R2_upper_bound":0.992805472,"m":1.4975585549,"m_lower_bound":-0.0478342581,"m_upper_bound":1.8458204014},