{"nb016":{"name":"MoKa","RMSE":0.5158349681,"RMSE_lower_bound":0.252445185,"RMSE_upper_bound":0.7083078427,"MAE":0.4285714286,"MAE_lower_bound":0.2285714286,"MAE_upper_bound":0.65,"ME":-0.0914285714,"ME_lower_bound":-0.4457142857,"ME_upper_bound":0.3028571429,"R2":0.9216489355,"R2_lower_bound":0.0611666183,"R2_upper_bound":0.9941679161,"m":0.9906728535,"m_lower_bound":0.1599732994,"m_upper_bound":1.1589844988},"hdiyq":{"name":"S+pKa","RMSE":0.6800147057,"RMSE_lower_bound":0.4847060965,"RMSE_upper_bound":0.8360382766,"MAE":0.598,"MAE_lower_bound":0.393,"MAE_upper_bound":0.794,"ME":0.382,"ME_lower_bound":0.01,"ME_upper_bound":0.704,"R2":0.8590670774,"R2_lower_bound":0.4692933456,"R2_upper_bound":0.9845198393,"m":0.9089242145,"m_lower_bound":0.4466948146,"m_upper_bound":1.2508484214},"nb011":{"name":"Jaguar","RMSE":0.7212627815,"RMSE_lower_bound":0.3502427729,"RMSE_upper_bound":1.0755649678,"MAE":0.538,"MAE_lower_bound":0.281,"MAE_upper_bound":0.868,"ME":0.454,"ME_lower_bound":0.134,"ME_upper_bound":0.829,"R2":0.8625638082,"R2_lower_bound":0.178704286,"R2_upper_bound":0.9798083752,"m":0.930198074,"m_lower_bound":0.495219685,"m_upper_bound":1.2082182504},"ftc8w":{"name":"EC-RISM\/MP2\/cc-pVTZ-P2-q-noThiols-2par","RMSE":0.7476095237,"RMSE_lower_bound":0.5168558793,"RMSE_upper_bound":0.9590568283,"MAE":0.676,"MAE_lower_bound":0.493,"MAE_upper_bound":0.886,"ME":-0.314,"ME_lower_bound":-0.683,"ME_upper_bound":0.155,"R2":0.8656618683,"R2_lower_bound":0.0167672607,"R2_upper_bound":0.990721826,"m":1.1202077126,"m_lower_bound":-0.1359664939,"m_upper_bound":1.3961222847},"6tvf8":{"name":"OE Gaussian Process","RMSE":0.7633740892,"RMSE_lower_bound":0.5503453461,"RMSE_upper_bound":0.9455580363,"MAE":0.68,"MAE_lower_bound":0.468,"MAE_upper_bound":0.893,"ME":-0.628,"ME_lower_bound":-0.885,"ME_upper_bound":-0.35,"R2":0.9151074229,"R2_lower_bound":0.7880539465,"R2_upper_bound":0.9899655681,"m":0.940466458,"m_lower_bound":0.6916539241,"m_upper_bound":1.4052000909},"t8ewk":{"name":"COSMOlogic_FINE17","RMSE":0.9551846825,"RMSE_lower_bound":0.6526356819,"RMSE_upper_bound":1.1949941887,"MAE":0.8088888889,"MAE_lower_bound":0.4688888889,"MAE_upper_bound":1.1288888889,"ME":-0.7688888889,"ME_lower_bound":-1.1188888889,"ME_upper_bound":-0.3833333333,"R2":0.8012690651,"R2_lower_bound":0.5183346562,"R2_upper_bound":0.964792197,"m":0.9633371717,"m_lower_bound":0.7577585404,"m_upper_bound":2.2433913604},"v8qph":{"name":"ACD\/pKa GALAS","RMSE":0.9870055724,"RMSE_lower_bound":0.3986853396,"RMSE_upper_bound":1.5166278383,"MAE":0.668,"MAE_lower_bound":0.287,"MAE_upper_bound":1.17,"ME":-0.088,"ME_lower_bound":-0.739,"ME_upper_bound":0.462,"R2":0.6798441193,"R2_lower_bound":0.0953711351,"R2_upper_bound":0.9740772229,"m":0.9643060502,"m_lower_bound":-1.2949920644,"m_upper_bound":1.1580560453},"ccpmw":{"name":"ReSCoSS conformations \/\/ COSMOtherm pKa","RMSE":1.0667083325,"RMSE_lower_bound":0.7718016441,"RMSE_upper_bound":1.2734816668,"MAE":0.9466666667,"MAE_lower_bound":0.5988888889,"MAE_upper_bound":1.26,"ME":-0.8311111111,"ME_lower_bound":-1.2588888889,"ME_upper_bound":-0.3711111111,"R2":0.7387876958,"R2_lower_bound":0.4452361633,"R2_upper_bound":0.9868468006,"m":0.9512001737,"m_lower_bound":0.7039225138,"m_upper_bound":2.3275297792},"0xi4b":{"name":"EC-RISM\/B3LYP\/6-311+G(d,p)-P3NI-phi-noThiols-2par","RMSE":1.145010917,"RMSE_lower_bound":0.7405605985,"RMSE_upper_bound":1.50491528,"MAE":0.979,"MAE_lower_bound":0.623,"MAE_upper_bound":1.362,"ME":-0.299,"ME_lower_bound":-0.924,"ME_upper_bound":0.455,"R2":0.7660768276,"R2_lower_bound":0.0260143455,"R2_upper_bound":0.9803170213,"m":1.2621523525,"m_lower_bound":0.0827617809,"m_upper_bound":2.089297255},"cywyk":{"name":"EC-RISM\/B3LYP\/6-311+G(d,p)-P2-phi-noThiols-2par","RMSE":1.1706323078,"RMSE_lower_bound":0.8794032067,"RMSE_upper_bound":1.4170638659,"MAE":1.058,"MAE_lower_bound":0.738,"MAE_upper_bound":1.363,"ME":-0.474,"ME_lower_bound":-1.093,"ME_upper_bound":0.244,"R2":0.7284001321,"R2_lower_bound":0.0199332282,"R2_upper_bound":0.9816461548,"m":1.1543175065,"m_lower_bound":-0.0678049437,"m_upper_bound":2.0166644018},"eyetm":{"name":"ReSCoSS conformations \/\/ DSD-BLYP-D3 reranking \/\/ COSMOtherm pKa","RMSE":1.1707215249,"RMSE_lower_bound":0.7722046361,"RMSE_upper_bound":1.508774337,"MAE":1.0011111111,"MAE_lower_bound":0.6122222222,"MAE_upper_bound":1.3977777778,"ME":-0.8855555556,"ME_lower_bound":-1.3722222222,"ME_upper_bound":-0.3677777778,"R2":0.6725356023,"R2_lower_bound":0.303778264,"R2_upper_bound":0.9511748523,"m":0.9255646698,"m_lower_bound":0.6471647556,"m_upper_bound":2.5423204762},"nb008":{"name":"Epik Microscopic","RMSE":1.2584911601,"RMSE_lower_bound":0.7463626082,"RMSE_upper_bound":1.7211167471,"MAE":1.0857142857,"MAE_lower_bound":0.6357142857,"MAE_upper_bound":1.5957142857,"ME":0.4657142857,"ME_lower_bound":-0.4042857143,"ME_upper_bound":1.33,"R2":0.7868526127,"R2_lower_bound":0.0147729466,"R2_upper_bound":0.9909587202,"m":1.2121004895,"m_lower_bound":-0.5623626729,"m_upper_bound":1.8508565875},"y4wws":{"name":"microscopic pKa prediction with Gaussian and global fitting","RMSE":1.4136725222,"RMSE_lower_bound":0.9566504064,"RMSE_upper_bound":1.8004915995,"MAE":1.215,"MAE_lower_bound":0.777,"MAE_upper_bound":1.657,"ME":-0.713,"ME_lower_bound":-1.433,"ME_upper_bound":0.055,"R2":0.8675138303,"R2_lower_bound":0.0554038732,"R2_upper_bound":0.9837936129,"m":1.5549039986,"m_lower_bound":0.3957715134,"m_upper_bound":2.0172035139},"ktpj5":{"name":"EC-RISM\/MP2\/6-311+G(d,p)-P2-phi-all-2par","RMSE":1.4558262259,"RMSE_lower_bound":0.8235047055,"RMSE_upper_bound":2.0888226349,"MAE":1.155,"MAE_lower_bound":0.664,"MAE_upper_bound":1.758,"ME":0.943,"ME_lower_bound":0.295,"ME_upper_bound":1.665,"R2":0.7731535101,"R2_lower_bound":0.0140150434,"R2_upper_bound":0.9743334318,"m":1.2799407055,"m_lower_bound":-0.2839836095,"m_upper_bound":1.5909385498},"wuuvc":{"name":"EC-RISM\/MP2\/6-311+G(d,p)-P2-phi-noThiols-2par","RMSE":1.4664310417,"RMSE_lower_bound":0.826837348,"RMSE_upper_bound":2.1069076866,"MAE":1.18,"MAE_lower_bound":0.7,"MAE_upper_bound":1.789,"ME":0.99,"ME_lower_bound":0.351,"ME_upper_bound":1.715,"R2":0.7790940498,"R2_lower_bound":0.0166831354,"R2_upper_bound":0.9774600944,"m":1.2712742003,"m_lower_bound":-0.2975960542,"m_upper_bound":1.5873173938},"xnoe0":{"name":"EC-RISM\/MP2\/cc-pVTZ-P2-phi-all-2par","RMSE":1.5400519472,"RMSE_lower_bound":1.0901513656,"RMSE_upper_bound":2.0088827741,"MAE":1.392,"MAE_lower_bound":1.015,"MAE_upper_bound":1.833,"ME":0.908,"ME_lower_bound":0.098,"ME_upper_bound":1.633,"R2":0.8151604343,"R2_lower_bound":0.0155520297,"R2_upper_bound":0.9811586401,"m":1.4651610672,"m_lower_bound":-0.1565659313,"m_upper_bound":1.8001984331},"qsicn":{"name":"microscopic pKa prediction with Gaussian and separate fitting for neutral to negative and for positive to neutral transformations","RMSE":1.5753729717,"RMSE_lower_bound":1.44,"RMSE_upper_bound":1.7,"MAE":1.57,"MAE_lower_bound":1.44,"MAE_upper_bound":1.7,"ME":-1.57,"ME_lower_bound":-1.7,"ME_upper_bound":-1.44,"R2":1.0,"R2_lower_bound":0.0,"R2_upper_bound":1.0,"m":1.0613207547,"m_lower_bound":1.0613207547,"m_upper_bound":null},"epvmk":{"name":"EC-RISM\/MP2\/cc-pVTZ-P2-phi-noThiols-2par","RMSE":1.6633971264,"RMSE_lower_bound":1.2001374921,"RMSE_upper_bound":2.157046592,"MAE":1.497,"MAE_lower_bound":1.078,"MAE_upper_bound":1.977,"ME":1.121,"ME_lower_bound":0.324,"ME_upper_bound":1.834,"R2":0.823585738,"R2_lower_bound":0.013502102,"R2_upper_bound":0.9824550287,"m":1.4716144803,"m_lower_bound":-0.2429564344,"m_upper_bound":1.8100271211},"4o0ia":{"name":"EC-RISM\/MP2\/cc-pVTZ-P3NI-phi-noThiols-2par","RMSE":1.7255607784,"RMSE_lower_bound":1.3328690858,"RMSE_upper_bound":2.1731566902,"MAE":1.618,"MAE_lower_bound":1.288,"MAE_upper_bound":2.024,"ME":1.314,"ME_lower_bound":0.548,"ME_upper_bound":1.938,"R2":0.8748182142,"R2_lower_bound":0.0288255321,"R2_upper_bound":0.9910044044,"m":1.4975585549,"m_lower_bound":0.0965428131,"m_upper_bound":1.8337993637},