{"xvxzd":{"name":"Full quantum chemical calculation of free energies and fit to experimental pKa","RMSE":0.6800760607,"RMSE_lower_bound":0.5438749856,"RMSE_upper_bound":0.8125587512,"MAE":0.5786206897,"MAE_lower_bound":0.45,"MAE_upper_bound":0.7120689655,"ME":-0.2351724138,"ME_lower_bound":-0.4593103448,"ME_upper_bound":0.0055172414,"R2":0.9373019916,"R2_lower_bound":0.8783255968,"R2_upper_bound":0.9725608528,"m":1.0153730965,"m_lower_bound":0.9136500587,"m_upper_bound":1.1130306199},"gyuhx":{"name":"S+pKa","RMSE":0.7299817349,"RMSE_lower_bound":0.5463637372,"RMSE_upper_bound":0.9111201897,"MAE":0.5786666667,"MAE_lower_bound":0.4253333333,"MAE_upper_bound":0.7413333333,"ME":-0.0093333333,"ME_lower_bound":-0.2636666667,"ME_upper_bound":0.2643333333,"R2":0.9251270636,"R2_lower_bound":0.8687090216,"R2_upper_bound":0.964007047,"m":0.9285751767,"m_lower_bound":0.8149247278,"m_upper_bound":1.0325393704},"xmyhm":{"name":"ACD\/pKa Classic","RMSE":0.7739142933,"RMSE_lower_bound":0.4938927009,"RMSE_upper_bound":1.030782874,"MAE":0.5456666667,"MAE_lower_bound":0.365,"MAE_upper_bound":0.757,"ME":-0.1016666667,"ME_lower_bound":-0.3723333333,"ME_upper_bound":0.18,"R2":0.9158505204,"R2_lower_bound":0.8336542093,"R2_upper_bound":0.9688128786,"m":0.9337188439,"m_lower_bound":0.816883747,"m_upper_bound":1.0428863617},"yqkga":{"name":"ReSCoSS conformations \/\/ COSMOtherm pKa","RMSE":0.9025944087,"RMSE_lower_bound":0.6830617346,"RMSE_upper_bound":1.1190963617,"MAE":0.7096666667,"MAE_lower_bound":0.518,"MAE_upper_bound":0.9156666667,"ME":0.2883333333,"ME_lower_bound":-0.0256666667,"ME_upper_bound":0.5816666667,"R2":0.9006140699,"R2_lower_bound":0.8228138831,"R2_upper_bound":0.9535243873,"m":0.9007532278,"m_lower_bound":0.7756434799,"m_upper_bound":1.0367040387},"nb007":{"name":"Epik-sequential","RMSE":0.9682075224,"RMSE_lower_bound":0.7675684271,"RMSE_upper_bound":1.1696801327,"MAE":0.8103225806,"MAE_lower_bound":0.634516129,"MAE_upper_bound":1.0022580645,"ME":-0.0251612903,"ME_lower_bound":-0.3567741935,"ME_upper_bound":0.3312903226,"R2":0.8706802643,"R2_lower_bound":0.7615203143,"R2_upper_bound":0.9338573369,"m":0.9966595086,"m_lower_bound":0.8534685015,"m_upper_bound":1.1169036591},"8xt50":{"name":"ReSCoSS conformations \/\/ DSD-BLYP-D3 reranking \/\/ COSMOtherm pKa","RMSE":1.0714295545,"RMSE_lower_bound":0.7871221572,"RMSE_upper_bound":1.3620951603,"MAE":0.8141935484,"MAE_lower_bound":0.5822580645,"MAE_upper_bound":1.0783870968,"ME":0.4748387097,"ME_lower_bound":0.1467741935,"ME_upper_bound":0.8196774194,"R2":0.9055345285,"R2_lower_bound":0.8421998993,"R2_upper_bound":0.9517181928,"m":0.8399273238,"m_lower_bound":0.7475822276,"m_upper_bound":0.9554685547},"p0jba":{"name":"macroscopic pKa prediction from microscopic pKa predicted with Gaussian and separate fitting for neutral to negative and for positive to neutral transformations","RMSE":1.314747124,"RMSE_lower_bound":0.6874881817,"RMSE_upper_bound":1.72756476,"MAE":1.084,"MAE_lower_bound":0.428,"MAE_upper_bound":1.72,"ME":0.924,"ME_lower_bound":0.108,"ME_upper_bound":1.72,"R2":0.9099462335,"R2_lower_bound":0.5085281288,"R2_upper_bound":1.0,"m":0.7681553016,"m_lower_bound":0.5582524272,"m_upper_bound":1.5164498996},"37xm8":{"name":"ACD\/pKa GALAS","RMSE":1.3576704186,"RMSE_lower_bound":0.8407775547,"RMSE_upper_bound":1.8196267143,"MAE":0.9551724138,"MAE_lower_bound":0.6327586207,"MAE_upper_bound":1.3362068966,"ME":0.1013793103,"ME_lower_bound":-0.3893103448,"ME_upper_bound":0.6093103448,"R2":0.8536244441,"R2_lower_bound":0.7288548426,"R2_upper_bound":0.9384036646,"m":0.7290520243,"m_lower_bound":0.5980475036,"m_upper_bound":0.880625933},"hytjn":{"name":"OE Gaussian Process","RMSE":1.4336741012,"RMSE_lower_bound":0.9827439719,"RMSE_upper_bound":1.8196810945,"MAE":1.0335714286,"MAE_lower_bound":0.6821428571,"MAE_upper_bound":1.4103571429,"ME":-0.24,"ME_lower_bound":-0.7728571429,"ME_upper_bound":0.2896428571,"R2":0.6754901214,"R2_lower_bound":0.4123573251,"R2_upper_bound":0.8526835397,"m":0.7951789196,"m_lower_bound":0.5966356225,"m_upper_bound":1.0017455869},"q3pfp":{"name":"OE Gaussian Process Resampled","RMSE":1.4837416506,"RMSE_lower_bound":1.0652682425,"RMSE_upper_bound":1.8758845533,"MAE":1.1403571429,"MAE_lower_bound":0.8107142857,"MAE_upper_bound":1.5117857143,"ME":-0.0903571429,"ME_lower_bound":-0.6396428571,"ME_upper_bound":0.4460714286,"R2":0.6668527012,"R2_lower_bound":0.432564414,"R2_upper_bound":0.8379845788,"m":0.7522649239,"m_lower_bound":0.5690068509,"m_upper_bound":0.9683020377},"mkhqa":{"name":"EC-RISM\/MP2\/cc-pVTZ-P2-phi-all-2par","RMSE":1.59610817,"RMSE_lower_bound":1.1277511164,"RMSE_upper_bound":2.0513355209,"MAE":1.2387096774,"MAE_lower_bound":0.9041935484,"MAE_upper_bound":1.6167741935,"ME":0.3161290323,"ME_lower_bound":-0.2093548387,"ME_upper_bound":0.8809677419,"R2":0.8031710687,"R2_lower_bound":0.6710782038,"R2_upper_bound":0.9037129684,"m":0.704667184,"m_lower_bound":0.5668152358,"m_upper_bound":0.8353173895},"2ii2g":{"name":"EC-RISM\/MP2\/cc-pVTZ-P2-q-noThiols-2par","RMSE":1.6829448397,"RMSE_lower_bound":1.203054446,"RMSE_upper_bound":2.1431130006,"MAE":1.3043333333,"MAE_lower_bound":0.9503333333,"MAE_upper_bound":1.7063333333,"ME":1.061,"ME_lower_bound":0.613,"ME_upper_bound":1.5466666667,"R2":0.8366160062,"R2_lower_bound":0.7298439258,"R2_upper_bound":0.9152376986,"m":0.7798640061,"m_lower_bound":0.6409555632,"m_upper_bound":0.9250919332},"nb001":{"name":"EC-RISM\/MP2\/6-311+G(d,p)-P2-phi-all-2par","RMSE":1.7019361523,"RMSE_lower_bound":1.0667020827,"RMSE_upper_bound":2.3952988679,"MAE":1.2186666667,"MAE_lower_bound":0.8466666667,"MAE_upper_bound":1.696,"ME":-0.422,"ME_lower_bound":-1.0363333333,"ME_upper_bound":0.1356666667,"R2":0.7920874494,"R2_lower_bound":0.6867326366,"R2_upper_bound":0.8981911759,"m":0.6644257909,"m_lower_bound":0.5145879049,"m_upper_bound":0.8525926391},"35bdm":{"name":"macroscopic pKa prediction from microscopic pKa predicted with Gaussian and global fitting","RMSE":1.718644815,"RMSE_lower_bound":0.6645750522,"RMSE_upper_bound":2.3379093225,"MAE":1.442,"MAE_lower_bound":0.622,"MAE_upper_bound":2.262,"ME":1.006,"ME_lower_bound":-0.134,"ME_upper_bound":2.146,"R2":0.9187503813,"R2_lower_bound":0.4568461698,"R2_upper_bound":1.0,"m":0.6353542689,"m_lower_bound":0.3938418058,"m_upper_bound":0.8062554109},"nb002":{"name":"EC-RISM\/MP2\/6-311+G(d,p)-P2-phi-noThiols-2par","RMSE":1.7196598501,"RMSE_lower_bound":1.0816592193,"RMSE_upper_bound":2.417198792,"MAE":1.2503333333,"MAE_lower_bound":0.878,"MAE_upper_bound":1.723,"ME":-0.467,"ME_lower_bound":-1.1016666667,"ME_upper_bound":0.099,"R2":0.794416453,"R2_lower_bound":0.683799389,"R2_upper_bound":0.9001526861,"m":0.6617854164,"m_lower_bound":0.5153597452,"m_upper_bound":0.8487898041},"ryzue":{"name":"Adiabatic scheme with single point correction for type III submission","RMSE":1.7448056243,"RMSE_lower_bound":1.3707504028,"RMSE_upper_bound":2.0994618358,"MAE":1.436,"MAE_lower_bound":1.096,"MAE_upper_bound":1.79,"ME":-1.2266666667,"ME_lower_bound":-1.655,"ME_upper_bound":-0.7846666667,"R2":0.9221684516,"R2_lower_bound":0.8616399868,"R2_upper_bound":0.9618340105,"m":0.709662576,"m_lower_bound":0.6409956794,"m_upper_bound":0.7951100579},"yc70m":{"name":"PCM\/B3LYP\/6-311+G(d,p)","RMSE":1.8777269825,"RMSE_lower_bound":1.5853292925,"RMSE_upper_bound":2.1525301872,"MAE":1.674137931,"MAE_lower_bound":1.3579310345,"MAE_upper_bound":1.9806896552,"ME":0.6879310345,"ME_lower_bound":0.0355172414,"ME_upper_bound":1.2986206897,"R2":0.5313500782,"R2_lower_bound":0.3356121925,"R2_upper_bound":0.725850173,"m":0.7930080409,"m_lower_bound":0.5775434269,"m_upper_bound":1.085643255},"5byn6":{"name":"Adiabatic scheme for type III submission","RMSE":1.8907635142,"RMSE_lower_bound":1.4851015678,"RMSE_upper_bound":2.2781505657,"MAE":1.5533333333,"MAE_lower_bound":1.1833333333,"MAE_upper_bound":1.9513333333,"ME":-1.2733333333,"ME_lower_bound":-1.7723333333,"ME_upper_bound":-0.778,"R2":0.9121300058,"R2_lower_bound":0.8388110686,