,MAE,MAE_lower_CI,MAE_upper_CI,Molecule ID,RMSE,RMSE_lower_CI,RMSE_upper_CI
7,2.046142857142857,1.3650000000000004,2.8694285714285717,SM15,3.8738760581987797,2.0658104601203995,5.4029482692322714
6,2.953692307692308,2.0861538461538465,3.9810769230769227,SM14,4.891836370620248,3.2482163152673857,6.391780298525239
3,3.1715625000000003,1.4865625,5.241249999999999,SM09,6.393941223924411,2.521343267982367,9.204767277068987
5,3.7373529411764705,1.641470588235294,6.403529411764706,SM13,8.025226220011055,3.4337815717300573,11.499773143542493
4,4.149032258064517,1.7412903225806453,7.17225806451613,SM12,8.950381502051075,3.7210239659049105,12.758264114910245
2,4.2725,2.2371875,6.8109375,SM07,7.904989721688447,3.7133147254171712,11.267913654488128
0,5.480882352941176,2.071764705882353,9.99029411764706,SM02,13.288285088311257,5.8132703158124235,18.93865608002973
1,5.586470588235294,2.0920588235294115,10.092941176470589,SM04,13.561002695879353,5.9642397572828125,19.185720716505926
