,MAE,MAE_lower_CI,MAE_upper_CI,Molecule ID,RMSE,RMSE_lower_CI,RMSE_upper_CI
7,2.046142857142857,1.3631428571428574,2.896571428571429,SM15,3.8738760581987797,2.060159147805265,5.434313861276062
6,2.953692307692308,2.0653846153846156,3.969384615384616,SM14,4.891836370620248,3.234515776386368,6.35057671517986
3,3.1715625000000003,1.489375,5.3071874999999995,SM09,6.393941223924411,2.529166117517788,9.186774801310849
5,3.7373529411764705,1.6199999999999999,6.3414705882352935,SM13,8.025226220011055,3.405641513378509,11.47021270124337
4,4.149032258064517,1.7470967741935486,7.271935483870968,SM12,8.950381502051075,3.714050479966843,12.838890264575301
2,4.2725,2.2046875,6.8015625,SM07,7.904989721688447,3.6436653077635985,11.23321734299662
0,5.480882352941176,2.0438235294117644,9.93294117647059,SM02,13.288285088311257,5.797871059581215,18.850485326877493
1,5.586470588235294,2.0717647058823525,10.087941176470586,SM04,13.561002695879353,5.958985306438751,19.181774897941384
