,MAE,MAE_lower_CI,MAE_upper_CI,Molecule ID,RMSE,RMSE_lower_CI,RMSE_upper_CI
7,2.046142857142857,1.3642857142857143,2.9052857142857142,SM15,3.8738760581987797,2.0400483187555003,5.456932419278384
6,2.953692307692308,2.0775384615384613,3.9641538461538466,SM14,4.891836370620248,3.2554338007044823,6.336190920783194
3,3.1715625000000003,1.48,5.3325,SM09,6.393941223924411,2.517946832242492,9.28194534432303
5,3.7373529411764705,1.6323529411764701,6.466176470588235,SM13,8.025226220011055,3.448274931034357,11.582163010422535
4,4.149032258064517,1.7390322580645163,7.191290322580645,SM12,8.950381502051075,3.712761775282653,12.748099415586525
2,4.2725,2.2159375,6.7384375,SM07,7.904989721688447,3.6756993382212317,11.108348493363
0,5.480882352941176,2.0564705882352943,9.954411764705881,SM02,13.288285088311257,5.801823749781563,18.930232200807012
1,5.586470588235294,2.0808823529411766,10.194411764705883,SM04,13.561002695879353,5.960643717704638,19.359105320843973
