,MAE,MAE_lower_CI,MAE_upper_CI,Molecule ID,RMSE,RMSE_lower_CI,RMSE_upper_CI
7,2.046142857142857,1.3617142857142859,2.9002857142857152,SM15,3.8738760581987797,2.034992453478461,5.456424260840218
6,2.953692307692308,2.0624615384615383,3.953230769230769,SM14,4.891836370620248,3.2421759075325656,6.351600525125083
3,3.1715625000000003,1.4849999999999999,5.303437499999999,SM09,6.393941223924411,2.5186963393787667,9.206573568651912
5,3.7373529411764705,1.614705882352941,6.329411764705883,SM13,8.025226220011055,3.4668162203789157,11.425377069334322
4,4.149032258064517,1.7570967741935486,7.275806451612904,SM12,8.950381502051075,3.727011688877868,12.831459449840585
2,4.2725,2.2409375000000002,6.7640625,SM07,7.904989721688447,3.718467426238934,11.170945293483449
0,5.480882352941176,2.042058823529412,10.016764705882352,SM02,13.288285088311257,5.793243529166998,19.01139488028476
1,5.586470588235294,2.10735294117647,10.171176470588236,SM04,13.561002695879353,5.965481588961221,19.365404189217553
