,MAE,MAE_lower_CI,MAE_upper_CI,Molecule ID,RMSE,RMSE_lower_CI,RMSE_upper_CI
7,2.046142857142857,1.3761428571428573,2.8852857142857142,SM15,3.8738760581987797,2.075161267399304,5.408797331332407
6,2.953692307692308,2.073846153846154,3.9675384615384623,SM14,4.891836370620248,3.2424420995957313,6.332299497266134
3,3.1715625000000003,1.4903125,5.274062499999999,SM09,6.393941223924411,2.5166892934965173,9.249767057877728
5,3.7373529411764705,1.628235294117647,6.365000000000001,SM13,8.025226220011055,3.4162711870589857,11.474982122246741
4,4.149032258064517,1.7180645161290327,7.1319354838709685,SM12,8.950381502051075,3.7101486797440413,12.718765029316634
2,4.2725,2.2296875,6.8421875,SM07,7.904989721688447,3.6930153668784,11.210842129385284
0,5.480882352941176,2.0373529411764713,9.976764705882353,SM02,13.288285088311257,5.794502465572812,18.937742349449092
1,5.586470588235294,2.0688235294117643,10.152647058823527,SM04,13.561002695879353,5.9552571930433125,19.289433712298983
