,MAE,MAE_lower_CI,MAE_upper_CI,Molecule ID,RMSE,RMSE_lower_CI,RMSE_upper_CI
7,2.046142857142857,1.361285714285714,2.8994285714285715,SM15,3.8738760581987797,2.011191899631375,5.447788804381357
6,2.953692307692308,2.0707692307692307,3.9655384615384612,SM14,4.891836370620248,3.266632469732047,6.320838551964447
3,3.1715625000000003,1.4709375000000002,5.24,SM09,6.393941223924411,2.497581955612268,9.11650169335804
5,3.7373529411764705,1.6547058823529412,6.37735294117647,SM13,8.025226220011055,3.475618861524985,11.458309083753306
4,4.149032258064517,1.7125806451612908,7.219354838709677,SM12,8.950381502051075,3.7046483442883904,12.771739341469967
2,4.2725,2.2106250000000003,6.7465625000000005,SM07,7.904989721688447,3.6982107160084863,11.165014694347697
0,5.480882352941176,2.031176470588235,9.915882352941177,SM02,13.288285088311257,5.793313590074437,18.847627717785475
1,5.586470588235294,2.0811764705882347,10.128235294117648,SM04,13.561002695879353,5.962671627817221,19.314352937951732
