,MAE,MAE_lower_CI,MAE_upper_CI,Molecule ID,RMSE,RMSE_lower_CI,RMSE_upper_CI
7,2.046142857142857,1.3647142857142862,2.8855714285714287,SM15,3.8738760581987797,2.0818364145971837,5.452890845361622
6,2.953692307692308,2.0929230769230767,4.007692307692308,SM14,4.891836370620248,3.2916418629380315,6.407008782455471
3,3.1715625000000003,1.4775,5.2828125,SM09,6.393941223924411,2.5061998124650797,9.24504191445339
5,3.7373529411764705,1.606470588235294,6.408235294117646,SM13,8.025226220011055,3.383873954682188,11.557007805299982
4,4.149032258064517,1.726451612903226,7.153225806451612,SM12,8.950381502051075,3.7103156113036895,12.68502889490269
2,4.2725,2.2275,6.867812499999999,SM07,7.904989721688447,3.6808117311267092,11.271726936232975
0,5.480882352941176,2.065294117647059,9.949117647058824,SM02,13.288285088311257,5.80300632025687,18.93306600197903
1,5.586470588235294,2.0823529411764703,10.13735294117647,SM04,13.561002695879353,5.9627024567921625,19.24749716349696
