,MAE,MAE_lower_CI,MAE_upper_CI,Molecule ID,RMSE,RMSE_lower_CI,RMSE_upper_CI
7,2.046142857142857,1.3724285714285722,2.9120000000000004,SM15,3.8738760581987797,2.032088299543811,5.449304411705091
6,2.953692307692308,2.0778461538461537,3.9513846153846157,SM14,4.891836370620248,3.257869053419853,6.342156512635843
3,3.1715625000000003,1.5084375,5.274375,SM09,6.393941223924411,2.5341381671092837,9.233668352827062
5,3.7373529411764705,1.6555882352941178,6.340294117647058,SM13,8.025226220011055,3.5128926408136003,11.43802057638831
4,4.149032258064517,1.7716129032258066,7.222580645161291,SM12,8.950381502051075,3.7411215327199203,12.776406935971805
2,4.2725,2.2165625,6.7971875,SM07,7.904989721688447,3.686093799674664,11.191220889608068
0,5.480882352941176,2.0620588235294117,9.878823529411765,SM02,13.288285088311257,5.8044997757824754,18.843444249299825
1,5.586470588235294,2.090294117647059,10.036470588235296,SM04,13.561002695879353,5.961011560425748,19.176421260311873
