,MAE,MAE_lower_CI,MAE_upper_CI,Molecule ID,RMSE,RMSE_lower_CI,RMSE_upper_CI
7,2.046142857142857,1.3545714285714285,2.9024285714285716,SM15,3.8738760581987797,2.0170395562379464,5.453562400591274
6,2.953692307692308,2.076,3.977846153846154,SM14,4.891836370620248,3.267661596263038,6.367174352157262
3,3.1715625000000003,1.5071875000000001,5.240625,SM09,6.393941223924411,2.5455224169117034,9.178359228369743
5,3.7373529411764705,1.6405882352941177,6.330588235294117,SM13,8.025226220011055,3.432422828060121,11.46981563008906
4,4.149032258064517,1.7461290322580643,7.204516129032259,SM12,8.950381502051075,3.723764571055099,12.731611154156617
2,4.2725,2.2025,6.8771875,SM07,7.904989721688447,3.640796616126751,11.263722048017696
0,5.480882352941176,2.0149999999999997,10.067941176470589,SM02,13.288285088311257,5.78738435280212,19.078059002270585
1,5.586470588235294,2.0626470588235297,10.157058823529413,SM04,13.561002695879353,5.953601480468381,19.320111435557326
