,MAE,MAE_lower_CI,MAE_upper_CI,Molecule ID,RMSE,RMSE_lower_CI,RMSE_upper_CI
7,2.046142857142857,1.3562857142857148,2.904142857142858,SM15,3.8738760581987797,2.012893439802515,5.45907946190826
6,2.953692307692308,2.0695384615384618,3.9553846153846157,SM14,4.891836370620248,3.2547439932410143,6.3192865955678155
3,3.1715625000000003,1.5109375,5.2278125,SM09,6.393941223924411,2.5427034087757856,9.19732433917604
5,3.7373529411764705,1.6273529411764704,6.376764705882352,SM13,8.025226220011055,3.3952601043912063,11.490537923209073
4,4.149032258064517,1.7354838709677423,7.1493548387096775,SM12,8.950381502051075,3.7128777639888146,12.715659509997646
2,4.2725,2.2115625000000003,6.8015625,SM07,7.904989721688447,3.6588608199820887,11.167309014485092
0,5.480882352941176,2.0288235294117647,9.976764705882355,SM02,13.288285088311257,5.788864055997819,18.98469577131569
1,5.586470588235294,2.090882352941176,10.172647058823529,SM04,13.561002695879353,5.960764854199403,19.38797421386894
