{"nb011":{"name":"Jaguar","RMSE":0.4682706689,"RMSE_lower_bound":0.3001666204,"RMSE_upper_bound":0.6453981017,"MAE":0.3290322581,"MAE_lower_bound":0.2229032258,"MAE_upper_bound":0.4551612903,"ME":-0.0187096774,"ME_lower_bound":-0.1858064516,"ME_upper_bound":0.1574193548,"R2":0.971344346,"R2_lower_bound":0.9349780877,"R2_upper_bound":0.9901726305,"m":1.0103771151,"m_lower_bound":0.9633387175,"m_upper_bound":1.0600463727},"4o0ia":{"name":"EC-RISM\/MP2\/cc-pVTZ-P3NI-phi-noThiols-2par","RMSE":0.6638232373,"RMSE_lower_bound":0.4460616188,"RMSE_upper_bound":0.8655000419,"MAE":0.465483871,"MAE_lower_bound":0.3167741935,"MAE_upper_bound":0.6406451613,"ME":0.0029032258,"ME_lower_bound":-0.2435483871,"ME_upper_bound":0.235483871,"R2":0.9399215806,"R2_lower_bound":0.8800522102,"R2_upper_bound":0.977839069,"m":0.9665817004,"m_lower_bound":0.8655398601,"m_upper_bound":1.047267865},"nb008":{"name":"Epik Microscopic","RMSE":0.7606554191,"RMSE_lower_bound":0.4742010825,"RMSE_upper_bound":0.9999299975,"MAE":0.523,"MAE_lower_bound":0.342,"MAE_upper_bound":0.7313333333,"ME":-0.0843333333,"ME_lower_bound":-0.3873333333,"ME_upper_bound":0.1656666667,"R2":0.9300418845,"R2_lower_bound":0.8507213276,"R2_upper_bound":0.978002868,"m":0.8529269779,"m_lower_bound":0.7859125395,"m_upper_bound":0.9258495887},"0xi4b":{"name":"EC-RISM\/B3LYP\/6-311+G(d,p)-P3NI-phi-noThiols-2par","RMSE":0.8527743769,"RMSE_lower_bound":0.5863416681,"RMSE_upper_bound":1.0846594889,"MAE":0.6327586207,"MAE_lower_bound":0.4255172414,"MAE_upper_bound":0.8379310345,"ME":0.23,"ME_lower_bound":-0.0737931034,"ME_upper_bound":0.5420689655,"R2":0.9138707714,"R2_lower_bound":0.8265902973,"R2_upper_bound":0.9631031902,"m":0.9943914279,"m_lower_bound":0.8988431688,"m_upper_bound":1.0876209265},"nb016":{"name":"MoKa","RMSE":0.9515720076,"RMSE_lower_bound":0.7107616639,"RMSE_upper_bound":1.1769512673,"MAE":0.7667857143,"MAE_lower_bound":0.5739285714,"MAE_upper_bound":0.9921428571,"ME":-0.2253571429,"ME_lower_bound":-0.5639285714,"ME_upper_bound":0.1289285714,"R2":0.8947376632,"R2_lower_bound":0.8260289403,"R2_upper_bound":0.947934868,"m":0.9353174533,"m_lower_bound":0.8273708189,"m_upper_bound":1.0929666686},"eyetm":{"name":"ReSCoSS conformations \/\/ DSD-BLYP-D3 reranking \/\/ COSMOtherm pKa","RMSE":0.9785489587,"RMSE_lower_bound":0.6726332462,"RMSE_upper_bound":1.2650130689,"MAE":0.7196774194,"MAE_lower_bound":0.4725806452,"MAE_upper_bound":0.9564516129,"ME":-0.3177419355,"ME_lower_bound":-0.6383870968,"ME_upper_bound":0.0077419355,"R2":0.914922344,"R2_lower_bound":0.857203737,"R2_upper_bound":0.9575797071,"m":1.0891567337,"m_lower_bound":0.9498227363,"m_upper_bound":1.2238111792},"2umai":{"name":"EC-RISM\/MP2\/6-311+G(d,p)-P3NI-phi-all-2par","RMSE":1.0038874439,"RMSE_lower_bound":0.4688283268,"RMSE_upper_bound":1.5670864686,"MAE":0.5743333333,"MAE_lower_bound":0.3386666667,"MAE_upper_bound":0.9286666667,"ME":0.067,"ME_lower_bound":-0.251,"ME_upper_bound":0.5193333333,"R2":0.9056099446,"R2_lower_bound":0.826349508,"R2_upper_bound":0.9766028887,"m":1.0956256074,"m_lower_bound":0.9678055998,"m_upper_bound":1.2632446998},"arcko":{"name":"Vertical scheme for type I submission","RMSE":1.0414939642,"RMSE_lower_bound":0.7328050394,"RMSE_upper_bound":1.3159162146,"MAE":0.7670967742,"MAE_lower_bound":0.5193548387,"MAE_upper_bound":1.0290322581,"ME":0.3664516129,"ME_lower_bound":0.0338709677,"ME_upper_bound":0.7193548387,"R2":0.8860623624,"R2_lower_bound":0.8096889598,"R2_upper_bound":0.9446463358,"m":1.0097777152,"m_lower_bound":0.9052771828,"m_upper_bound":1.134774815},"8toyp":{"name":"EC-RISM\/MP2\/6-311+G(d,p)-P3NI-phi-all-1par","RMSE":1.1344837299,"RMSE_lower_bound":0.6118850655,"RMSE_upper_bound":1.6598935709,"MAE":0.696,"MAE_lower_bound":0.4236666667,"MAE_upper_bound":1.0413333333,"ME":0.128,"ME_lower_bound":-0.236,"ME_upper_bound":0.554,"R2":0.8839921143,"R2_lower_bound":0.809671316,"R2_upper_bound":0.9583082201,"m":1.1025374168,"m_lower_bound":0.9762234489,"m_upper_bound":1.310930838},"qsicn":{"name":"microscopic pKa prediction with Gaussian and separate fitting for neutral to negative and for positive to neutral transformations","RMSE":1.1653154079,"RMSE_lower_bound":0.3197499023,"RMSE_upper_bound":1.660409588,"MAE":0.884,"MAE_lower_bound":0.27,"MAE_upper_bound":1.54,"ME":-0.764,"ME_lower_bound":-1.54,"ME_upper_bound":0.012,"R2":0.9140146489,"R2_lower_bound":0.457286623,"R2_upper_bound":1.0,"m":1.1616411079,"m_lower_bound":0.5188352992,"m_upper_bound":1.591796875},"6tvf8":{"name":"OE Gaussian Process","RMSE":1.2505116194,"RMSE_lower_bound":0.7161149975,"RMSE_upper_bound":1.6927278536,"MAE":0.7889655172,"MAE_lower_bound":0.4634482759,"MAE_upper_bound":1.1968965517,"ME":0.1986206897,"ME_lower_bound":-0.2372413793,"ME_upper_bound":0.6617241379,"R2":0.7364356008,"R2_lower_bound":0.486422855,"R2_upper_bound":0.9134229944,"m":0.7617952608,"m_lower_bound":0.5439291634,"m_upper_bound":0.9415281476},"758j8":{"name":"Explicit solvent submission 3","RMSE":4.3012269567,"RMSE_lower_bound":2.188162852,"RMSE_upper_bound":6.4272256845,"MAE":2.65,"MAE_lower_bound":1.6573333333,"MAE_upper_bound":4.109,"ME":0.3393333333,"ME_lower_bound":-1.2676666667,"ME_upper_bound":1.6803333333,"R2":0.2578470976,"R2_lower_bound":0.0741150761,"R2_upper_bound":0.6649369861,"m":0.97241667,"m_lower_bound":0.6137160137,"m_upper_bound":1.3248328459},"0wfzo":{"name":"Explicit solvent submission 1","RMSE":4.9722003039,"RMSE_lower_bound":1.3506039518,"RMSE_upper_bound":8.1858155282,"MAE":2.2368965517,"MAE_lower_bound":1.015862069,"MAE_upper_bound":4.1382758621,"ME":-0.6382758621,"ME_lower_bound":-2.6172413793,"ME_upper_bound":0.8586206897,"R2":0.1959010759,"R2_lower_bound":0.0521807253,"R2_upper_bound":0.8017586748,"m":0.9897943102,"m_lower_bound":0.7277924821,"m_upper_bound":1.3021233664}}