{"nb011":{"name":"Jaguar","RMSE":0.4682706689,"RMSE_lower_bound":0.3038516191,"RMSE_upper_bound":0.6514376162,"MAE":0.3290322581,"MAE_lower_bound":0.2267741935,"MAE_upper_bound":0.4583870968,"ME":-0.0187096774,"ME_lower_bound":-0.1851612903,"ME_upper_bound":0.1448387097,"R2":0.971344346,"R2_lower_bound":0.9353385509,"R2_upper_bound":0.9897460714,"m":1.0103771151,"m_lower_bound":0.9689041998,"m_upper_bound":1.0605044558},"hdiyq":{"name":"S+pKa","RMSE":0.606965128,"RMSE_lower_bound":0.4407002004,"RMSE_upper_bound":0.7507795948,"MAE":0.45,"MAE_lower_bound":0.2963333333,"MAE_upper_bound":0.6093333333,"ME":0.098,"ME_lower_bound":-0.1286666667,"ME_upper_bound":0.2943333333,"R2":0.9498796124,"R2_lower_bound":0.9126950051,"R2_upper_bound":0.9761653312,"m":1.0114318692,"m_lower_bound":0.9349847015,"m_upper_bound":1.1138363194},"epvmk":{"name":"EC-RISM\/MP2\/cc-pVTZ-P2-phi-noThiols-2par","RMSE":0.6309079391,"RMSE_lower_bound":0.4401136217,"RMSE_upper_bound":0.8162846866,"MAE":0.4693103448,"MAE_lower_bound":0.3255172414,"MAE_upper_bound":0.6237931034,"ME":-0.0237931034,"ME_lower_bound":-0.2613793103,"ME_upper_bound":0.1944827586,"R2":0.9487355886,"R2_lower_bound":0.8943625616,"R2_upper_bound":0.9809310179,"m":0.9816674428,"m_lower_bound":0.9140539188,"m_upper_bound":1.0519220007},"xnoe0":{"name":"EC-RISM\/MP2\/cc-pVTZ-P2-phi-all-2par","RMSE":0.6470831992,"RMSE_lower_bound":0.473578575,"RMSE_upper_bound":0.8261254949,"MAE":0.499,"MAE_lower_bound":0.36,"MAE_upper_bound":0.6666666667,"ME":-0.099,"ME_lower_bound":-0.3183333333,"ME_upper_bound":0.1533333333,"R2":0.9476192633,"R2_lower_bound":0.8868072646,"R2_upper_bound":0.9785307931,"m":0.9947022977,"m_lower_bound":0.9155080452,"m_upper_bound":1.0540609852},"gdqeg":{"name":"PCM\/B3LYP\/6-311+G(d,p)","RMSE":0.6631533863,"RMSE_lower_bound":0.4212256337,"RMSE_upper_bound":0.9132303407,"MAE":0.4427586207,"MAE_lower_bound":0.2879310345,"MAE_upper_bound":0.6479310345,"ME":0.1110344828,"ME_lower_bound":-0.1113793103,"ME_upper_bound":0.355862069,"R2":0.9376646378,"R2_lower_bound":0.8680226339,"R2_upper_bound":0.9790300145,"m":0.9428775858,"m_lower_bound":0.8556144123,"m_upper_bound":1.0346501053},"4o0ia":{"name":"EC-RISM\/MP2\/cc-pVTZ-P3NI-phi-noThiols-2par","RMSE":0.6638232373,"RMSE_lower_bound":0.4483050517,"RMSE_upper_bound":0.8703095482,"MAE":0.465483871,"MAE_lower_bound":0.3148387097,"MAE_upper_bound":0.6541935484,"ME":0.0029032258,"ME_lower_bound":-0.2238709677,"ME_upper_bound":0.2490322581,"R2":0.9399215806,"R2_lower_bound":0.8762485633,"R2_upper_bound":0.977104854,"m":0.9665817004,"m_lower_bound":0.863202484,"m_upper_bound":1.0510546622},"ftc8w":{"name":"EC-RISM\/MP2\/cc-pVTZ-P2-q-noThiols-2par","RMSE":0.7231110946,"RMSE_lower_bound":0.4216715506,"RMSE_upper_bound":1.002560515,"MAE":0.504137931,"MAE_lower_bound":0.3410344828,"MAE_upper_bound":0.7144827586,"ME":-0.0172413793,"ME_lower_bound":-0.3051724138,"ME_upper_bound":0.2482758621,"R2":0.9248919161,"R2_lower_bound":0.8144856085,"R2_upper_bound":0.9805212662,"m":0.9487516845,"m_lower_bound":0.8850810661,"m_upper_bound":1.0051287579},"ccpmw":{"name":"ReSCoSS conformations \/\/ COSMOtherm pKa","RMSE":0.7595086131,"RMSE_lower_bound":0.5834666514,"RMSE_upper_bound":0.9067763414,"MAE":0.596,"MAE_lower_bound":0.4296666667,"MAE_upper_bound":0.7603333333,"ME":-0.2213333333,"ME_lower_bound":-0.4743333333,"ME_upper_bound":0.0736666667,"R2":0.9240113693,"R2_lower_bound":0.8524905242,"R2_upper_bound":0.961320713,"m":0.9818119315,"m_lower_bound":0.8584064801,"m_upper_bound":1.0731643988},"nb008":{"name":"Epik Microscopic","RMSE":0.7606554191,"RMSE_lower_bound":0.4835286961,"RMSE_upper_bound":1.0528580151,"MAE":0.523,"MAE_lower_bound":0.336,"MAE_upper_bound":0.7686666667,"ME":-0.0843333333,"ME_lower_bound":-0.3613333333,"ME_upper_bound":0.1643333333,"R2":0.9300418845,"R2_lower_bound":0.8485589771,"R2_upper_bound":0.9781696718,"m":0.8529269779,"m_lower_bound":0.7813516761,"m_upper_bound":0.9322632454},"kxztt":{"name":"EC-RISM\/MP2\/6-311+G(d,p)-P3NI-q-noThiols-2par","RMSE":0.7808307542,"RMSE_lower_bound":0.5177837386,"RMSE_upper_bound":1.0542311574,"MAE":0.555,"MAE_lower_bound":0.3756666667,"MAE_upper_bound":0.7716666667,"ME":-0.1036666667,"ME_lower_bound":-0.3783333333,"ME_upper_bound":0.1563333333,"R2":0.9395221078,"R2_lower_bound":0.8664466191,"R2_upper_bound":0.9796874131,"m":1.0774873643,"m_lower_bound":1.0087924636,"m_upper_bound":1.1459112383},"0xi4b":{"name":"EC-RISM\/B3LYP\/6-311+G(d,p)-P3NI-phi-noThiols-2par","RMSE":0.8527743769,"RMSE_lower_bound":0.5846631804,"RMSE_upper_bound":1.0868826032,"MAE":0.6327586207,"MAE_lower_bound":0.4248275862,"MAE_upper_bound":0.8479310345,"ME":0.23,"ME_lower_bound":-0.0693103448,"ME_upper_bound":0.5127586207,"R2":0.9138707714,"R2_lower_bound":0.8283508365,"R2_upper_bound":0.9650246856,"m":0.9943914279,"m_lower_bound":0.9063015649,"m_upper_bound":1.0900480758},"cywyk":{"name":"EC-RISM\/B3LYP\/6-311+G(d,p)-P2-phi-noThiols-2par","RMSE":0.8603450171,"RMSE_lower_bound":0.6069649509,"RMSE_upper_bound":1.0842107282,"MAE":0.6212903226,"MAE_lower_bound":0.4248387097,"MAE_upper_bound":0.8341935484,"ME":0.1316129032,"ME_lower_bound":-0.1487096774,"ME_upper_bound":0.4293548387,"R2":0.9037683066,"R2_lower_bound":0.8309027362,"R2_upper_bound":0.9572187076,"m":0.9605288442,"m_lower_bound":0.8640892371,"m_upper_bound":1.0829171085},"nxaaw":{"name":"EC-RISM\/B3LYP\/6-311+G(d,p)-P3NI-q-noThiols-2par","RMSE":0.8940592461,"RMSE_lower_bound":0.5557122718,"RMSE_upper_bound":1.263245947,"MAE":0.6148387097,"MAE_lower_bound":0.4074193548,"MAE_upper_bound":0.8648387097,"ME":-0.024516129,"ME_lower_bound":-0.3403225806,"ME_upper_bound":0.2858064516,"R2":0.8919381027,"R2_lower_bound":0.7370131475,"R2_upper_bound":0.9656294266,"m":0.9363239269,"m_lower_bound":0.8489671704,"m_upper_bound":1.0064916329},"nb016":{"name":"MoKa","RMSE":0.9515720076,"RMSE_lower_bound":0.7182344424,"RMSE_upper_bound":1.1895887645,"MAE":0.7667857143,"MAE_lower_bound":0.5717857143,"MAE_upper_bound":0.9978571429,"ME":-0.2253571429,"ME_lower_bound":-0.5635714286,"ME_upper_bound":0.1078571429,"R2":0.8947376632,"R2_lower_bound":0.823938695,"R2_upper_bound":0.9483476722,"m":0.9353174533,"m_lower_bound":0.8288430508,"m_upper_bound":1.0676537671},"eyetm":{"name":"ReSCoSS conformations \/\/ DSD-BLYP-D3 reranking \/\/ COSMOtherm pKa","RMSE":0.9785489587,"RMSE_lower_bound":0.6932206277,"RMSE_upper_bound":1.2833424102,"MAE":0.7196774194,"MAE_lower_bound":0.5009677419,"MAE_upper_bound":0.9883870968,"ME":-0.3177419355,"ME_lower_bound":-0.6690322581,"ME_upper_bound":-0.0067741935,"R2":0.914922344,"R2_lower_bound":0.8604474959,"R2_upper_bound":0.9585836922,"m":1.0891567337,"m_lower_bound":0.9411000493,"m_upper_bound":1.232562684},"cm2yq":{"name":"EC-RISM\/MP2\/6-311+G(d,p)-P3NI-phi-noThiols-2par","RMSE":0.9939533859,"RMSE_lower_bound":0.4562711182,"RMSE_upper_bound":1.536606651,"MAE":0.561,"MAE_lower_bound":0.3156666667,"MAE_upper_bound":0.8906666667,"ME":0.103,"ME_lower_bound":-0.1966666667,"ME_upper_bound":0.5016666667,"R2":0.9062472701,"R2_lower_bound":0.8327798507,"R2_upper_bound":0.977257428,"m":1.0894409179,"m_lower_bound":0.9592116732,"m_upper_bound":1.2565714832},"2umai":{"name":"EC-RISM\/MP2\/6-311+G(d,p)-P3NI-phi-all-2par","RMSE":1.0038874439,"RMSE_lower_bound":0.4745067615,"RMSE_upper_bound":1.5941915401,"MAE":0.5743333333,"MAE_lower_bound":0.3413333333,"MAE_upper_bound":0.8966666667,"ME":0.067,"ME_lower_bound":-0.2703333333,"ME_upper_bound":0.472,"R2":0.9056099446,"R2_lower_bound":0.8239681548,"R2_upper_bound":0.9753699769,"m":1.0956256074,"m_lower_bound":0.9586547036,"m_upper_bound":1.2630581974},"ko8yx":{"name":"Adiabatic scheme with single point correction for type I submission","RMSE":1.0118507476,"RMSE_lower_bound":0.7583024335,"RMSE_upper_bound":1.2433902665,"MAE":0.7816129032,"MAE_lower_bound":0.5664516129,"MAE_upper_bound":1.0067741935,"ME":0.3487096774,"ME_lower_bound":0.0306451613,"ME_upper_bound":0.7009677419,"R2":0.9055980019,"R2_lower_bound":0.8181382217,