{"nb011":{"name":"Jaguar","RMSE":0.4682706689,"RMSE_lower_bound":0.3036339052,"RMSE_upper_bound":0.6438067232,"MAE":0.3290322581,"MAE_lower_bound":0.2241935484,"MAE_upper_bound":0.4564516129,"ME":-0.0187096774,"ME_lower_bound":-0.1867741935,"ME_upper_bound":0.1432258065,"R2":0.971344346,"R2_lower_bound":0.9346396265,"R2_upper_bound":0.9896897462,"m":1.0103771151,"m_lower_bound":0.9655867427,"m_upper_bound":1.0609269762},"4o0ia":{"name":"EC-RISM\/MP2\/cc-pVTZ-P3NI-phi-noThiols-2par","RMSE":0.6638232373,"RMSE_lower_bound":0.4401246158,"RMSE_upper_bound":0.854628763,"MAE":0.465483871,"MAE_lower_bound":0.3087096774,"MAE_upper_bound":0.6374193548,"ME":0.0029032258,"ME_lower_bound":-0.2248387097,"ME_upper_bound":0.2470967742,"R2":0.9399215806,"R2_lower_bound":0.885404046,"R2_upper_bound":0.976779914,"m":0.9665817004,"m_lower_bound":0.8698694369,"m_upper_bound":1.0495100203},"nb008":{"name":"Epik Microscopic","RMSE":0.7606554191,"RMSE_lower_bound":0.4846648326,"RMSE_upper_bound":1.023119413,"MAE":0.523,"MAE_lower_bound":0.3403333333,"MAE_upper_bound":0.737,"ME":-0.0843333333,"ME_lower_bound":-0.372,"ME_upper_bound":0.1676666667,"R2":0.9300418845,"R2_lower_bound":0.8483664548,"R2_upper_bound":0.9761884549,"m":0.8529269779,"m_lower_bound":0.7842683649,"m_upper_bound":0.9257816005},"0xi4b":{"name":"EC-RISM\/B3LYP\/6-311+G(d,p)-P3NI-phi-noThiols-2par","RMSE":0.8527743769,"RMSE_lower_bound":0.601658627,"RMSE_upper_bound":1.0957897483,"MAE":0.6327586207,"MAE_lower_bound":0.4372413793,"MAE_upper_bound":0.8555172414,"ME":0.23,"ME_lower_bound":-0.0593103448,"ME_upper_bound":0.5382758621,"R2":0.9138707714,"R2_lower_bound":0.8247143918,"R2_upper_bound":0.9625356998,"m":0.9943914279,"m_lower_bound":0.9056659708,"m_upper_bound":1.0889063009},"nb016":{"name":"MoKa","RMSE":0.9515720076,"RMSE_lower_bound":0.7093331879,"RMSE_upper_bound":1.1715847021,"MAE":0.7667857143,"MAE_lower_bound":0.5664285714,"MAE_upper_bound":0.9767857143,"ME":-0.2253571429,"ME_lower_bound":-0.5642857143,"ME_upper_bound":0.1225,"R2":0.8947376632,"R2_lower_bound":0.8267895127,"R2_upper_bound":0.9460988085,"m":0.9353174533,"m_lower_bound":0.8209417923,"m_upper_bound":1.0757585932},"eyetm":{"name":"ReSCoSS conformations \/\/ DSD-BLYP-D3 reranking \/\/ COSMOtherm pKa","RMSE":0.9785489587,"RMSE_lower_bound":0.6934369753,"RMSE_upper_bound":1.2691627924,"MAE":0.7196774194,"MAE_lower_bound":0.4993548387,"MAE_upper_bound":0.964516129,"ME":-0.3177419355,"ME_lower_bound":-0.6558064516,"ME_upper_bound":-0.0009677419,"R2":0.914922344,"R2_lower_bound":0.8556496396,"R2_upper_bound":0.9567425081,"m":1.0891567337,"m_lower_bound":0.9485967808,"m_upper_bound":1.2217172512},"2umai":{"name":"EC-RISM\/MP2\/6-311+G(d,p)-P3NI-phi-all-2par","RMSE":1.0038874439,"RMSE_lower_bound":0.4645678996,"RMSE_upper_bound":1.5598119545,"MAE":0.5743333333,"MAE_lower_bound":0.3286666667,"MAE_upper_bound":0.913,"ME":0.067,"ME_lower_bound":-0.252,"ME_upper_bound":0.478,"R2":0.9056099446,"R2_lower_bound":0.8277199263,"R2_upper_bound":0.9759070068,"m":1.0956256074,"m_lower_bound":0.9630954746,"m_upper_bound":1.2593858737},"arcko":{"name":"Vertical scheme for type I submission","RMSE":1.0414939642,"RMSE_lower_bound":0.7358120377,"RMSE_upper_bound":1.325168279,"MAE":0.7670967742,"MAE_lower_bound":0.5293548387,"MAE_upper_bound":1.0287096774,"ME":0.3664516129,"ME_lower_bound":0.0316129032,"ME_upper_bound":0.724516129,"R2":0.8860623624,"R2_lower_bound":0.8020086373,"R2_upper_bound":0.9416684992,"m":1.0097777152,"m_lower_bound":0.9029507289,"m_upper_bound":1.1390528512},"8toyp":{"name":"EC-RISM\/MP2\/6-311+G(d,p)-P3NI-phi-all-1par","RMSE":1.1344837299,"RMSE_lower_bound":0.6015341498,"RMSE_upper_bound":1.6721851971,"MAE":0.696,"MAE_lower_bound":0.4133333333,"MAE_upper_bound":1.0596666667,"ME":0.128,"ME_lower_bound":-0.2533333333,"ME_upper_bound":0.56,"R2":0.8839921143,"R2_lower_bound":0.8111790311,"R2_upper_bound":0.9608602522,"m":1.1025374168,"m_lower_bound":0.9753490616,"m_upper_bound":1.2941439163},"qsicn":{"name":"microscopic pKa prediction with Gaussian and separate fitting for neutral to negative and for positive to neutral transformations","RMSE":1.1653154079,"RMSE_lower_bound":0.2963781368,"RMSE_upper_bound":1.6471854783,"MAE":0.884,"MAE_lower_bound":0.228,"MAE_upper_bound":1.54,"ME":-0.764,"ME_lower_bound":-1.54,"ME_upper_bound":0.012,"R2":0.9140146489,"R2_lower_bound":0.4539431412,"R2_upper_bound":1.0,"m":1.1616411079,"m_lower_bound":0.5188352992,"m_upper_bound":1.591796875},"6tvf8":{"name":"OE Gaussian Process","RMSE":1.2505116194,"RMSE_lower_bound":0.7350087966,"RMSE_upper_bound":1.6854038706,"MAE":0.7889655172,"MAE_lower_bound":0.4610344828,"MAE_upper_bound":1.1755172414,"ME":0.1986206897,"ME_lower_bound":-0.2448275862,"ME_upper_bound":0.6744827586,"R2":0.7364356008,"R2_lower_bound":0.47419107,"R2_upper_bound":0.9097608354,"m":0.7617952608,"m_lower_bound":0.5474436381,"m_upper_bound":0.9312516666},"758j8":{"name":"Explicit solvent submission 3","RMSE":4.3012269567,"RMSE_lower_bound":2.1555625716,"RMSE_upper_bound":6.4559060815,"MAE":2.65,"MAE_lower_bound":1.637,"MAE_upper_bound":4.0473333333,"ME":0.3393333333,"ME_lower_bound":-1.3193333333,"ME_upper_bound":1.7466666667,"R2":0.2578470976,"R2_lower_bound":0.0738559571,"R2_upper_bound":0.6598359282,"m":0.97241667,"m_lower_bound":0.6379540636,"m_upper_bound":1.3547738388},"0wfzo":{"name":"Explicit solvent submission 1","RMSE":4.9722003039,"RMSE_lower_bound":1.3872634934,"RMSE_upper_bound":8.1922036108,"MAE":2.2368965517,"MAE_lower_bound":1.0134482759,"MAE_upper_bound":4.1627586207,"ME":-0.6382758621,"ME_lower_bound":-2.7193103448,"ME_upper_bound":0.8320689655,"R2":0.1959010759,"R2_lower_bound":0.0492915091,"R2_upper_bound":0.7836903765,"m":0.9897943102,"m_lower_bound":0.7091949682,"m_upper_bound":1.3031805922}}