{"nb011":{"name":"Jaguar","RMSE":0.4682706689,"RMSE_lower_bound":0.2921058138,"RMSE_upper_bound":0.6344695524,"MAE":0.3290322581,"MAE_lower_bound":0.2125806452,"MAE_upper_bound":0.4625806452,"ME":-0.0187096774,"ME_lower_bound":-0.1841935484,"ME_upper_bound":0.1361290323,"R2":0.971344346,"R2_lower_bound":0.9364364304,"R2_upper_bound":0.9903198076,"m":1.0103771151,"m_lower_bound":0.9676349028,"m_upper_bound":1.0650282223},"4o0ia":{"name":"EC-RISM\/MP2\/cc-pVTZ-P3NI-phi-noThiols-2par","RMSE":0.6638232373,"RMSE_lower_bound":0.4328450516,"RMSE_upper_bound":0.8593996404,"MAE":0.465483871,"MAE_lower_bound":0.3093548387,"MAE_upper_bound":0.6464516129,"ME":0.0029032258,"ME_lower_bound":-0.2303225806,"ME_upper_bound":0.265483871,"R2":0.9399215806,"R2_lower_bound":0.8853254225,"R2_upper_bound":0.9771922961,"m":0.9665817004,"m_lower_bound":0.8755167811,"m_upper_bound":1.050863458},"nb008":{"name":"Epik Microscopic","RMSE":0.7606554191,"RMSE_lower_bound":0.5043741997,"RMSE_upper_bound":1.0324517745,"MAE":0.523,"MAE_lower_bound":0.3496666667,"MAE_upper_bound":0.749,"ME":-0.0843333333,"ME_lower_bound":-0.387,"ME_upper_bound":0.1993333333,"R2":0.9300418845,"R2_lower_bound":0.8449188318,"R2_upper_bound":0.9764225569,"m":0.8529269779,"m_lower_bound":0.7839815223,"m_upper_bound":0.9288847119},"0xi4b":{"name":"EC-RISM\/B3LYP\/6-311+G(d,p)-P3NI-phi-noThiols-2par","RMSE":0.8527743769,"RMSE_lower_bound":0.585190803,"RMSE_upper_bound":1.1144428019,"MAE":0.6327586207,"MAE_lower_bound":0.4182758621,"MAE_upper_bound":0.8727586207,"ME":0.23,"ME_lower_bound":-0.0596551724,"ME_upper_bound":0.5713793103,"R2":0.9138707714,"R2_lower_bound":0.829557571,"R2_upper_bound":0.963891979,"m":0.9943914279,"m_lower_bound":0.910699022,"m_upper_bound":1.0852935065},"nb016":{"name":"MoKa","RMSE":0.9515720076,"RMSE_lower_bound":0.7241965992,"RMSE_upper_bound":1.1956140084,"MAE":0.7667857143,"MAE_lower_bound":0.5796428571,"MAE_upper_bound":1.0085714286,"ME":-0.2253571429,"ME_lower_bound":-0.5725,"ME_upper_bound":0.1053571429,"R2":0.8947376632,"R2_lower_bound":0.8194913186,"R2_upper_bound":0.9438590293,"m":0.9353174533,"m_lower_bound":0.8199435677,"m_upper_bound":1.0805216957},"eyetm":{"name":"ReSCoSS conformations \/\/ DSD-BLYP-D3 reranking \/\/ COSMOtherm pKa","RMSE":0.9785489587,"RMSE_lower_bound":0.6828899689,"RMSE_upper_bound":1.2686047708,"MAE":0.7196774194,"MAE_lower_bound":0.4864516129,"MAE_upper_bound":0.9693548387,"ME":-0.3177419355,"ME_lower_bound":-0.6441935484,"ME_upper_bound":0.0119354839,"R2":0.914922344,"R2_lower_bound":0.855323914,"R2_upper_bound":0.9600287677,"m":1.0891567337,"m_lower_bound":0.947843688,"m_upper_bound":1.2254362875},"2umai":{"name":"EC-RISM\/MP2\/6-311+G(d,p)-P3NI-phi-all-2par","RMSE":1.0038874439,"RMSE_lower_bound":0.4587228648,"RMSE_upper_bound":1.6396127592,"MAE":0.5743333333,"MAE_lower_bound":0.3293333333,"MAE_upper_bound":0.9206666667,"ME":0.067,"ME_lower_bound":-0.2503333333,"ME_upper_bound":0.4873333333,"R2":0.9056099446,"R2_lower_bound":0.8161091807,"R2_upper_bound":0.9751113062,"m":1.0956256074,"m_lower_bound":0.9587345325,"m_upper_bound":1.2703448775},"arcko":{"name":"Vertical scheme for type I submission","RMSE":1.0414939642,"RMSE_lower_bound":0.7430994376,"RMSE_upper_bound":1.3319595073,"MAE":0.7670967742,"MAE_lower_bound":0.5396774194,"MAE_upper_bound":1.0203225806,"ME":0.3664516129,"ME_lower_bound":0.0283870968,"ME_upper_bound":0.7464516129,"R2":0.8860623624,"R2_lower_bound":0.8104828832,"R2_upper_bound":0.9393485504,"m":1.0097777152,"m_lower_bound":0.9093844747,"m_upper_bound":1.1351867743},"8toyp":{"name":"EC-RISM\/MP2\/6-311+G(d,p)-P3NI-phi-all-1par","RMSE":1.1344837299,"RMSE_lower_bound":0.5961906854,"RMSE_upper_bound":1.7212727849,"MAE":0.696,"MAE_lower_bound":0.4116666667,"MAE_upper_bound":1.0936666667,"ME":0.128,"ME_lower_bound":-0.245,"ME_upper_bound":0.6,"R2":0.8839921143,"R2_lower_bound":0.8137280693,"R2_upper_bound":0.9600762841,"m":1.1025374168,"m_lower_bound":0.9791189952,"m_upper_bound":1.3024384902},"qsicn":{"name":"microscopic pKa prediction with Gaussian and separate fitting for neutral to negative and for positive to neutral transformations","RMSE":1.1653154079,"RMSE_lower_bound":0.2963781368,"RMSE_upper_bound":1.660409588,"MAE":0.884,"MAE_lower_bound":0.228,"MAE_upper_bound":1.558,"ME":-0.764,"ME_lower_bound":-1.54,"ME_upper_bound":0.012,"R2":0.9140146489,"R2_lower_bound":0.4539431412,"R2_upper_bound":1.0,"m":1.1616411079,"m_lower_bound":0.4912268766,"m_upper_bound":2.3046357616},"6tvf8":{"name":"OE Gaussian Process","RMSE":1.2505116194,"RMSE_lower_bound":0.7481793995,"RMSE_upper_bound":1.6822972799,"MAE":0.7889655172,"MAE_lower_bound":0.4762068966,"MAE_upper_bound":1.1555172414,"ME":0.1986206897,"ME_lower_bound":-0.2437931034,"ME_upper_bound":0.6844827586,"R2":0.7364356008,"R2_lower_bound":0.4716181805,"R2_upper_bound":0.9042845699,"m":0.7617952608,"m_lower_bound":0.5602676321,"m_upper_bound":0.9276377474},"758j8":{"name":"Explicit solvent submission 3","RMSE":4.3012269567,"RMSE_lower_bound":2.1475171711,"RMSE_upper_bound":6.3381729754,"MAE":2.65,"MAE_lower_bound":1.6346666667,"MAE_upper_bound":3.955,"ME":0.3393333333,"ME_lower_bound":-1.3983333333,"ME_upper_bound":1.7386666667,"R2":0.2578470976,"R2_lower_bound":0.0684564006,"R2_upper_bound":0.6537235567,"m":0.97241667,"m_lower_bound":0.6288443732,"m_upper_bound":1.3512111809},"0wfzo":{"name":"Explicit solvent submission 1","RMSE":4.9722003039,"RMSE_lower_bound":1.3884859032,"RMSE_upper_bound":8.1811231418,"MAE":2.2368965517,"MAE_lower_bound":1.0120689655,"MAE_upper_bound":4.234137931,"ME":-0.6382758621,"ME_lower_bound":-2.5620689655,"ME_upper_bound":0.864137931,"R2":0.1959010759,"R2_lower_bound":0.0535853979,"R2_upper_bound":0.7800429861,"m":0.9897943102,"m_lower_bound":0.7312280565,"m_upper_bound":1.3150085129}}