{"nb011":{"name":"Jaguar","RMSE":0.4682706689,"RMSE_lower_bound":0.3006981125,"RMSE_upper_bound":0.6411984746,"MAE":0.3290322581,"MAE_lower_bound":0.2222580645,"MAE_upper_bound":0.455483871,"ME":-0.0187096774,"ME_lower_bound":-0.1883870968,"ME_upper_bound":0.1409677419,"R2":0.971344346,"R2_lower_bound":0.9356472897,"R2_upper_bound":0.9895676476,"m":1.0103771151,"m_lower_bound":0.9652920983,"m_upper_bound":1.0594569262},"hdiyq":{"name":"S+pKa","RMSE":0.606965128,"RMSE_lower_bound":0.4508140785,"RMSE_upper_bound":0.7430589927,"MAE":0.45,"MAE_lower_bound":0.308,"MAE_upper_bound":0.5986666667,"ME":0.098,"ME_lower_bound":-0.1143333333,"ME_upper_bound":0.311,"R2":0.9498796124,"R2_lower_bound":0.9126921937,"R2_upper_bound":0.9752009131,"m":1.0114318692,"m_lower_bound":0.9326672514,"m_upper_bound":1.1104470923},"epvmk":{"name":"EC-RISM\/MP2\/cc-pVTZ-P2-phi-noThiols-2par","RMSE":0.6309079391,"RMSE_lower_bound":0.4348959447,"RMSE_upper_bound":0.8115035003,"MAE":0.4693103448,"MAE_lower_bound":0.3244827586,"MAE_upper_bound":0.6334482759,"ME":-0.0237931034,"ME_lower_bound":-0.2489655172,"ME_upper_bound":0.2117241379,"R2":0.9487355886,"R2_lower_bound":0.8886761292,"R2_upper_bound":0.9797126162,"m":0.9816674428,"m_lower_bound":0.910492764,"m_upper_bound":1.0454329628},"xnoe0":{"name":"EC-RISM\/MP2\/cc-pVTZ-P2-phi-all-2par","RMSE":0.6470831992,"RMSE_lower_bound":0.4616564379,"RMSE_upper_bound":0.8176653757,"MAE":0.499,"MAE_lower_bound":0.3566666667,"MAE_upper_bound":0.6546666667,"ME":-0.099,"ME_lower_bound":-0.3246666667,"ME_upper_bound":0.1323333333,"R2":0.9476192633,"R2_lower_bound":0.8888911708,"R2_upper_bound":0.978596244,"m":0.9947022977,"m_lower_bound":0.925200702,"m_upper_bound":1.0558261422},"gdqeg":{"name":"PCM\/B3LYP\/6-311+G(d,p)","RMSE":0.6631533863,"RMSE_lower_bound":0.4098612044,"RMSE_upper_bound":0.9072903957,"MAE":0.4427586207,"MAE_lower_bound":0.2786206897,"MAE_upper_bound":0.6379310345,"ME":0.1110344828,"ME_lower_bound":-0.1134482759,"ME_upper_bound":0.3606896552,"R2":0.9376646378,"R2_lower_bound":0.8624040583,"R2_upper_bound":0.9793454652,"m":0.9428775858,"m_lower_bound":0.8573743216,"m_upper_bound":1.0287762754},"4o0ia":{"name":"EC-RISM\/MP2\/cc-pVTZ-P3NI-phi-noThiols-2par","RMSE":0.6638232373,"RMSE_lower_bound":0.4386232125,"RMSE_upper_bound":0.8590748963,"MAE":0.465483871,"MAE_lower_bound":0.3083870968,"MAE_upper_bound":0.6390322581,"ME":0.0029032258,"ME_lower_bound":-0.2267741935,"ME_upper_bound":0.2416129032,"R2":0.9399215806,"R2_lower_bound":0.8851279273,"R2_upper_bound":0.9771799486,"m":0.9665817004,"m_lower_bound":0.8710095857,"m_upper_bound":1.048543067},"ftc8w":{"name":"EC-RISM\/MP2\/cc-pVTZ-P2-q-noThiols-2par","RMSE":0.7231110946,"RMSE_lower_bound":0.4185772289,"RMSE_upper_bound":1.0021304891,"MAE":0.504137931,"MAE_lower_bound":0.3310344828,"MAE_upper_bound":0.7082758621,"ME":-0.0172413793,"ME_lower_bound":-0.2968965517,"ME_upper_bound":0.2379310345,"R2":0.9248919161,"R2_lower_bound":0.8175398584,"R2_upper_bound":0.9787931349,"m":0.9487516845,"m_lower_bound":0.888679929,"m_upper_bound":1.0024617027},"ccpmw":{"name":"ReSCoSS conformations \/\/ COSMOtherm pKa","RMSE":0.7595086131,"RMSE_lower_bound":0.5940847302,"RMSE_upper_bound":0.9085427893,"MAE":0.596,"MAE_lower_bound":0.4333333333,"MAE_upper_bound":0.767,"ME":-0.2213333333,"ME_lower_bound":-0.4773333333,"ME_upper_bound":0.034,"R2":0.9240113693,"R2_lower_bound":0.8514844487,"R2_upper_bound":0.9618334712,"m":0.9818119315,"m_lower_bound":0.8580895265,"m_upper_bound":1.0743845209},"nb008":{"name":"Epik Microscopic","RMSE":0.7606554191,"RMSE_lower_bound":0.4908360215,"RMSE_upper_bound":1.0236356774,"MAE":0.523,"MAE_lower_bound":0.346,"MAE_upper_bound":0.7373333333,"ME":-0.0843333333,"ME_lower_bound":-0.3693333333,"ME_upper_bound":0.1723333333,"R2":0.9300418845,"R2_lower_bound":0.8465049276,"R2_upper_bound":0.9763538891,"m":0.8529269779,"m_lower_bound":0.7842579191,"m_upper_bound":0.9251802839},"kxztt":{"name":"EC-RISM\/MP2\/6-311+G(d,p)-P3NI-q-noThiols-2par","RMSE":0.7808307542,"RMSE_lower_bound":0.5081207206,"RMSE_upper_bound":1.0540271976,"MAE":0.555,"MAE_lower_bound":0.3746666667,"MAE_upper_bound":0.7626666667,"ME":-0.1036666667,"ME_lower_bound":-0.387,"ME_upper_bound":0.1733333333,"R2":0.9395221078,"R2_lower_bound":0.8627632839,"R2_upper_bound":0.9798545631,"m":1.0774873643,"m_lower_bound":1.0126904013,"m_upper_bound":1.1411479455},"0xi4b":{"name":"EC-RISM\/B3LYP\/6-311+G(d,p)-P3NI-phi-noThiols-2par","RMSE":0.8527743769,"RMSE_lower_bound":0.5896843106,"RMSE_upper_bound":1.0863748639,"MAE":0.6327586207,"MAE_lower_bound":0.4362068966,"MAE_upper_bound":0.8503448276,"ME":0.23,"ME_lower_bound":-0.0648275862,"ME_upper_bound":0.5251724138,"R2":0.9138707714,"R2_lower_bound":0.8223524623,"R2_upper_bound":0.9631269233,"m":0.9943914279,"m_lower_bound":0.9059265594,"m_upper_bound":1.0902897214},"cywyk":{"name":"EC-RISM\/B3LYP\/6-311+G(d,p)-P2-phi-noThiols-2par","RMSE":0.8603450171,"RMSE_lower_bound":0.6076156468,"RMSE_upper_bound":1.0986355174,"MAE":0.6212903226,"MAE_lower_bound":0.4232258065,"MAE_upper_bound":0.8416129032,"ME":0.1316129032,"ME_lower_bound":-0.1551612903,"ME_upper_bound":0.4361290323,"R2":0.9037683066,"R2_lower_bound":0.824228576,"R2_upper_bound":0.9542657881,"m":0.9605288442,"m_lower_bound":0.8582323329,"m_upper_bound":1.0763220659},"nxaaw":{"name":"EC-RISM\/B3LYP\/6-311+G(d,p)-P3NI-q-noThiols-2par","RMSE":0.8940592461,"RMSE_lower_bound":0.5611825073,"RMSE_upper_bound":1.2450793471,"MAE":0.6148387097,"MAE_lower_bound":0.4132258065,"MAE_upper_bound":0.8619354839,"ME":-0.024516129,"ME_lower_bound":-0.3419354839,"ME_upper_bound":0.2780645161,"R2":0.8919381027,"R2_lower_bound":0.7576608721,"R2_upper_bound":0.9638330588,"m":0.9363239269,"m_lower_bound":0.8542548846,"m_upper_bound":0.9997298874},"nb016":{"name":"MoKa","RMSE":0.9515720076,"RMSE_lower_bound":0.7090234733,"RMSE_upper_bound":1.1827495206,"MAE":0.7667857143,"MAE_lower_bound":0.5667857143,"MAE_upper_bound":0.9860714286,"ME":-0.2253571429,"ME_lower_bound":-0.5696428571,"ME_upper_bound":0.1167857143,"R2":0.8947376632,"R2_lower_bound":0.823139423,"R2_upper_bound":0.9466296496,"m":0.9353174533,"m_lower_bound":0.819156254,"m_upper_bound":1.0692364417},"eyetm":{"name":"ReSCoSS conformations \/\/ DSD-BLYP-D3 reranking \/\/ COSMOtherm pKa","RMSE":0.9785489587,"RMSE_lower_bound":0.6871516713,"RMSE_upper_bound":1.2748839289,"MAE":0.7196774194,"MAE_lower_bound":0.4948387097,"MAE_upper_bound":0.9680645161,"ME":-0.3177419355,"ME_lower_bound":-0.6551612903,"ME_upper_bound":-0.0087096774,"R2":0.914922344,"R2_lower_bound":0.8561987434,"R2_upper_bound":0.9573065662,"m":1.0891567337,"m_lower_bound":0.9471808534,"m_upper_bound":1.2205474651},"cm2yq":{"name":"EC-RISM\/MP2\/6-311+G(d,p)-P3NI-phi-noThiols-2par","RMSE":0.9939533859,"RMSE_lower_bound":0.4494774744,"RMSE_upper_bound":1.5404133644,"MAE":0.561,"MAE_lower_bound":0.32,"MAE_upper_bound":0.8993333333,"ME":0.103,"ME_lower_bound":-0.2086666667,"ME_upper_bound":0.49,"R2":0.9062472701,"R2_lower_bound":0.8260831572,"R2_upper_bound":0.9769807728,"m":1.0894409179,"m_lower_bound":0.9563602851,"m_upper_bound":1.2547563432},"2umai":{"name":"EC-RISM\/MP2\/6-311+G(d,p)-P3NI-phi-all-2par","RMSE":1.0038874439,"RMSE_lower_bound":0.4677249904,"RMSE_upper_bound":1.535287161,"MAE":0.5743333333,"MAE_lower_bound":0.3296666667,"MAE_upper_bound":0.912,"ME":0.067,"ME_lower_bound":-0.2496666667,"ME_upper_bound":0.4603333333,"R2":0.9056099446,"R2_lower_bound":0.8287167547,"R2_upper_bound":0.9752602321,"m":1.0956256074,"m_lower_bound":0.9598911583,"m_upper_bound":1.263603874},"ko8yx":{"name":"Adiabatic scheme with single point correction for type I submission","RMSE":1.0118507476,"RMSE_lower_bound":0.749602045,"RMSE_upper_bound":1.2445494067,"MAE":0.7816129032,"MAE_lower_bound":0.5574193548,"MAE_upper_bound":1.0109677419,"ME":0.3487096774,"ME_lower_bound":0.0109677419,"ME_upper_bound":0.6887096774,"R2":0.9055980019,"R2_lower_bound":0.8166120621,"R2_upper_bound":0.9557914882,"m":1.0708579401,