{"hm001":{"name":"ACD Labs","RMSE":0.6768653239,"RMSE_lower_bound":0.4153191544,"RMSE_upper_bound":0.9143030132,"MAE":0.452,"MAE_lower_bound":0.2886666667,"MAE_upper_bound":0.6486666667,"ME":-0.0893333333,"ME_lower_bound":-0.343,"ME_upper_bound":0.1413333333,"R2":0.9375001745,"R2_lower_bound":0.8741618223,"R2_upper_bound":0.9783883716,"m":0.9319926404,"m_lower_bound":0.8365569235,"m_upper_bound":1.0211572913},"xvxzd":{"name":"Full quantum chemical calculation of free energies and fit to experimental pKa","RMSE":0.6800760607,"RMSE_lower_bound":0.544863159,"RMSE_upper_bound":0.810291561,"MAE":0.5786206897,"MAE_lower_bound":0.4513793103,"MAE_upper_bound":0.7117241379,"ME":0.2351724138,"ME_lower_bound":-0.0017241379,"ME_upper_bound":0.4596551724,"R2":0.9373019916,"R2_lower_bound":0.8769331816,"R2_upper_bound":0.9724997219,"m":0.9231109184,"m_lower_bound":0.837726818,"m_upper_bound":1.0149534959},"gyuhx":{"name":"S+pKa","RMSE":0.7319946236,"RMSE_lower_bound":0.5561213606,"RMSE_upper_bound":0.9105492848,"MAE":0.585483871,"MAE_lower_bound":0.4364516129,"MAE_upper_bound":0.7480645161,"ME":0.034516129,"ME_lower_bound":-0.2364516129,"ME_upper_bound":0.2896774194,"R2":0.9289338327,"R2_lower_bound":0.879174308,"R2_upper_bound":0.9654953104,"m":0.9794011218,"m_lower_bound":0.9042637049,"m_upper_bound":1.0850066535},"xmyhm":{"name":"ACD\/pKa Classic","RMSE":0.7865461453,"RMSE_lower_bound":0.5218824488,"RMSE_upper_bound":1.0285928377,"MAE":0.5635483871,"MAE_lower_bound":0.3816129032,"MAE_upper_bound":0.7664516129,"ME":0.1338709677,"ME_lower_bound":-0.1435483871,"ME_upper_bound":0.4064516129,"R2":0.9189786969,"R2_lower_bound":0.8494843737,"R2_upper_bound":0.967795383,"m":0.9609109035,"m_lower_bound":0.8571661988,"m_upper_bound":1.0789612785},"nb007":{"name":"Epik-sequential","RMSE":0.9682075224,"RMSE_lower_bound":0.7672048135,"RMSE_upper_bound":1.1737697746,"MAE":0.8103225806,"MAE_lower_bound":0.6325806452,"MAE_upper_bound":1.0070967742,"ME":0.0251612903,"ME_lower_bound":-0.3229032258,"ME_upper_bound":0.3519354839,"R2":0.8706802643,"R2_lower_bound":0.7624654462,"R2_upper_bound":0.9334919532,"m":0.8735985126,"m_lower_bound":0.7861348376,"m_upper_bound":0.9770624371},"yqkga":{"name":"ReSCoSS conformations \/\/ COSMOtherm pKa","RMSE":1.0102379151,"RMSE_lower_bound":0.7809733381,"RMSE_upper_bound":1.2272247737,"MAE":0.7993548387,"MAE_lower_bound":0.5864516129,"MAE_upper_bound":1.015483871,"ME":-0.1664516129,"ME_lower_bound":-0.5048387097,"ME_upper_bound":0.1977419355,"R2":0.8670924761,"R2_lower_bound":0.7804540511,"R2_upper_bound":0.9337235696,"m":0.9271834081,"m_lower_bound":0.7647469029,"m_upper_bound":1.081840765},"8xt50":{"name":"ReSCoSS conformations \/\/ DSD-BLYP-D3 reranking \/\/ COSMOtherm pKa","RMSE":1.0714295545,"RMSE_lower_bound":0.7935607788,"RMSE_upper_bound":1.3618014634,"MAE":0.8141935484,"MAE_lower_bound":0.5883870968,"MAE_upper_bound":1.0758064516,"ME":-0.4748387097,"ME_lower_bound":-0.8183870968,"ME_upper_bound":-0.1470967742,"R2":0.9055345285,"R2_lower_bound":0.8387232765,"R2_upper_bound":0.9514355675,"m":1.0781105731,"m_lower_bound":0.9369692483,"m_upper_bound":1.2203616462},"nb009":{"name":"Chemicalize","RMSE":1.3003758762,"RMSE_lower_bound":1.0160549896,"RMSE_upper_bound":1.5924975313,"MAE":1.0732258065,"MAE_lower_bound":0.8232258065,"MAE_upper_bound":1.3338709677,"ME":0.2558064516,"ME_lower_bound":-0.2058064516,"ME_upper_bound":0.6861290323,"R2":0.859043903,"R2_lower_bound":0.7924706651,"R2_upper_bound":0.918235562,"m":1.1268029118,"m_lower_bound":0.9071515288,"m_upper_bound":1.3325761677},"p0jba":{"name":"macroscopic pKa prediction from microscopic pKa predicted with Gaussian and separate fitting for neutral to negative and for positive to neutral transformations","RMSE":1.314747124,"RMSE_lower_bound":0.6874881817,"RMSE_upper_bound":1.72756476,"MAE":1.084,"MAE_lower_bound":0.428,"MAE_upper_bound":1.72,"ME":-0.924,"ME_lower_bound":-1.72,"ME_upper_bound":-0.108,"R2":0.9099462335,"R2_lower_bound":0.5085281288,"R2_upper_bound":1.0,"m":1.184586283,"m_lower_bound":0.3388955204,"m_upper_bound":1.7240765465},"37xm8":{"name":"ACD\/pKa GALAS","RMSE":1.4131100453,"RMSE_lower_bound":0.9249882882,"RMSE_upper_bound":1.8496233851,"MAE":1.008,"MAE_lower_bound":0.679,"MAE_upper_bound":1.39,"ME":-0.1826666667,"ME_lower_bound":-0.6866666667,"ME_upper_bound":0.3256666667,"R2":0.8335134007,"R2_lower_bound":0.6983765836,"R2_upper_bound":0.9262949372,"m":1.1553428028,"m_lower_bound":0.9753608398,"m_upper_bound":1.3347715217},"mkhqa":{"name":"EC-RISM\/MP2\/cc-pVTZ-P2-phi-all-2par","RMSE":1.59610817,"RMSE_lower_bound":1.1420764903,"RMSE_upper_bound":2.0518984129,"MAE":1.2387096774,"MAE_lower_bound":0.9109677419,"MAE_upper_bound":1.6216129032,"ME":-0.3161290323,"ME_lower_bound":-0.8929032258,"ME_upper_bound":0.2229032258,"R2":0.8031710687,"R2_lower_bound":0.6705660734,"R2_upper_bound":0.9036085784,"m":1.1397878132,"m_lower_bound":0.9814952595,"m_upper_bound":1.3417986657},"ttjd0":{"name":"EC-RISM\/MP2\/cc-pVTZ-P2-phi-noThiols-2par","RMSE":1.6417329554,"RMSE_lower_bound":1.2032348871,"RMSE_upper_bound":2.0665195924,"MAE":1.2958064516,"MAE_lower_bound":0.9609677419,"MAE_upper_bound":1.6712903226,"ME":-0.1216129032,"ME_lower_bound":-0.7293548387,"ME_upper_bound":0.4590322581,"R2":0.8127154848,"R2_lower_bound":0.683007691,"R2_upper_bound":0.9054934435,"m":1.1981278133,"m_lower_bound":1.0247023275,"m_upper_bound":1.4043308114},"nb001":{"name":"EC-RISM\/MP2\/6-311+G(d,p)-P2-phi-all-2par","RMSE":1.6848480356,"RMSE_lower_bound":1.0654833827,"RMSE_upper_bound":2.377811409,"MAE":1.2132258065,"MAE_lower_bound":0.8561290323,"MAE_upper_bound":1.6716129032,"ME":0.4422580645,"ME_lower_bound":-0.105483871,"ME_upper_bound":1.0532258065,"R2":0.7970369577,"R2_lower_bound":0.6997071797,"R2_upper_bound":0.9003248796,"m":1.1562971989,"m_lower_bound":0.9543968168,"m_upper_bound":1.4299141606},"nb002":{"name":"EC-RISM\/MP2\/6-311+G(d,p)-P2-phi-noThiols-2par","RMSE":1.703466106,"RMSE_lower_bound":1.0847416818,"RMSE_upper_bound":2.4016056457,"MAE":1.2461290323,"MAE_lower_bound":0.8890322581,"MAE_upper_bound":1.7138709677,"ME":0.5093548387,"ME_lower_bound":-0.04,"ME_upper_bound":1.1109677419,"R2":0.795563712,"R2_lower_bound":0.6967091994,"R2_upper_bound":0.8969167641,"m":1.1527375183,"m_lower_bound":0.9486765693,"m_upper_bound":1.4179203382},"35bdm":{"name":"macroscopic pKa prediction from microscopic pKa predicted with Gaussian and global fitting","RMSE":1.718644815,"RMSE_lower_bound":0.6645750522,"RMSE_upper_bound":2.3379093225,"MAE":1.442,"MAE_lower_bound":0.622,"MAE_upper_bound":2.262,"ME":-1.006,"ME_lower_bound":-2.178,"ME_upper_bound":0.134,"R2":0.9187503813,"R2_lower_bound":0.4629084321,"R2_upper_bound":1.0,"m":1.4460442407,"m_lower_bound":0.7198754383,"m_upper_bound":2.1303030303},"ryzue":{"name":"Adiabatic scheme with single point correction for type III submission","RMSE":1.7740576781,"RMSE_lower_bound":1.4168331338,"RMSE_upper_bound":2.1132859294,"MAE":1.5003225806,"MAE_lower_bound":1.174516129,"MAE_upper_bound":1.8322580645,"ME":1.2977419355,"ME_lower_bound":0.8622580645,"ME_upper_bound":1.7096774194,"R2":0.9098100812,"R2_lower_bound":0.8603607577,"R2_upper_bound":0.9486910102,"m":1.2287488843,"m_lower_bound":1.0582533335,"m_upper_bound":1.4080082906},"2ii2g":{"name":"EC-RISM\/MP2\/cc-pVTZ-P2-q-noThiols-2par","RMSE":1.7952661767,"RMSE_lower_bound":1.3036103712,"RMSE_upper_bound":2.2411136345,"MAE":1.3890322581,"MAE_lower_bound":1.0067741935,"MAE_upper_bound":1.8009677419,"ME":-0.7438709677,"ME_lower_bound":-1.3148387097,"ME_upper_bound":-0.1638709677,"R2":0.7923065576,"R2_lower_bound":0.6585976238,"R2_upper_bound":0.891624075,"m":1.1493140545,"m_lower_bound":0.9656340608,"m_upper_bound":1.3735949466},"mpwiy":{"name":"EC-RISM\/MP2\/cc-pVTZ-P3NI-phi-noThiols-2par","RMSE":1.8161684233,"RMSE_lower_bound":1.3938794783,"RMSE_upper_bound":2.2273360336,"MAE":1.4822580645,"MAE_lower_bound":1.13,"MAE_upper_bound":1.8677419355,"ME":0.1029032258,"ME_lower_bound":-0.5741935484,