{"nb011":{"name":"Jaguar","RMSE":0.4682706689,"RMSE_lower_bound":0.2987014909,"RMSE_upper_bound":0.6274526071,"MAE":0.3290322581,"MAE_lower_bound":0.215483871,"MAE_upper_bound":0.4448387097,"ME":-0.0187096774,"ME_lower_bound":-0.1806451613,"ME_upper_bound":0.1387096774,"R2":0.971344346,"R2_lower_bound":0.9410424895,"R2_upper_bound":0.98972559,"m":1.0103771151,"m_lower_bound":0.966967853,"m_upper_bound":1.0663454523},"hdiyq":{"name":"S+pKa","RMSE":0.606965128,"RMSE_lower_bound":0.4488986523,"RMSE_upper_bound":0.7383043636,"MAE":0.45,"MAE_lower_bound":0.302,"MAE_upper_bound":0.6006666667,"ME":0.098,"ME_lower_bound":-0.1036666667,"ME_upper_bound":0.314,"R2":0.9498796124,"R2_lower_bound":0.9118779951,"R2_upper_bound":0.9765637432,"m":1.0114318692,"m_lower_bound":0.9311414292,"m_upper_bound":1.1238223121},"epvmk":{"name":"EC-RISM\/MP2\/cc-pVTZ-P2-phi-noThiols-2par","RMSE":0.6309079391,"RMSE_lower_bound":0.4380481787,"RMSE_upper_bound":0.8120514677,"MAE":0.4693103448,"MAE_lower_bound":0.3279310345,"MAE_upper_bound":0.6337931034,"ME":-0.0237931034,"ME_lower_bound":-0.2610344828,"ME_upper_bound":0.2,"R2":0.9487355886,"R2_lower_bound":0.8869626503,"R2_upper_bound":0.979762294,"m":0.9816674428,"m_lower_bound":0.9144011238,"m_upper_bound":1.0432729755},"xnoe0":{"name":"EC-RISM\/MP2\/cc-pVTZ-P2-phi-all-2par","RMSE":0.6470831992,"RMSE_lower_bound":0.4632350016,"RMSE_upper_bound":0.837798703,"MAE":0.499,"MAE_lower_bound":0.3636666667,"MAE_upper_bound":0.663,"ME":-0.099,"ME_lower_bound":-0.3463333333,"ME_upper_bound":0.1343333333,"R2":0.9476192633,"R2_lower_bound":0.8845784821,"R2_upper_bound":0.9792085296,"m":0.9947022977,"m_lower_bound":0.9186788103,"m_upper_bound":1.0523991015},"gdqeg":{"name":"PCM\/B3LYP\/6-311+G(d,p)","RMSE":0.6631533863,"RMSE_lower_bound":0.4062443634,"RMSE_upper_bound":0.9002394318,"MAE":0.4427586207,"MAE_lower_bound":0.2796551724,"MAE_upper_bound":0.6386206897,"ME":0.1110344828,"ME_lower_bound":-0.1262068966,"ME_upper_bound":0.3503448276,"R2":0.9376646378,"R2_lower_bound":0.8660828494,"R2_upper_bound":0.9805259959,"m":0.9428775858,"m_lower_bound":0.8547661297,"m_upper_bound":1.03765029},"4o0ia":{"name":"EC-RISM\/MP2\/cc-pVTZ-P3NI-phi-noThiols-2par","RMSE":0.6638232373,"RMSE_lower_bound":0.4480639355,"RMSE_upper_bound":0.8622831658,"MAE":0.465483871,"MAE_lower_bound":0.3041935484,"MAE_upper_bound":0.6516129032,"ME":0.0029032258,"ME_lower_bound":-0.2251612903,"ME_upper_bound":0.265483871,"R2":0.9399215806,"R2_lower_bound":0.887877977,"R2_upper_bound":0.9794150506,"m":0.9665817004,"m_lower_bound":0.8778307475,"m_upper_bound":1.0475475764},"ftc8w":{"name":"EC-RISM\/MP2\/cc-pVTZ-P2-q-noThiols-2par","RMSE":0.7231110946,"RMSE_lower_bound":0.4290165176,"RMSE_upper_bound":1.0105239338,"MAE":0.504137931,"MAE_lower_bound":0.3403448276,"MAE_upper_bound":0.714137931,"ME":-0.0172413793,"ME_lower_bound":-0.2955172414,"ME_upper_bound":0.24,"R2":0.9248919161,"R2_lower_bound":0.8126722947,"R2_upper_bound":0.9806981549,"m":0.9487516845,"m_lower_bound":0.8906198606,"m_upper_bound":1.0056446397},"ccpmw":{"name":"ReSCoSS conformations \/\/ COSMOtherm pKa","RMSE":0.7595086131,"RMSE_lower_bound":0.5875826183,"RMSE_upper_bound":0.9093660796,"MAE":0.596,"MAE_lower_bound":0.4243333333,"MAE_upper_bound":0.7673333333,"ME":-0.2213333333,"ME_lower_bound":-0.4746666667,"ME_upper_bound":0.0576666667,"R2":0.9240113693,"R2_lower_bound":0.8500491903,"R2_upper_bound":0.9625976345,"m":0.9818119315,"m_lower_bound":0.8500411042,"m_upper_bound":1.0750139734},"nb008":{"name":"Epik Microscopic","RMSE":0.7606554191,"RMSE_lower_bound":0.4756118866,"RMSE_upper_bound":1.0268836351,"MAE":0.523,"MAE_lower_bound":0.3296666667,"MAE_upper_bound":0.7393333333,"ME":-0.0843333333,"ME_lower_bound":-0.364,"ME_upper_bound":0.178,"R2":0.9300418845,"R2_lower_bound":0.8474224401,"R2_upper_bound":0.9770500052,"m":0.8529269779,"m_lower_bound":0.7815100046,"m_upper_bound":0.922742369},"kxztt":{"name":"EC-RISM\/MP2\/6-311+G(d,p)-P3NI-q-noThiols-2par","RMSE":0.7808307542,"RMSE_lower_bound":0.5043741997,"RMSE_upper_bound":1.0602578303,"MAE":0.555,"MAE_lower_bound":0.3773333333,"MAE_upper_bound":0.7706666667,"ME":-0.1036666667,"ME_lower_bound":-0.3713333333,"ME_upper_bound":0.192,"R2":0.9395221078,"R2_lower_bound":0.8586473668,"R2_upper_bound":0.9793441486,"m":1.0774873643,"m_lower_bound":1.016562563,"m_upper_bound":1.1490631621},"0xi4b":{"name":"EC-RISM\/B3LYP\/6-311+G(d,p)-P3NI-phi-noThiols-2par","RMSE":0.8527743769,"RMSE_lower_bound":0.5874110351,"RMSE_upper_bound":1.1046625323,"MAE":0.6327586207,"MAE_lower_bound":0.4337931034,"MAE_upper_bound":0.8524137931,"ME":0.23,"ME_lower_bound":-0.0575862069,"ME_upper_bound":0.5720689655,"R2":0.9138707714,"R2_lower_bound":0.8250580806,"R2_upper_bound":0.9631627692,"m":0.9943914279,"m_lower_bound":0.9047923093,"m_upper_bound":1.0982989657},"cywyk":{"name":"EC-RISM\/B3LYP\/6-311+G(d,p)-P2-phi-noThiols-2par","RMSE":0.8603450171,"RMSE_lower_bound":0.5956942277,"RMSE_upper_bound":1.1058816363,"MAE":0.6212903226,"MAE_lower_bound":0.4206451613,"MAE_upper_bound":0.8470967742,"ME":0.1316129032,"ME_lower_bound":-0.1803225806,"ME_upper_bound":0.4332258065,"R2":0.9037683066,"R2_lower_bound":0.8155014671,"R2_upper_bound":0.9579246636,"m":0.9605288442,"m_lower_bound":0.8576261322,"m_upper_bound":1.0727921119},"nxaaw":{"name":"EC-RISM\/B3LYP\/6-311+G(d,p)-P3NI-q-noThiols-2par","RMSE":0.8940592461,"RMSE_lower_bound":0.5432221669,"RMSE_upper_bound":1.2788805589,"MAE":0.6148387097,"MAE_lower_bound":0.3990322581,"MAE_upper_bound":0.8812903226,"ME":-0.024516129,"ME_lower_bound":-0.3493548387,"ME_upper_bound":0.2880645161,"R2":0.8919381027,"R2_lower_bound":0.7512242672,"R2_upper_bound":0.9670707789,"m":0.9363239269,"m_lower_bound":0.8533695691,"m_upper_bound":1.0082325147},"nb016":{"name":"MoKa","RMSE":0.9515720076,"RMSE_lower_bound":0.700744502,"RMSE_upper_bound":1.1667062918,"MAE":0.7667857143,"MAE_lower_bound":0.5653571429,"MAE_upper_bound":0.9753571429,"ME":-0.2253571429,"ME_lower_bound":-0.5571428571,"ME_upper_bound":0.1207142857,"R2":0.8947376632,"R2_lower_bound":0.8341012946,"R2_upper_bound":0.946583879,"m":0.9353174533,"m_lower_bound":0.8126665626,"m_upper_bound":1.0708059368},"eyetm":{"name":"ReSCoSS conformations \/\/ DSD-BLYP-D3 reranking \/\/ COSMOtherm pKa","RMSE":0.9785489587,"RMSE_lower_bound":0.7035509015,"RMSE_upper_bound":1.2572076073,"MAE":0.7196774194,"MAE_lower_bound":0.5,"MAE_upper_bound":0.9612903226,"ME":-0.3177419355,"ME_lower_bound":-0.6364516129,"ME_upper_bound":-0.0151612903,"R2":0.914922344,"R2_lower_bound":0.8512246463,"R2_upper_bound":0.9589201038,"m":1.0891567337,"m_lower_bound":0.9433833366,"m_upper_bound":1.2318944258},"cm2yq":{"name":"EC-RISM\/MP2\/6-311+G(d,p)-P3NI-phi-noThiols-2par","RMSE":0.9939533859,"RMSE_lower_bound":0.4473142072,"RMSE_upper_bound":1.555908095,"MAE":0.561,"MAE_lower_bound":0.3186666667,"MAE_upper_bound":0.91,"ME":0.103,"ME_lower_bound":-0.2013333333,"ME_upper_bound":0.528,"R2":0.9062472701,"R2_lower_bound":0.8296407641,"R2_upper_bound":0.9768938217,"m":1.0894409179,"m_lower_bound":0.9548466372,"m_upper_bound":1.2627291228},"2umai":{"name":"EC-RISM\/MP2\/6-311+G(d,p)-P3NI-phi-all-2par","RMSE":1.0038874439,"RMSE_lower_bound":0.4763017251,"RMSE_upper_bound":1.5662928632,"MAE":0.5743333333,"MAE_lower_bound":0.3336666667,"MAE_upper_bound":0.9303333333,"ME":0.067,"ME_lower_bound":-0.2496666667,"ME_upper_bound":0.455,"R2":0.9056099446,"R2_lower_bound":0.8275001056,"R2_upper_bound":0.9770704923,"m":1.0956256074,"m_lower_bound":0.9640252753,"m_upper_bound":1.2726328754},"ko8yx":{"name":"Adiabatic scheme with single point correction for type I submission","RMSE":1.0118507476,"RMSE_lower_bound":0.7612320235,"RMSE_upper_bound":1.2459689842,"MAE":0.7816129032,"MAE_lower_bound":0.5593548387,"MAE_upper_bound":1.0187096774,"ME":0.3487096774,"ME_lower_bound":0.0348387097,"ME_upper_bound":0.6819354839,"R2":0.9055980019,"R2_lower_bound":0.807456191,"R2_upper_bound":0.9559209209,"m":1.0708579401,"m_lower_bound":0.9497428163,