{"hdiyq":{"name":"S+pKa","RMSE":0.606965128,"RMSE_lower_bound":0.4350976902,"RMSE_upper_bound":0.7483002962,"MAE":0.45,"MAE_lower_bound":0.2963333333,"MAE_upper_bound":0.6076666667,"ME":0.098,"ME_lower_bound":-0.1273333333,"ME_upper_bound":0.315,"R2":0.9498796124,"R2_lower_bound":0.9141703735,"R2_upper_bound":0.9758626486,"m":1.0114318692,"m_lower_bound":0.9340193053,"m_upper_bound":1.1095463452},"ccpmw":{"name":"ReSCoSS conformations \/\/ COSMOtherm pKa","RMSE":0.7595086131,"RMSE_lower_bound":0.5884386119,"RMSE_upper_bound":0.9126353781,"MAE":0.596,"MAE_lower_bound":0.4336666667,"MAE_upper_bound":0.7773333333,"ME":-0.2213333333,"ME_lower_bound":-0.4853333333,"ME_upper_bound":0.0596666667,"R2":0.9240113693,"R2_lower_bound":0.8547983669,"R2_upper_bound":0.9616187026,"m":0.9818119315,"m_lower_bound":0.8657203135,"m_upper_bound":1.0828583606},"0wfzo":{"name":"Explicit solvent submission 1","RMSE":4.8888243304,"RMSE_lower_bound":1.3652789703,"RMSE_upper_bound":7.9971540771,"MAE":2.1703333333,"MAE_lower_bound":0.992,"MAE_upper_bound":3.9556666667,"ME":-0.625,"ME_lower_bound":-2.69,"ME_upper_bound":0.9476666667,"R2":0.2166157145,"R2_lower_bound":0.0626951347,"R2_upper_bound":0.8084922798,"m":0.9810776401,"m_lower_bound":0.6913143453,"m_upper_bound":1.2801720613}}