ID,name,RMSE,RMSE_lower_bound,RMSE_upper_bound,MAE,MAE_lower_bound,MAE_upper_bound,ME,ME_lower_bound,ME_upper_bound,R2,R2_lower_bound,R2_upper_bound,m,m_lower_bound,m_upper_bound,unmatched exp pKas,unmatched pred pKas,"unmatched pred pKas [2,12]","unmatched pred pKas [4,10]"
hdiyq,S+pKa,0.6272344672633008,0.461752514465687,0.7695853029141981,0.4776923076923075,0.321153846153846,0.6438461538461535,0.15153846153846148,-0.09692307692307696,0.3903846153846153,0.9481165538376808,0.9085867253047026,0.976340068176802,1.037798155592902,0.9463263514791248,1.1638343272365776,0,251,80,26
ccpmw,ReSCoSS conformations // COSMOtherm pKa,0.7978745804660318,0.6163883640892447,0.9682895307626822,0.6388461538461537,0.4526923076923076,0.8423076923076922,-0.2426923076923077,-0.5403846153846155,0.071153846153846,0.9111975461251964,0.8211450018120435,0.9591023819603032,0.9809169766113334,0.8275874581150741,1.0900563151779,0,76,10,5
nb016,moka,1.0099031378434702,0.7459863619221957,1.2664483030695828,0.8147826086956522,0.5817391304347826,1.0708695652173914,-0.2721739130434785,-0.6613043478260872,0.13434782608695653,0.8716647558792276,0.7784476898312436,0.9384545421335074,0.9598449070389752,0.8062974960849201,1.1477009185304479,0,22,8,3
0wfzo,Explicit solvent submission 1,2.4181588037182338,1.3632505272326143,3.5753573247998576,1.61,1.036,2.398,0.2427999999999998,-0.5936000000000002,1.2899999999999998,0.5268540517592979,0.27139587955984024,0.7785556231627959,1.0800040491785847,0.8228264428601433,1.514867792579742,1,477,52,30
