ID,name,RMSE,RMSE_lower_bound,RMSE_upper_bound,MAE,MAE_lower_bound,MAE_upper_bound,ME,ME_lower_bound,ME_upper_bound,R2,R2_lower_bound,R2_upper_bound,m,m_lower_bound,m_upper_bound
hdiyq,S+pKa,0.6272344672633008,0.47279040729563143,0.7846238687324105,0.4776923076923075,0.33653846153846145,0.6507692307692305,0.15153846153846148,-0.0696153846153845,0.3826923076923076,0.9481165538376808,0.9094234822378421,0.9750722719645807,1.0377981555929021,0.9449207010252002,1.176894172885592
ccpmw,ReSCoSS conformations // COSMOtherm pKa,0.7978745804660318,0.6193917612029997,0.9490967365788459,0.6388461538461537,0.458076923076923,0.8207692307692306,-0.24269230769230773,-0.533846153846154,0.05846153846153839,0.9111975461251963,0.8178675733376042,0.9580582501837689,0.9809169766113334,0.8259757604926095,1.0977175021896395
0wfzo,Explicit solvent submission 1,2.4181588037182338,1.2402257858954553,3.5345081694629026,1.61,0.954,2.3716,0.2427999999999998,-0.5780000000000002,1.2355999999999998,0.5268540517592979,0.2417698593046067,0.8089079728400795,1.0800040491785847,0.779054562229676,1.4631000602558006
