{"hdiyq":{"name":"S+pKa","RMSE":0.6272344673,"RMSE_lower_bound":0.4657747888,"RMSE_upper_bound":0.7757229878,"MAE":0.4776923077,"MAE_lower_bound":0.3292307692,"MAE_upper_bound":0.6403846154,"ME":0.1515384615,"ME_lower_bound":-0.0865384615,"ME_upper_bound":0.3788461538,"R2":0.9481165538,"R2_lower_bound":0.9074418096,"R2_upper_bound":0.975304396,"m":1.0377981556,"m_lower_bound":0.9476151183,"m_upper_bound":1.1613003112},"epvmk":{"name":"EC-RISM\/MP2\/cc-pVTZ-P2-phi-noThiols-2par","RMSE":0.6522557014,"RMSE_lower_bound":0.4284079053,"RMSE_upper_bound":0.8490362183,"MAE":0.4945833333,"MAE_lower_bound":0.3345833333,"MAE_upper_bound":0.6741666667,"ME":0.02625,"ME_lower_bound":-0.2325,"ME_upper_bound":0.295,"R2":0.9361368094,"R2_lower_bound":0.848637674,"R2_upper_bound":0.9773732841,"m":0.9783570667,"m_lower_bound":0.9019562228,"m_upper_bound":1.0522546178},"xnoe0":{"name":"EC-RISM\/MP2\/cc-pVTZ-P2-phi-all-2par","RMSE":0.6553685986,"RMSE_lower_bound":0.4622423607,"RMSE_upper_bound":0.8427336471,"MAE":0.5204,"MAE_lower_bound":0.3752,"MAE_upper_bound":0.6876,"ME":-0.0892,"ME_lower_bound":-0.3364,"ME_upper_bound":0.164,"R2":0.9434042587,"R2_lower_bound":0.8596707875,"R2_upper_bound":0.9804526798,"m":1.0385547269,"m_lower_bound":0.9688790493,"m_upper_bound":1.0910234352},"4o0ia":{"name":"EC-RISM\/MP2\/cc-pVTZ-P3NI-phi-noThiols-2par","RMSE":0.6910916671,"RMSE_lower_bound":0.444712526,"RMSE_upper_bound":0.905899468,"MAE":0.4946153846,"MAE_lower_bound":0.3215384615,"MAE_upper_bound":0.6915384615,"ME":0.0576923077,"ME_lower_bound":-0.2007692308,"ME_upper_bound":0.3342307692,"R2":0.9242026575,"R2_lower_bound":0.8474872761,"R2_upper_bound":0.9719704284,"m":0.961268015,"m_lower_bound":0.8478098265,"m_upper_bound":1.0641731752},"gdqeg":{"name":"PCM\/B3LYP\/6-311+G(d,p)","RMSE":0.7033349131,"RMSE_lower_bound":0.4216301697,"RMSE_upper_bound":0.9604436475,"MAE":0.48,"MAE_lower_bound":0.2924,"MAE_upper_bound":0.694,"ME":0.1592,"ME_lower_bound":-0.0996,"ME_upper_bound":0.4384,"R2":0.9199853181,"R2_lower_bound":0.8204312916,"R2_upper_bound":0.9749113069,"m":0.939420173,"m_lower_bound":0.8362957914,"m_upper_bound":1.0545759096},"ftc8w":{"name":"EC-RISM\/MP2\/cc-pVTZ-P2-q-noThiols-2par","RMSE":0.7940957121,"RMSE_lower_bound":0.4853081495,"RMSE_upper_bound":1.0950543366,"MAE":0.5772,"MAE_lower_bound":0.3852,"MAE_upper_bound":0.8108,"ME":0.018,"ME_lower_bound":-0.2952,"ME_upper_bound":0.312,"R2":0.8999617824,"R2_lower_bound":0.7524418178,"R2_upper_bound":0.972016212,"m":0.8993109199,"m_lower_bound":0.8224745888,"m_upper_bound":0.9708032281},"ccpmw":{"name":"ReSCoSS conformations \/\/ COSMOtherm pKa","RMSE":0.7978745805,"RMSE_lower_bound":0.61683435,"RMSE_upper_bound":0.9538383995,"MAE":0.6388461538,"MAE_lower_bound":0.4573076923,"MAE_upper_bound":0.8219230769,"ME":-0.2426923077,"ME_lower_bound":-0.5369230769,"ME_upper_bound":0.0465384615,"R2":0.9111975461,"R2_lower_bound":0.8181766092,"R2_upper_bound":0.9584268422,"m":0.9809169766,"m_lower_bound":0.8218833807,"m_upper_bound":1.0917940052},"kxztt":{"name":"EC-RISM\/MP2\/6-311+G(d,p)-P3NI-q-noThiols-2par","RMSE":0.8468175719,"RMSE_lower_bound":0.5481824514,"RMSE_upper_bound":1.1384006325,"MAE":0.6308,"MAE_lower_bound":0.4248,"MAE_upper_bound":0.868,"ME":-0.0908,"ME_lower_bound":-0.43,"ME_upper_bound":0.2372,"R2":0.9233096784,"R2_lower_bound":0.813174046,"R2_upper_bound":0.9759854172,"m":1.1051764532,"m_lower_bound":1.014405572,"m_upper_bound":1.1905638371},"0xi4b":{"name":"EC-RISM\/B3LYP\/6-311+G(d,p)-P3NI-phi-noThiols-2par","RMSE":0.911918856,"RMSE_lower_bound":0.6412581383,"RMSE_upper_bound":1.1643865338,"MAE":0.698,"MAE_lower_bound":0.482,"MAE_upper_bound":0.9364,"ME":0.2756,"ME_lower_bound":-0.0684,"ME_upper_bound":0.622,"R2":0.8922983646,"R2_lower_bound":0.7724751278,"R2_upper_bound":0.9544352781,"m":0.9970824905,"m_lower_bound":0.8772065516,"m_upper_bound":1.1219267664},"cywyk":{"name":"EC-RISM\/B3LYP\/6-311+G(d,p)-P2-phi-noThiols-2par","RMSE":0.9331378,"RMSE_lower_bound":0.6655246629,"RMSE_upper_bound":1.1854178101,"MAE":0.7107692308,"MAE_lower_bound":0.4919230769,"MAE_upper_bound":0.9576923077,"ME":0.1715384615,"ME_lower_bound":-0.1769230769,"ME_upper_bound":0.5280769231,"R2":0.8702898268,"R2_lower_bound":0.7575790323,"R2_upper_bound":0.9376140856,"m":0.9504487552,"m_lower_bound":0.8187828938,"m_upper_bound":1.118875243},"nxaaw":{"name":"EC-RISM\/B3LYP\/6-311+G(d,p)-P3NI-q-noThiols-2par","RMSE":0.965194281,"RMSE_lower_bound":0.5937624493,"RMSE_upper_bound":1.3478672612,"MAE":0.6938461538,"MAE_lower_bound":0.4576923077,"MAE_upper_bound":0.9776923077,"ME":-0.0030769231,"ME_lower_bound":-0.3830769231,"ME_upper_bound":0.3457692308,"R2":0.8534403805,"R2_lower_bound":0.6565642042,"R2_upper_bound":0.9550511846,"m":0.9203336967,"m_lower_bound":0.7983479206,"m_upper_bound":1.0102353109},"eyetm":{"name":"ReSCoSS conformations \/\/ DSD-BLYP-D3 reranking \/\/ COSMOtherm pKa","RMSE":1.043492656,"RMSE_lower_bound":0.7226367318,"RMSE_upper_bound":1.3613299493,"MAE":0.7661538462,"MAE_lower_bound":0.5103846154,"MAE_upper_bound":1.0484615385,"ME":-0.4092307692,"ME_lower_bound":-0.7761538462,"ME_upper_bound":-0.0446153846,"R2":0.9151839371,"R2_lower_bound":0.8257220305,"R2_upper_bound":0.9624071447,"m":1.1596967373,"m_lower_bound":0.9977882711,"m_upper_bound":1.2979201499},"cm2yq":{"name":"EC-RISM\/MP2\/6-311+G(d,p)-P3NI-phi-noThiols-2par","RMSE":1.0733648029,"RMSE_lower_bound":0.4629384408,"RMSE_upper_bound":1.6693411874,"MAE":0.6112,"MAE_lower_bound":0.3284,"MAE_upper_bound":1.0076,"ME":0.1264,"ME_lower_bound":-0.2412,"ME_upper_bound":0.5916,"R2":0.8923920318,"R2_lower_bound":0.8060783823,"R2_upper_bound":0.9748608038,"m":1.1437320289,"m_lower_bound":0.9669589812,"m_upper_bound":1.3537119313},"2umai":{"name":"EC-RISM\/MP2\/6-311+G(d,p)-P3NI-phi-all-2par","RMSE":1.0847727873,"RMSE_lower_bound":0.483325977,"RMSE_upper_bound":1.6785720122,"MAE":0.6292,"MAE_lower_bound":0.3412,"MAE_upper_bound":1.022,"ME":0.0852,"ME_lower_bound":-0.2888,"ME_upper_bound":0.556,"R2":0.8919511172,"R2_lower_bound":0.7986640898,"R2_upper_bound":0.9740443405,"m":1.1515979102,"m_lower_bound":0.9673309566,"m_upper_bound":1.3691158349},"wuuvc":{"name":"EC-RISM\/MP2\/6-311+G(d,p)-P2-phi-noThiols-2par","RMSE":1.0858424592,"RMSE_lower_bound":0.5230568435,"RMSE_upper_bound":1.6622910511,"MAE":0.6653846154,"MAE_lower_bound":0.3934615385,"MAE_upper_bound":1.0465384615,"ME":0.2384615385,"ME_lower_bound":-0.1207692308,"ME_upper_bound":0.6865384615,"R2":0.850875436,"R2_lower_bound":0.7682639546,"R2_upper_bound":0.9551967797,"m":1.0203023288,"m_lower_bound":0.8159631361,"m_upper_bound":1.284804789},"ktpj5":{"name":"EC-RISM\/MP2\/6-311+G(d,p)-P2-phi-all-2par","RMSE":1.0946561104,"RMSE_lower_bound":0.5124997561,"RMSE_upper_bound":1.6769830053,"MAE":0.6592,"MAE_lower_bound":0.3748,"MAE_upper_bound":1.0448,"ME":0.2248,"ME_lower_bound":-0.154,"ME_upper_bound":0.688,"R2":0.8584845967,"R2_lower_bound":0.7811760758,"R2_upper_bound":0.9576048509,"m":1.0500939602,"m_lower_bound":0.8457457246,"m_upper_bound":1.3238323597},"arcko":{"name":"Vertical scheme for type I submission","RMSE":1.0951325877,"RMSE_lower_bound":0.7490455465,"RMSE_upper_bound":1.4098745171,"MAE":0.8153846154,"MAE_lower_bound":0.5457692308,"MAE_upper_bound":1.1111538462,"ME":0.4338461538,"ME_lower_bound":0.0626923077,"ME_upper_bound":0.8315384615,"R2":0.8646248293,"R2_lower_bound":0.7578907223,"R2_upper_bound":0.9338778378,"m":1.0240138307,"m_lower_bound":0.8953242142,"m_upper_bound":1.1998538863},"ko8yx":{"name":"Adiabatic scheme with single point correction for type I submission","RMSE":1.0984236957,"RMSE_lower_bound":0.8330273797,"RMSE_upper_bound":1.3524038427,"MAE":0.8926923077,"MAE_lower_bound":0.6580769231,"MAE_upper_bound":1.1476923077,"ME":0.4403846154,"ME_lower_bound":0.0476923077,"ME_upper_bound":0.8257692308,"R2":0.890331357,"R2_lower_bound":0.7565374085,"R2_upper_bound":0.9565476884,"m":1.1122898531,"m_lower_bound":0.9659495663,"m_upper_bound":1.2560784888},