ID,name,RMSE,RMSE_lower_bound,RMSE_upper_bound,MAE,MAE_lower_bound,MAE_upper_bound,ME,ME_lower_bound,ME_upper_bound,R2,R2_lower_bound,R2_upper_bound,m,m_lower_bound,m_upper_bound
hdiyq,S+pKa,0.6272344672633008,0.461752514465687,0.7695853029141981,0.4776923076923075,0.32115384615384596,0.6438461538461535,0.15153846153846148,-0.09692307692307695,0.3903846153846153,0.9481165538376808,0.9085867253047026,0.976340068176802,1.0377981555929021,0.9463263514791247,1.1638343272365776
ccpmw,ReSCoSS conformations // COSMOtherm pKa,0.7978745804660318,0.6163883640892447,0.9682895307626822,0.6388461538461537,0.45269230769230756,0.8423076923076922,-0.24269230769230773,-0.5403846153846155,0.071153846153846,0.9111975461251963,0.8211450018120435,0.9591023819603031,0.9809169766113334,0.8275874581150741,1.0900563151779001
nb016,moka,1.0099031378434702,0.7459863619221957,1.2664483030695828,0.8147826086956522,0.5817391304347826,1.0708695652173914,-0.2721739130434785,-0.6613043478260872,0.13434782608695653,0.8716647558792276,0.7784476898312436,0.9384545421335074,0.9598449070389751,0.8062974960849201,1.147700918530448
0wfzo,Explicit solvent submission 1,2.4181588037182338,1.3632505272326143,3.575357324799858,1.61,1.036,2.3979999999999997,0.2427999999999998,-0.5936000000000002,1.2899999999999998,0.5268540517592979,0.27139587955984024,0.778555623162796,1.0800040491785847,0.8228264428601433,1.514867792579742
