{"hdiyq":{"name":"S+pKa","RMSE":0.6272344673,"RMSE_lower_bound":0.4727904073,"RMSE_upper_bound":0.7846238687,"MAE":0.4776923077,"MAE_lower_bound":0.3365384615,"MAE_upper_bound":0.6507692308,"ME":0.1515384615,"ME_lower_bound":-0.0696153846,"ME_upper_bound":0.3826923077,"R2":0.9481165538,"R2_lower_bound":0.9094234822,"R2_upper_bound":0.975072272,"m":1.0377981556,"m_lower_bound":0.944920701,"m_upper_bound":1.1768941729},"ccpmw":{"name":"ReSCoSS conformations \/\/ COSMOtherm pKa","RMSE":0.7978745805,"RMSE_lower_bound":0.6193917612,"RMSE_upper_bound":0.9490967366,"MAE":0.6388461538,"MAE_lower_bound":0.4580769231,"MAE_upper_bound":0.8207692308,"ME":-0.2426923077,"ME_lower_bound":-0.5338461538,"ME_upper_bound":0.0584615385,"R2":0.9111975461,"R2_lower_bound":0.8178675733,"R2_upper_bound":0.9580582502,"m":0.9809169766,"m_lower_bound":0.8259757605,"m_upper_bound":1.0977175022},"0wfzo":{"name":"Explicit solvent submission 1","RMSE":2.4181588037,"RMSE_lower_bound":1.2402257859,"RMSE_upper_bound":3.5345081695,"MAE":1.61,"MAE_lower_bound":0.954,"MAE_upper_bound":2.3716,"ME":0.2428,"ME_lower_bound":-0.578,"ME_upper_bound":1.2356,"R2":0.5268540518,"R2_lower_bound":0.2417698593,"R2_upper_bound":0.8089079728,"m":1.0800040492,"m_lower_bound":0.7790545622,"m_upper_bound":1.4631000603}}