{"nb011":{"name":"Jaguar","RMSE":0.5091886457,"RMSE_lower_bound":0.3284286599,"RMSE_upper_bound":0.6876185213,"MAE":0.3773076923,"MAE_lower_bound":0.2553846154,"MAE_upper_bound":0.5084615385,"ME":-0.0119230769,"ME_lower_bound":-0.2042307692,"ME_upper_bound":0.1657692308,"R2":0.9613752538,"R2_lower_bound":0.9087626782,"R2_upper_bound":0.9865187374,"m":1.0202105127,"m_lower_bound":0.959474056,"m_upper_bound":1.0951225638},"hdiyq":{"name":"S+pKa","RMSE":0.6272344673,"RMSE_lower_bound":0.4732132386,"RMSE_upper_bound":0.7712801546,"MAE":0.4776923077,"MAE_lower_bound":0.3353846154,"MAE_upper_bound":0.6403846154,"ME":0.1515384615,"ME_lower_bound":-0.0634615385,"ME_upper_bound":0.4038461538,"R2":0.9481165538,"R2_lower_bound":0.9120362004,"R2_upper_bound":0.974722098,"m":1.0377981556,"m_lower_bound":0.9502932801,"m_upper_bound":1.1681156791},"epvmk":{"name":"EC-RISM\/MP2\/cc-pVTZ-P2-phi-noThiols-2par","RMSE":0.6522557014,"RMSE_lower_bound":0.4246910642,"RMSE_upper_bound":0.8440971508,"MAE":0.4945833333,"MAE_lower_bound":0.3295833333,"MAE_upper_bound":0.6733333333,"ME":0.02625,"ME_lower_bound":-0.2233333333,"ME_upper_bound":0.2908333333,"R2":0.9361368094,"R2_lower_bound":0.8534555895,"R2_upper_bound":0.9784662977,"m":0.9783570667,"m_lower_bound":0.9096770103,"m_upper_bound":1.0579594388},"xnoe0":{"name":"EC-RISM\/MP2\/cc-pVTZ-P2-phi-all-2par","RMSE":0.6553685986,"RMSE_lower_bound":0.4654460226,"RMSE_upper_bound":0.839676128,"MAE":0.5204,"MAE_lower_bound":0.3768,"MAE_upper_bound":0.6896,"ME":-0.0892,"ME_lower_bound":-0.3332,"ME_upper_bound":0.1804,"R2":0.9434042587,"R2_lower_bound":0.8639173408,"R2_upper_bound":0.9809231148,"m":1.0385547269,"m_lower_bound":0.9634943246,"m_upper_bound":1.0918464828},"4o0ia":{"name":"EC-RISM\/MP2\/cc-pVTZ-P3NI-phi-noThiols-2par","RMSE":0.6910916671,"RMSE_lower_bound":0.4459001268,"RMSE_upper_bound":0.9137707169,"MAE":0.4946153846,"MAE_lower_bound":0.3253846154,"MAE_upper_bound":0.6892307692,"ME":0.0576923077,"ME_lower_bound":-0.1861538462,"ME_upper_bound":0.3296153846,"R2":0.9242026575,"R2_lower_bound":0.8500480638,"R2_upper_bound":0.9735466811,"m":0.961268015,"m_lower_bound":0.8410839739,"m_upper_bound":1.0696169532},"gdqeg":{"name":"PCM\/B3LYP\/6-311+G(d,p)","RMSE":0.7033349131,"RMSE_lower_bound":0.4208752784,"RMSE_upper_bound":0.9630742443,"MAE":0.48,"MAE_lower_bound":0.2956,"MAE_upper_bound":0.7064,"ME":0.1592,"ME_lower_bound":-0.0984,"ME_upper_bound":0.44,"R2":0.9199853181,"R2_lower_bound":0.8226877003,"R2_upper_bound":0.9743504119,"m":0.939420173,"m_lower_bound":0.8252718266,"m_upper_bound":1.0558907819},"ftc8w":{"name":"EC-RISM\/MP2\/cc-pVTZ-P2-q-noThiols-2par","RMSE":0.7940957121,"RMSE_lower_bound":0.4909704675,"RMSE_upper_bound":1.1081732717,"MAE":0.5772,"MAE_lower_bound":0.3876,"MAE_upper_bound":0.8344,"ME":0.018,"ME_lower_bound":-0.2912,"ME_upper_bound":0.3396,"R2":0.8999617824,"R2_lower_bound":0.7364602227,"R2_upper_bound":0.9714101816,"m":0.8993109199,"m_lower_bound":0.8153551444,"m_upper_bound":0.9668558585},"ccpmw":{"name":"ReSCoSS conformations \/\/ COSMOtherm pKa","RMSE":0.7978745805,"RMSE_lower_bound":0.6146356019,"RMSE_upper_bound":0.9626166263,"MAE":0.6388461538,"MAE_lower_bound":0.4561538462,"MAE_upper_bound":0.825,"ME":-0.2426923077,"ME_lower_bound":-0.5103846154,"ME_upper_bound":0.0788461538,"R2":0.9111975461,"R2_lower_bound":0.8096094697,"R2_upper_bound":0.9575830689,"m":0.9809169766,"m_lower_bound":0.8151841386,"m_upper_bound":1.0944314701},"nb008":{"name":"Epik Microscopic","RMSE":0.8152054956,"RMSE_lower_bound":0.515251395,"RMSE_upper_bound":1.1045234266,"MAE":0.5712,"MAE_lower_bound":0.3624,"MAE_upper_bound":0.82,"ME":-0.08,"ME_lower_bound":-0.404,"ME_upper_bound":0.2232,"R2":0.9048706477,"R2_lower_bound":0.7896551382,"R2_upper_bound":0.9714148683,"m":0.8198150024,"m_lower_bound":0.7419414456,"m_upper_bound":0.9296626777},"kxztt":{"name":"EC-RISM\/MP2\/6-311+G(d,p)-P3NI-q-noThiols-2par","RMSE":0.8468175719,"RMSE_lower_bound":0.553714728,"RMSE_upper_bound":1.1611580426,"MAE":0.6308,"MAE_lower_bound":0.4304,"MAE_upper_bound":0.8832,"ME":-0.0908,"ME_lower_bound":-0.4568,"ME_upper_bound":0.2432,"R2":0.9233096784,"R2_lower_bound":0.8124679315,"R2_upper_bound":0.9758941972,"m":1.1051764532,"m_lower_bound":1.0200392681,"m_upper_bound":1.1939315863},"0xi4b":{"name":"EC-RISM\/B3LYP\/6-311+G(d,p)-P3NI-phi-noThiols-2par","RMSE":0.911918856,"RMSE_lower_bound":0.6419034195,"RMSE_upper_bound":1.1694494431,"MAE":0.698,"MAE_lower_bound":0.4808,"MAE_upper_bound":0.9324,"ME":0.2756,"ME_lower_bound":-0.0584,"ME_upper_bound":0.6176,"R2":0.8922983646,"R2_lower_bound":0.7866163372,"R2_upper_bound":0.956860375,"m":0.9970824905,"m_lower_bound":0.875051807,"m_upper_bound":1.1319185679},"cywyk":{"name":"EC-RISM\/B3LYP\/6-311+G(d,p)-P2-phi-noThiols-2par","RMSE":0.9331378,"RMSE_lower_bound":0.6736125341,"RMSE_upper_bound":1.1853383159,"MAE":0.7107692308,"MAE_lower_bound":0.5092307692,"MAE_upper_bound":0.9684615385,"ME":0.1715384615,"ME_lower_bound":-0.1926923077,"ME_upper_bound":0.5407692308,"R2":0.8702898268,"R2_lower_bound":0.7497003363,"R2_upper_bound":0.9400135316,"m":0.9504487552,"m_lower_bound":0.8173979737,"m_upper_bound":1.1136510606},"nxaaw":{"name":"EC-RISM\/B3LYP\/6-311+G(d,p)-P3NI-q-noThiols-2par","RMSE":0.965194281,"RMSE_lower_bound":0.5780637442,"RMSE_upper_bound":1.3702105397,"MAE":0.6938461538,"MAE_lower_bound":0.4503846154,"MAE_upper_bound":0.9653846154,"ME":-0.0030769231,"ME_lower_bound":-0.4334615385,"ME_upper_bound":0.3553846154,"R2":0.8534403805,"R2_lower_bound":0.6462092324,"R2_upper_bound":0.9570886869,"m":0.9203336967,"m_lower_bound":0.7997097865,"m_upper_bound":1.0128929587},"nb016":{"name":"MoKa","RMSE":1.0099031378,"RMSE_lower_bound":0.7291209717,"RMSE_upper_bound":1.2673045686,"MAE":0.8147826087,"MAE_lower_bound":0.56,"MAE_upper_bound":1.0808695652,"ME":-0.272173913,"ME_lower_bound":-0.7117391304,"ME_upper_bound":0.1482608696,"R2":0.8716647559,"R2_lower_bound":0.7724412929,"R2_upper_bound":0.9387381212,"m":0.959844907,"m_lower_bound":0.8039174155,"m_upper_bound":1.1567976462},"eyetm":{"name":"ReSCoSS conformations \/\/ DSD-BLYP-D3 reranking \/\/ COSMOtherm pKa","RMSE":1.043492656,"RMSE_lower_bound":0.7359400059,"RMSE_upper_bound":1.3612056308,"MAE":0.7661538462,"MAE_lower_bound":0.5088461538,"MAE_upper_bound":1.045,"ME":-0.4092307692,"ME_lower_bound":-0.7692307692,"ME_upper_bound":-0.0588461538,"R2":0.9151839371,"R2_lower_bound":0.8292026217,"R2_upper_bound":0.9647367261,"m":1.1596967373,"m_lower_bound":0.9777708269,"m_upper_bound":1.2969368248},"cm2yq":{"name":"EC-RISM\/MP2\/6-311+G(d,p)-P3NI-phi-noThiols-2par","RMSE":1.0733648029,"RMSE_lower_bound":0.4666819045,"RMSE_upper_bound":1.6808581142,"MAE":0.6112,"MAE_lower_bound":0.33,"MAE_upper_bound":0.9992,"ME":0.1264,"ME_lower_bound":-0.2308,"ME_upper_bound":0.6052,"R2":0.8923920318,"R2_lower_bound":0.7933457811,"R2_upper_bound":0.9752620448,"m":1.1437320289,"m_lower_bound":0.9720303772,"m_upper_bound":1.3658942579},"2umai":{"name":"EC-RISM\/MP2\/6-311+G(d,p)-P3NI-phi-all-2par","RMSE":1.0847727873,"RMSE_lower_bound":0.4730919572,"RMSE_upper_bound":1.7270367686,"MAE":0.6292,"MAE_lower_bound":0.3204,"MAE_upper_bound":1.0328,"ME":0.0852,"ME_lower_bound":-0.2944,"ME_upper_bound":0.5632,"R2":0.8919511172,"R2_lower_bound":0.805909821,"R2_upper_bound":0.9748258563,"m":1.1515979102,"m_lower_bound":0.9622574248,"m_upper_bound":1.3837282151},"wuuvc":{"name":"EC-RISM\/MP2\/6-311+G(d,p)-P2-phi-noThiols-2par","RMSE":1.0858424592,"RMSE_lower_bound":0.5071678527,"RMSE_upper_bound":1.7000260179,"MAE":0.6653846154,"MAE_lower_bound":0.385,"MAE_upper_bound":1.0388461538,"ME":0.2384615385,"ME_lower_bound":-0.1326923077,"ME_upper_bound":0.7692307692,"R2":0.850875436,"R2_lower_bound":0.763765378,"R2_upper_bound":0.9569047576,"m":1.0203023288,"m_lower_bound":0.8220350579,"m_upper_bound":1.3109786854},"ktpj5":{"name":"EC-RISM\/MP2\/6-311+G(d,p)-P2-phi-all-2par","RMSE":1.0946561104,"RMSE_lower_bound":0.5141595083,"RMSE_upper_bound":1.6774635615,"MAE":0.6592,