{"nb011":{"name":"Jaguar","RMSE":0.5091886457,"RMSE_lower_bound":0.3325946944,"RMSE_upper_bound":0.7000192305,"MAE":0.3773076923,"MAE_lower_bound":0.26,"MAE_upper_bound":0.5315384615,"ME":-0.0119230769,"ME_lower_bound":-0.2134615385,"ME_upper_bound":0.1834615385,"R2":0.9613752538,"R2_lower_bound":0.8998132181,"R2_upper_bound":0.9868646187,"m":1.0202105127,"m_lower_bound":0.9579380935,"m_upper_bound":1.0931366089},"hdiyq":{"name":"S+pKa","RMSE":0.6272344673,"RMSE_lower_bound":0.4526927979,"RMSE_upper_bound":0.7802539034,"MAE":0.4776923077,"MAE_lower_bound":0.3180769231,"MAE_upper_bound":0.6480769231,"ME":0.1515384615,"ME_lower_bound":-0.0857692308,"ME_upper_bound":0.3934615385,"R2":0.9481165538,"R2_lower_bound":0.9077691645,"R2_upper_bound":0.9763760134,"m":1.0377981556,"m_lower_bound":0.9507563386,"m_upper_bound":1.1603195748},"epvmk":{"name":"EC-RISM\/MP2\/cc-pVTZ-P2-phi-noThiols-2par","RMSE":0.6522557014,"RMSE_lower_bound":0.4214409804,"RMSE_upper_bound":0.8529263352,"MAE":0.4945833333,"MAE_lower_bound":0.33125,"MAE_upper_bound":0.6841666667,"ME":0.02625,"ME_lower_bound":-0.2533333333,"ME_upper_bound":0.2991666667,"R2":0.9361368094,"R2_lower_bound":0.8481283448,"R2_upper_bound":0.9787893816,"m":0.9783570667,"m_lower_bound":0.9039373186,"m_upper_bound":1.0567962774},"xnoe0":{"name":"EC-RISM\/MP2\/cc-pVTZ-P2-phi-all-2par","RMSE":0.6553685986,"RMSE_lower_bound":0.4565391549,"RMSE_upper_bound":0.8370185183,"MAE":0.5204,"MAE_lower_bound":0.3756,"MAE_upper_bound":0.6856,"ME":-0.0892,"ME_lower_bound":-0.336,"ME_upper_bound":0.1848,"R2":0.9434042587,"R2_lower_bound":0.8544021384,"R2_upper_bound":0.9817042321,"m":1.0385547269,"m_lower_bound":0.9635033184,"m_upper_bound":1.0938951256},"4o0ia":{"name":"EC-RISM\/MP2\/cc-pVTZ-P3NI-phi-noThiols-2par","RMSE":0.6910916671,"RMSE_lower_bound":0.4423581911,"RMSE_upper_bound":0.9221755214,"MAE":0.4946153846,"MAE_lower_bound":0.3257692308,"MAE_upper_bound":0.7011538462,"ME":0.0576923077,"ME_lower_bound":-0.2019230769,"ME_upper_bound":0.3569230769,"R2":0.9242026575,"R2_lower_bound":0.8492424543,"R2_upper_bound":0.9740452883,"m":0.961268015,"m_lower_bound":0.8525726,"m_upper_bound":1.0620862755},"gdqeg":{"name":"PCM\/B3LYP\/6-311+G(d,p)","RMSE":0.7033349131,"RMSE_lower_bound":0.4287236872,"RMSE_upper_bound":0.9811014219,"MAE":0.48,"MAE_lower_bound":0.3004,"MAE_upper_bound":0.7112,"ME":0.1592,"ME_lower_bound":-0.1096,"ME_upper_bound":0.4588,"R2":0.9199853181,"R2_lower_bound":0.8150850827,"R2_upper_bound":0.9731104822,"m":0.939420173,"m_lower_bound":0.8415556599,"m_upper_bound":1.0603965407},"ftc8w":{"name":"EC-RISM\/MP2\/cc-pVTZ-P2-q-noThiols-2par","RMSE":0.7940957121,"RMSE_lower_bound":0.490032652,"RMSE_upper_bound":1.0824730944,"MAE":0.5772,"MAE_lower_bound":0.3924,"MAE_upper_bound":0.8156,"ME":0.018,"ME_lower_bound":-0.3148,"ME_upper_bound":0.34,"R2":0.8999617824,"R2_lower_bound":0.7699557903,"R2_upper_bound":0.971795409,"m":0.8993109199,"m_lower_bound":0.8236578318,"m_upper_bound":0.9734784455},"ccpmw":{"name":"ReSCoSS conformations \/\/ COSMOtherm pKa","RMSE":0.7978745805,"RMSE_lower_bound":0.6299542108,"RMSE_upper_bound":0.9593788054,"MAE":0.6388461538,"MAE_lower_bound":0.4623076923,"MAE_upper_bound":0.8319230769,"ME":-0.2426923077,"ME_lower_bound":-0.5415384615,"ME_upper_bound":0.0511538462,"R2":0.9111975461,"R2_lower_bound":0.8239147717,"R2_upper_bound":0.957671072,"m":0.9809169766,"m_lower_bound":0.8350786905,"m_upper_bound":1.0930908516},"nb008":{"name":"Epik Microscopic","RMSE":0.8152054956,"RMSE_lower_bound":0.4959435452,"RMSE_upper_bound":1.1066977907,"MAE":0.5712,"MAE_lower_bound":0.3592,"MAE_upper_bound":0.8192,"ME":-0.08,"ME_lower_bound":-0.3884,"ME_upper_bound":0.2236,"R2":0.9048706477,"R2_lower_bound":0.7891248028,"R2_upper_bound":0.9712821948,"m":0.8198150024,"m_lower_bound":0.7485592536,"m_upper_bound":0.9161068588},"kxztt":{"name":"EC-RISM\/MP2\/6-311+G(d,p)-P3NI-q-noThiols-2par","RMSE":0.8468175719,"RMSE_lower_bound":0.5645281215,"RMSE_upper_bound":1.154074521,"MAE":0.6308,"MAE_lower_bound":0.4324,"MAE_upper_bound":0.8652,"ME":-0.0908,"ME_lower_bound":-0.432,"ME_upper_bound":0.2556,"R2":0.9233096784,"R2_lower_bound":0.7977440229,"R2_upper_bound":0.9750327319,"m":1.1051764532,"m_lower_bound":1.0196941096,"m_upper_bound":1.1976940773},"0xi4b":{"name":"EC-RISM\/B3LYP\/6-311+G(d,p)-P3NI-phi-noThiols-2par","RMSE":0.911918856,"RMSE_lower_bound":0.6526898191,"RMSE_upper_bound":1.1597689425,"MAE":0.698,"MAE_lower_bound":0.48,"MAE_upper_bound":0.9388,"ME":0.2756,"ME_lower_bound":-0.0848,"ME_upper_bound":0.6624,"R2":0.8922983646,"R2_lower_bound":0.7828378309,"R2_upper_bound":0.9566102147,"m":0.9970824905,"m_lower_bound":0.87665672,"m_upper_bound":1.1240600517},"cywyk":{"name":"EC-RISM\/B3LYP\/6-311+G(d,p)-P2-phi-noThiols-2par","RMSE":0.9331378,"RMSE_lower_bound":0.6585531928,"RMSE_upper_bound":1.2034102184,"MAE":0.7107692308,"MAE_lower_bound":0.4926923077,"MAE_upper_bound":0.9634615385,"ME":0.1715384615,"ME_lower_bound":-0.1730769231,"ME_upper_bound":0.5423076923,"R2":0.8702898268,"R2_lower_bound":0.7441556852,"R2_upper_bound":0.9390283501,"m":0.9504487552,"m_lower_bound":0.8135594553,"m_upper_bound":1.1198586713},"nxaaw":{"name":"EC-RISM\/B3LYP\/6-311+G(d,p)-P3NI-q-noThiols-2par","RMSE":0.965194281,"RMSE_lower_bound":0.5945133757,"RMSE_upper_bound":1.3707956701,"MAE":0.6938461538,"MAE_lower_bound":0.4553846154,"MAE_upper_bound":0.9742307692,"ME":-0.0030769231,"ME_lower_bound":-0.3930769231,"ME_upper_bound":0.3526923077,"R2":0.8534403805,"R2_lower_bound":0.6636488413,"R2_upper_bound":0.9534630029,"m":0.9203336967,"m_lower_bound":0.7964731163,"m_upper_bound":1.0117724317},"eyetm":{"name":"ReSCoSS conformations \/\/ DSD-BLYP-D3 reranking \/\/ COSMOtherm pKa","RMSE":1.043492656,"RMSE_lower_bound":0.7412515404,"RMSE_upper_bound":1.3676059936,"MAE":0.7661538462,"MAE_lower_bound":0.5180769231,"MAE_upper_bound":1.0296153846,"ME":-0.4092307692,"ME_lower_bound":-0.7815384615,"ME_upper_bound":-0.0503846154,"R2":0.9151839371,"R2_lower_bound":0.8146081305,"R2_upper_bound":0.9671927898,"m":1.1596967373,"m_lower_bound":0.9837531197,"m_upper_bound":1.3008206104},"cm2yq":{"name":"EC-RISM\/MP2\/6-311+G(d,p)-P3NI-phi-noThiols-2par","RMSE":1.0733648029,"RMSE_lower_bound":0.4538237543,"RMSE_upper_bound":1.6920815583,"MAE":0.6112,"MAE_lower_bound":0.3264,"MAE_upper_bound":1.0172,"ME":0.1264,"ME_lower_bound":-0.2344,"ME_upper_bound":0.602,"R2":0.8923920318,"R2_lower_bound":0.8124562918,"R2_upper_bound":0.9770407828,"m":1.1437320289,"m_lower_bound":0.9780659356,"m_upper_bound":1.3674642132},"2umai":{"name":"EC-RISM\/MP2\/6-311+G(d,p)-P3NI-phi-all-2par","RMSE":1.0847727873,"RMSE_lower_bound":0.4903019478,"RMSE_upper_bound":1.6797130707,"MAE":0.6292,"MAE_lower_bound":0.3476,"MAE_upper_bound":1.0384,"ME":0.0852,"ME_lower_bound":-0.298,"ME_upper_bound":0.5596,"R2":0.8919511172,"R2_lower_bound":0.8051735599,"R2_upper_bound":0.9734117648,"m":1.1515979102,"m_lower_bound":0.9740171656,"m_upper_bound":1.3644660075},"wuuvc":{"name":"EC-RISM\/MP2\/6-311+G(d,p)-P2-phi-noThiols-2par","RMSE":1.0858424592,"RMSE_lower_bound":0.5277309921,"RMSE_upper_bound":1.7983411159,"MAE":0.6653846154,"MAE_lower_bound":0.3973076923,"MAE_upper_bound":1.1092307692,"ME":0.2384615385,"ME_lower_bound":-0.1003846154,"ME_upper_bound":0.7676923077,"R2":0.850875436,"R2_lower_bound":0.7604411924,"R2_upper_bound":0.9553630784,"m":1.0203023288,"m_lower_bound":0.8180388842,"m_upper_bound":1.3033898203},"ktpj5":{"name":"EC-RISM\/MP2\/6-311+G(d,p)-P2-phi-all-2par","RMSE":1.0946561104,"RMSE_lower_bound":0.5230793439,"RMSE_upper_bound":1.6842921362,"MAE":0.6592,"MAE_lower_bound":0.3768,"MAE_upper_bound":1.0668,"ME":0.2248,"ME_lower_bound":-0.1336,"ME_upper_bound":0.6976,"R2":0.8584845967,"R2_lower_bound":0.7772253954,"R2_upper_bound":0.9592607852,"m":1.0500939602,"m_lower_bound":0.8447662152,"m_upper_bound":1.3209366781},"arcko":{"name":"Vertical scheme for type I submission","RMSE":1.0951325877,"RMSE_lower_bound":0.7654008502,"RMSE_upper_bound":1.4225424152,