{"hdiyq":{"name":"S+pKa","RMSE":0.6272344673,"RMSE_lower_bound":0.4617525145,"RMSE_upper_bound":0.7695853029,"MAE":0.4776923077,"MAE_lower_bound":0.3211538462,"MAE_upper_bound":0.6438461538,"ME":0.1515384615,"ME_lower_bound":-0.0969230769,"ME_upper_bound":0.3903846154,"R2":0.9481165538,"R2_lower_bound":0.9085867253,"R2_upper_bound":0.9763400682,"m":1.0377981556,"m_lower_bound":0.9463263515,"m_upper_bound":1.1638343272},"ccpmw":{"name":"ReSCoSS conformations \/\/ COSMOtherm pKa","RMSE":0.7978745805,"RMSE_lower_bound":0.6163883641,"RMSE_upper_bound":0.9682895308,"MAE":0.6388461538,"MAE_lower_bound":0.4526923077,"MAE_upper_bound":0.8423076923,"ME":-0.2426923077,"ME_lower_bound":-0.5403846154,"ME_upper_bound":0.0711538462,"R2":0.9111975461,"R2_lower_bound":0.8211450018,"R2_upper_bound":0.959102382,"m":0.9809169766,"m_lower_bound":0.8275874581,"m_upper_bound":1.0900563152},"nb016":{"name":"moka","RMSE":1.0099031378,"RMSE_lower_bound":0.7459863619,"RMSE_upper_bound":1.2664483031,"MAE":0.8147826087,"MAE_lower_bound":0.5817391304,"MAE_upper_bound":1.0708695652,"ME":-0.272173913,"ME_lower_bound":-0.6613043478,"ME_upper_bound":0.1343478261,"R2":0.8716647559,"R2_lower_bound":0.7784476898,"R2_upper_bound":0.9384545421,"m":0.959844907,"m_lower_bound":0.8062974961,"m_upper_bound":1.1477009185},"0wfzo":{"name":"Explicit solvent submission 1","RMSE":2.4181588037,"RMSE_lower_bound":1.3632505272,"RMSE_upper_bound":3.5753573248,"MAE":1.61,"MAE_lower_bound":1.036,"MAE_upper_bound":2.398,"ME":0.2428,"ME_lower_bound":-0.5936,"ME_upper_bound":1.29,"R2":0.5268540518,"R2_lower_bound":0.2713958796,"R2_upper_bound":0.7785556232,"m":1.0800040492,"m_lower_bound":0.8228264429,"m_upper_bound":1.5148677926}}