{"nb011":{"name":"Jaguar","RMSE":0.5091886457,"RMSE_lower_bound":0.3286627919,"RMSE_upper_bound":0.6914644437,"MAE":0.3773076923,"MAE_lower_bound":0.2592307692,"MAE_upper_bound":0.5123076923,"ME":-0.0119230769,"ME_lower_bound":-0.2119230769,"ME_upper_bound":0.1830769231,"R2":0.9613752538,"R2_lower_bound":0.9146147878,"R2_upper_bound":0.9868153109,"m":1.0202105127,"m_lower_bound":0.9596968733,"m_upper_bound":1.0951028479},"hdiyq":{"name":"S+pKa","RMSE":0.6272344673,"RMSE_lower_bound":0.4643937322,"RMSE_upper_bound":0.7816796511,"MAE":0.4776923077,"MAE_lower_bound":0.3288461538,"MAE_upper_bound":0.6573076923,"ME":0.1515384615,"ME_lower_bound":-0.0803846154,"ME_upper_bound":0.3892307692,"R2":0.9481165538,"R2_lower_bound":0.909628448,"R2_upper_bound":0.9752851027,"m":1.0377981556,"m_lower_bound":0.9502057276,"m_upper_bound":1.1639992965},"epvmk":{"name":"EC-RISM\/MP2\/cc-pVTZ-P2-phi-noThiols-2par","RMSE":0.6522557014,"RMSE_lower_bound":0.4396494816,"RMSE_upper_bound":0.8600436035,"MAE":0.4945833333,"MAE_lower_bound":0.3325,"MAE_upper_bound":0.6895833333,"ME":0.02625,"ME_lower_bound":-0.2325,"ME_upper_bound":0.2995833333,"R2":0.9361368094,"R2_lower_bound":0.8365337019,"R2_upper_bound":0.9770715218,"m":0.9783570667,"m_lower_bound":0.9040236587,"m_upper_bound":1.0537002125},"xnoe0":{"name":"EC-RISM\/MP2\/cc-pVTZ-P2-phi-all-2par","RMSE":0.6553685986,"RMSE_lower_bound":0.4582837549,"RMSE_upper_bound":0.8539906323,"MAE":0.5204,"MAE_lower_bound":0.3688,"MAE_upper_bound":0.6864,"ME":-0.0892,"ME_lower_bound":-0.3416,"ME_upper_bound":0.1724,"R2":0.9434042587,"R2_lower_bound":0.8561784618,"R2_upper_bound":0.982985829,"m":1.0385547269,"m_lower_bound":0.9726172728,"m_upper_bound":1.0961450922},"4o0ia":{"name":"EC-RISM\/MP2\/cc-pVTZ-P3NI-phi-noThiols-2par","RMSE":0.6910916671,"RMSE_lower_bound":0.438870929,"RMSE_upper_bound":0.9160660037,"MAE":0.4946153846,"MAE_lower_bound":0.325,"MAE_upper_bound":0.7042307692,"ME":0.0576923077,"ME_lower_bound":-0.2157692308,"ME_upper_bound":0.3446153846,"R2":0.9242026575,"R2_lower_bound":0.8437287193,"R2_upper_bound":0.9749982169,"m":0.961268015,"m_lower_bound":0.8393320585,"m_upper_bound":1.0630114201},"gdqeg":{"name":"PCM\/B3LYP\/6-311+G(d,p)","RMSE":0.7033349131,"RMSE_lower_bound":0.4211365574,"RMSE_upper_bound":0.9735378781,"MAE":0.48,"MAE_lower_bound":0.2952,"MAE_upper_bound":0.7,"ME":0.1592,"ME_lower_bound":-0.0996,"ME_upper_bound":0.4584,"R2":0.9199853181,"R2_lower_bound":0.8146147758,"R2_upper_bound":0.974300037,"m":0.939420173,"m_lower_bound":0.819878142,"m_upper_bound":1.0632817594},"ftc8w":{"name":"EC-RISM\/MP2\/cc-pVTZ-P2-q-noThiols-2par","RMSE":0.7940957121,"RMSE_lower_bound":0.4854152861,"RMSE_upper_bound":1.0898880676,"MAE":0.5772,"MAE_lower_bound":0.3836,"MAE_upper_bound":0.83,"ME":0.018,"ME_lower_bound":-0.2808,"ME_upper_bound":0.332,"R2":0.8999617824,"R2_lower_bound":0.7554214709,"R2_upper_bound":0.9741384714,"m":0.8993109199,"m_lower_bound":0.8248121973,"m_upper_bound":0.9704921433},"ccpmw":{"name":"ReSCoSS conformations \/\/ COSMOtherm pKa","RMSE":0.7978745805,"RMSE_lower_bound":0.6121777017,"RMSE_upper_bound":0.9540843375,"MAE":0.6388461538,"MAE_lower_bound":0.4611538462,"MAE_upper_bound":0.8284615385,"ME":-0.2426923077,"ME_lower_bound":-0.5388461538,"ME_upper_bound":0.0796153846,"R2":0.9111975461,"R2_lower_bound":0.8246100242,"R2_upper_bound":0.9599007797,"m":0.9809169766,"m_lower_bound":0.8196074515,"m_upper_bound":1.0844650925},"nb008":{"name":"Epik Microscopic","RMSE":0.8152054956,"RMSE_lower_bound":0.5099411731,"RMSE_upper_bound":1.1006325454,"MAE":0.5712,"MAE_lower_bound":0.3632,"MAE_upper_bound":0.8112,"ME":-0.08,"ME_lower_bound":-0.414,"ME_upper_bound":0.2312,"R2":0.9048706477,"R2_lower_bound":0.7705353165,"R2_upper_bound":0.9737159131,"m":0.8198150024,"m_lower_bound":0.7480951447,"m_upper_bound":0.9149304654},"kxztt":{"name":"EC-RISM\/MP2\/6-311+G(d,p)-P3NI-q-noThiols-2par","RMSE":0.8468175719,"RMSE_lower_bound":0.557806418,"RMSE_upper_bound":1.1658902178,"MAE":0.6308,"MAE_lower_bound":0.4344,"MAE_upper_bound":0.8872,"ME":-0.0908,"ME_lower_bound":-0.4324,"ME_upper_bound":0.248,"R2":0.9233096784,"R2_lower_bound":0.8127477454,"R2_upper_bound":0.9751189451,"m":1.1051764532,"m_lower_bound":1.0111867711,"m_upper_bound":1.1915862889},"0xi4b":{"name":"EC-RISM\/B3LYP\/6-311+G(d,p)-P3NI-phi-noThiols-2par","RMSE":0.911918856,"RMSE_lower_bound":0.6417912433,"RMSE_upper_bound":1.1780407463,"MAE":0.698,"MAE_lower_bound":0.4776,"MAE_upper_bound":0.952,"ME":0.2756,"ME_lower_bound":-0.0484,"ME_upper_bound":0.626,"R2":0.8922983646,"R2_lower_bound":0.7771657232,"R2_upper_bound":0.9536445218,"m":0.9970824905,"m_lower_bound":0.885796564,"m_upper_bound":1.1251493711},"cywyk":{"name":"EC-RISM\/B3LYP\/6-311+G(d,p)-P2-phi-noThiols-2par","RMSE":0.9331378,"RMSE_lower_bound":0.6748475611,"RMSE_upper_bound":1.1803470806,"MAE":0.7107692308,"MAE_lower_bound":0.4903846154,"MAE_upper_bound":0.9411538462,"ME":0.1715384615,"ME_lower_bound":-0.1865384615,"ME_upper_bound":0.5503846154,"R2":0.8702898268,"R2_lower_bound":0.7576873865,"R2_upper_bound":0.942965194,"m":0.9504487552,"m_lower_bound":0.8292022693,"m_upper_bound":1.1247938738},"nxaaw":{"name":"EC-RISM\/B3LYP\/6-311+G(d,p)-P3NI-q-noThiols-2par","RMSE":0.965194281,"RMSE_lower_bound":0.6055321881,"RMSE_upper_bound":1.3681458537,"MAE":0.6938461538,"MAE_lower_bound":0.4626923077,"MAE_upper_bound":0.99,"ME":-0.0030769231,"ME_lower_bound":-0.3892307692,"ME_upper_bound":0.3526923077,"R2":0.8534403805,"R2_lower_bound":0.6469648681,"R2_upper_bound":0.9568770085,"m":0.9203336967,"m_lower_bound":0.8031746961,"m_upper_bound":1.0092938802},"nb016":{"name":"MoKa","RMSE":1.0099031378,"RMSE_lower_bound":0.7516098664,"RMSE_upper_bound":1.2523369459,"MAE":0.8147826087,"MAE_lower_bound":0.5926086957,"MAE_upper_bound":1.0708695652,"ME":-0.272173913,"ME_lower_bound":-0.6839130435,"ME_upper_bound":0.1343478261,"R2":0.8716647559,"R2_lower_bound":0.7723670347,"R2_upper_bound":0.9388139517,"m":0.959844907,"m_lower_bound":0.8158232892,"m_upper_bound":1.147979686},"eyetm":{"name":"ReSCoSS conformations \/\/ DSD-BLYP-D3 reranking \/\/ COSMOtherm pKa","RMSE":1.043492656,"RMSE_lower_bound":0.7213209037,"RMSE_upper_bound":1.355964034,"MAE":0.7661538462,"MAE_lower_bound":0.5065384615,"MAE_upper_bound":1.0407692308,"ME":-0.4092307692,"ME_lower_bound":-0.7765384615,"ME_upper_bound":-0.0419230769,"R2":0.9151839371,"R2_lower_bound":0.8254677275,"R2_upper_bound":0.9623336799,"m":1.1596967373,"m_lower_bound":1.0031008664,"m_upper_bound":1.3169343504},"cm2yq":{"name":"EC-RISM\/MP2\/6-311+G(d,p)-P3NI-phi-noThiols-2par","RMSE":1.0733648029,"RMSE_lower_bound":0.4635213048,"RMSE_upper_bound":1.6572796988,"MAE":0.6112,"MAE_lower_bound":0.324,"MAE_upper_bound":0.9864,"ME":0.1264,"ME_lower_bound":-0.24,"ME_upper_bound":0.5984,"R2":0.8923920318,"R2_lower_bound":0.8040375592,"R2_upper_bound":0.9727113451,"m":1.1437320289,"m_lower_bound":0.9645856534,"m_upper_bound":1.3474758626},"2umai":{"name":"EC-RISM\/MP2\/6-311+G(d,p)-P3NI-phi-all-2par","RMSE":1.0847727873,"RMSE_lower_bound":0.4949060517,"RMSE_upper_bound":1.7222264659,"MAE":0.6292,"MAE_lower_bound":0.3396,"MAE_upper_bound":1.0688,"ME":0.0852,"ME_lower_bound":-0.2844,"ME_upper_bound":0.5916,"R2":0.8919511172,"R2_lower_bound":0.792476106,"R2_upper_bound":0.9715590075,"m":1.1515979102,"m_lower_bound":0.9624368183,"m_upper_bound":1.3672921188},"wuuvc":{"name":"EC-RISM\/MP2\/6-311+G(d,p)-P2-phi-noThiols-2par","RMSE":1.0858424592,"RMSE_lower_bound":0.5271913972,"RMSE_upper_bound":1.7156261472,"MAE":0.6653846154,"MAE_lower_bound":0.4015384615,"MAE_upper_bound":1.0919230769,"ME":0.2384615385,"ME_lower_bound":-0.1207692308,"ME_upper_bound":0.7130769231,"R2":0.850875436,"R2_lower_bound":0.7624455361,"R2_upper_bound":0.9546269223,"m":1.0203023288,"m_lower_bound":0.8165164764,"m_upper_bound":1.3051960513},"ktpj5":{"name":"EC-RISM\/MP2\/6-311+G(d,p)-P2-phi-all-2par","RMSE":1.0946561104,"RMSE_lower_bound":0.5215208529,"RMSE_upper_bound":1.7012818697,"MAE":0.6592,