ID,name,RMSE,RMSE_lower_bound,RMSE_upper_bound,MAE,MAE_lower_bound,MAE_upper_bound,ME,ME_lower_bound,ME_upper_bound,R2,R2_lower_bound,R2_upper_bound,m,m_lower_bound,m_upper_bound
hdiyq,S+pKa,0.6069651280482813,0.43509769018003297,0.7483002962269446,0.4499999999999998,0.2963333333333331,0.6076666666666666,0.09799999999999999,-0.1273333333333334,0.315,0.9498796123893266,0.9141703734663477,0.9758626485971177,1.011431869206979,0.934019305281537,1.1095463451657142
ccpmw,ReSCoSS conformations // COSMOtherm pKa,0.7595086130738303,0.5884386119214134,0.9126353780855381,0.5959999999999998,0.43366666666666653,0.7773333333333332,-0.22133333333333344,-0.4853333333333334,0.059666666666666576,0.9240113693408739,0.8547983668720771,0.9616187026226836,0.9818119315139453,0.8657203134610052,1.082858360594733
0wfzo,Explicit solvent submission 1,4.888824330381828,1.3652789702718882,7.997154077128521,2.1703333333333332,0.9920000000000002,3.9556666666666667,-0.6250000000000002,-2.6899999999999995,0.9476666666666667,0.21661571447773081,0.06269513465328,0.8084922797850406,0.9810776400751426,0.6913143453085444,1.28017206134869
