{"nb011":{"name":"Jaguar","RMSE":0.4682706689,"RMSE_lower_bound":0.2999623632,"RMSE_upper_bound":0.6484970217,"MAE":0.3290322581,"MAE_lower_bound":0.2206451613,"MAE_upper_bound":0.4603225806,"ME":-0.0187096774,"ME_lower_bound":-0.1948387097,"ME_upper_bound":0.1429032258,"R2":0.971344346,"R2_lower_bound":0.9356779295,"R2_upper_bound":0.9896078848,"m":1.0103771151,"m_lower_bound":0.9632461298,"m_upper_bound":1.061828139},"hdiyq":{"name":"S+pKa","RMSE":0.6240424923,"RMSE_lower_bound":0.4722902333,"RMSE_upper_bound":0.7693881105,"MAE":0.4680645161,"MAE_lower_bound":0.3219354839,"MAE_upper_bound":0.6383870968,"ME":0.1274193548,"ME_lower_bound":-0.09,"ME_upper_bound":0.3509677419,"R2":0.9501427068,"R2_lower_bound":0.9187229445,"R2_upper_bound":0.975564202,"m":0.9899067824,"m_lower_bound":0.9116763964,"m_upper_bound":1.0912003068},"epvmk":{"name":"EC-RISM\/MP2\/cc-pVTZ-P2-phi-noThiols-2par","RMSE":0.6309079391,"RMSE_lower_bound":0.4305489679,"RMSE_upper_bound":0.820935127,"MAE":0.4693103448,"MAE_lower_bound":0.3224137931,"MAE_upper_bound":0.6396551724,"ME":-0.0237931034,"ME_lower_bound":-0.2489655172,"ME_upper_bound":0.2227586207,"R2":0.9487355886,"R2_lower_bound":0.8902110418,"R2_upper_bound":0.9800750475,"m":0.9816674428,"m_lower_bound":0.9169735888,"m_upper_bound":1.050769751},"xnoe0":{"name":"EC-RISM\/MP2\/cc-pVTZ-P2-phi-all-2par","RMSE":0.6470831992,"RMSE_lower_bound":0.4545877253,"RMSE_upper_bound":0.8384847444,"MAE":0.499,"MAE_lower_bound":0.3496666667,"MAE_upper_bound":0.6713333333,"ME":-0.099,"ME_lower_bound":-0.3266666667,"ME_upper_bound":0.1283333333,"R2":0.9476192633,"R2_lower_bound":0.883280473,"R2_upper_bound":0.9807188621,"m":0.9947022977,"m_lower_bound":0.9250995716,"m_upper_bound":1.0589321558},"gdqeg":{"name":"PCM\/B3LYP\/6-311+G(d,p)","RMSE":0.6527454838,"RMSE_lower_bound":0.3930309572,"RMSE_upper_bound":0.898200052,"MAE":0.4336666667,"MAE_lower_bound":0.2743333333,"MAE_upper_bound":0.6213333333,"ME":0.113,"ME_lower_bound":-0.101,"ME_upper_bound":0.373,"R2":0.9412098798,"R2_lower_bound":0.8758319506,"R2_upper_bound":0.9805999387,"m":0.9451948352,"m_lower_bound":0.8723045341,"m_upper_bound":1.0231929979},"4o0ia":{"name":"EC-RISM\/MP2\/cc-pVTZ-P3NI-phi-noThiols-2par","RMSE":0.6638232373,"RMSE_lower_bound":0.4369358113,"RMSE_upper_bound":0.8502769947,"MAE":0.465483871,"MAE_lower_bound":0.3112903226,"MAE_upper_bound":0.634516129,"ME":0.0029032258,"ME_lower_bound":-0.1983870968,"ME_upper_bound":0.2490322581,"R2":0.9399215806,"R2_lower_bound":0.884150982,"R2_upper_bound":0.9769541649,"m":0.9665817004,"m_lower_bound":0.8673953424,"m_upper_bound":1.0481112787},"nb008":{"name":"Epik Microscopic","RMSE":0.7606554191,"RMSE_lower_bound":0.4674184421,"RMSE_upper_bound":1.0357621992,"MAE":0.523,"MAE_lower_bound":0.3243333333,"MAE_upper_bound":0.7546666667,"ME":-0.0843333333,"ME_lower_bound":-0.3646666667,"ME_upper_bound":0.1756666667,"R2":0.9300418845,"R2_lower_bound":0.8478790028,"R2_upper_bound":0.9782282415,"m":0.8529269779,"m_lower_bound":0.7865150662,"m_upper_bound":0.9273545934},"ccpmw":{"name":"ReSCoSS conformations \/\/ COSMOtherm pKa","RMSE":0.7883342995,"RMSE_lower_bound":0.6249825804,"RMSE_upper_bound":0.9369046497,"MAE":0.6219354839,"MAE_lower_bound":0.4609677419,"MAE_upper_bound":0.7867741935,"ME":-0.1690322581,"ME_lower_bound":-0.4390322581,"ME_upper_bound":0.1277419355,"R2":0.9190546674,"R2_lower_bound":0.8635462064,"R2_upper_bound":0.9572080926,"m":0.947938055,"m_lower_bound":0.8241193293,"m_upper_bound":1.0606834495},"0xi4b":{"name":"EC-RISM\/B3LYP\/6-311+G(d,p)-P3NI-phi-noThiols-2par","RMSE":0.8384728181,"RMSE_lower_bound":0.5815410562,"RMSE_upper_bound":1.0604040111,"MAE":0.613,"MAE_lower_bound":0.4266666667,"MAE_upper_bound":0.829,"ME":0.221,"ME_lower_bound":-0.0746666667,"ME_upper_bound":0.5126666667,"R2":0.9187440158,"R2_lower_bound":0.8447865354,"R2_upper_bound":0.9644542496,"m":0.9989472084,"m_lower_bound":0.9082085953,"m_upper_bound":1.0908866394},"cywyk":{"name":"EC-RISM\/B3LYP\/6-311+G(d,p)-P2-phi-noThiols-2par","RMSE":0.8603450171,"RMSE_lower_bound":0.6066858676,"RMSE_upper_bound":1.097908569,"MAE":0.6212903226,"MAE_lower_bound":0.4196774194,"MAE_upper_bound":0.8590322581,"ME":0.1316129032,"ME_lower_bound":-0.1332258065,"ME_upper_bound":0.4548387097,"R2":0.9037683066,"R2_lower_bound":0.8193042565,"R2_upper_bound":0.956847577,"m":0.9605288442,"m_lower_bound":0.8601026424,"m_upper_bound":1.0783730323},"ftc8w":{"name":"EC-RISM\/MP2\/cc-pVTZ-P2-q-noThiols-2par","RMSE":0.8609053749,"RMSE_lower_bound":0.5157331143,"RMSE_upper_bound":1.1817796858,"MAE":0.5880645161,"MAE_lower_bound":0.3877419355,"MAE_upper_bound":0.8403225806,"ME":0.1003225806,"ME_lower_bound":-0.2016129032,"ME_upper_bound":0.4216129032,"R2":0.8994197619,"R2_lower_bound":0.7757368212,"R2_upper_bound":0.9680329508,"m":0.9171960667,"m_lower_bound":0.8370982496,"m_upper_bound":0.9770638033},"nxaaw":{"name":"EC-RISM\/B3LYP\/6-311+G(d,p)-P3NI-q-noThiols-2par","RMSE":0.8940592461,"RMSE_lower_bound":0.5412351466,"RMSE_upper_bound":1.2384016754,"MAE":0.6148387097,"MAE_lower_bound":0.3970967742,"MAE_upper_bound":0.8638709677,"ME":-0.024516129,"ME_lower_bound":-0.3393548387,"ME_upper_bound":0.2932258065,"R2":0.8919381027,"R2_lower_bound":0.7620209208,"R2_upper_bound":0.9680441179,"m":0.9363239269,"m_lower_bound":0.8425609063,"m_upper_bound":1.0064313784},"nb016":{"name":"MoKa","RMSE":0.9515720076,"RMSE_lower_bound":0.6980662064,"RMSE_upper_bound":1.1771181516,"MAE":0.7667857143,"MAE_lower_bound":0.5689285714,"MAE_upper_bound":0.9864285714,"ME":-0.2253571429,"ME_lower_bound":-0.5989285714,"ME_upper_bound":0.1432142857,"R2":0.8947376632,"R2_lower_bound":0.8225633345,"R2_upper_bound":0.9496120183,"m":0.9353174533,"m_lower_bound":0.8258536805,"m_upper_bound":1.0826578438},"kxztt":{"name":"EC-RISM\/MP2\/6-311+G(d,p)-P3NI-q-noThiols-2par","RMSE":0.959349578,"RMSE_lower_bound":0.5699830218,"RMSE_upper_bound":1.3468122459,"MAE":0.6403225806,"MAE_lower_bound":0.4177419355,"MAE_upper_bound":0.925483871,"ME":0.0029032258,"ME_lower_bound":-0.3451612903,"ME_upper_bound":0.3419354839,"R2":0.9000792881,"R2_lower_bound":0.7706958784,"R2_upper_bound":0.9724693524,"m":1.0563681891,"m_lower_bound":0.9628954492,"m_upper_bound":1.1317473298},"eyetm":{"name":"ReSCoSS conformations \/\/ DSD-BLYP-D3 reranking \/\/ COSMOtherm pKa","RMSE":0.9785489587,"RMSE_lower_bound":0.6728442278,"RMSE_upper_bound":1.283426613,"MAE":0.7196774194,"MAE_lower_bound":0.4851612903,"MAE_upper_bound":0.9806451613,"ME":-0.3177419355,"ME_lower_bound":-0.6425806452,"ME_upper_bound":-0.0074193548,"R2":0.914922344,"R2_lower_bound":0.8516997947,"R2_upper_bound":0.9565523091,"m":1.0891567337,"m_lower_bound":0.9577163623,"m_upper_bound":1.2308098227},"cm2yq":{"name":"EC-RISM\/MP2\/6-311+G(d,p)-P3NI-phi-noThiols-2par","RMSE":0.9939533859,"RMSE_lower_bound":0.4551263561,"RMSE_upper_bound":1.5237027269,"MAE":0.561,"MAE_lower_bound":0.3346666667,"MAE_upper_bound":0.8963333333,"ME":0.103,"ME_lower_bound":-0.2133333333,"ME_upper_bound":0.489,"R2":0.9062472701,"R2_lower_bound":0.8386197963,"R2_upper_bound":0.9764598085,"m":1.0894409179,"m_lower_bound":0.9630308385,"m_upper_bound":1.2374833603},"2umai":{"name":"EC-RISM\/MP2\/6-311+G(d,p)-P3NI-phi-all-2par","RMSE":1.0038874439,"RMSE_lower_bound":0.4646898607,"RMSE_upper_bound":1.5620958144,"MAE":0.5743333333,"MAE_lower_bound":0.3333333333,"MAE_upper_bound":0.9186666667,"ME":0.067,"ME_lower_bound":-0.2456666667,"ME_upper_bound":0.4566666667,"R2":0.9056099446,"R2_lower_bound":0.8279091054,"R2_upper_bound":0.9775784489,"m":1.0956256074,"m_lower_bound":0.957540804,"m_upper_bound":1.2656342812},"ko8yx":{"name":"Adiabatic scheme with single point correction for type I submission","RMSE":1.0118507476,"RMSE_lower_bound":0.759335448,"RMSE_upper_bound":1.246969229,"MAE":0.7816129032,"MAE_lower_bound":0.5703225806,"MAE_upper_bound":1.0177419355,"ME":0.3487096774,"ME_lower_bound":0.0129032258,"ME_upper_bound":0.6851612903,"R2":0.9055980019,"R2_lower_bound":0.817751287,