{"nb011":{"name":"Jaguar","RMSE":0.3902947604,"RMSE_lower_bound":0.2057911563,"RMSE_upper_bound":0.5468637856,"MAE":0.317,"MAE_lower_bound":0.186,"MAE_upper_bound":0.479,"ME":0.153,"ME_lower_bound":-0.075,"ME_upper_bound":0.386,"R2":0.9435265901,"R2_lower_bound":0.1513619306,"R2_upper_bound":0.9922688588,"m":0.8988798664,"m_lower_bound":0.2524327528,"m_upper_bound":0.9925698721},"6tvf8":{"name":"OE Gaussian Process","RMSE":0.4182224289,"RMSE_lower_bound":0.2793564032,"RMSE_upper_bound":0.5524219402,"MAE":0.369,"MAE_lower_bound":0.264,"MAE_upper_bound":0.505,"ME":-0.105,"ME_lower_bound":-0.359,"ME_upper_bound":0.147,"R2":0.9257711761,"R2_lower_bound":0.333090845,"R2_upper_bound":0.984101828,"m":0.9106787831,"m_lower_bound":0.5653102126,"m_upper_bound":1.0867045373},"nb008":{"name":"Epik Microscopic","RMSE":0.4957261789,"RMSE_lower_bound":0.2265931253,"RMSE_upper_bound":0.7069810621,"MAE":0.3855555556,"MAE_lower_bound":0.1922222222,"MAE_upper_bound":0.61,"ME":-0.0522222222,"ME_lower_bound":-0.3822222222,"ME_upper_bound":0.2411111111,"R2":0.9070806566,"R2_lower_bound":0.0715570523,"R2_upper_bound":0.9910408473,"m":0.8211109365,"m_lower_bound":0.020745556,"m_upper_bound":1.0035851246},"nb016":{"name":"MoKa","RMSE":0.5158349681,"RMSE_lower_bound":0.2534335641,"RMSE_upper_bound":0.71,"MAE":0.4285714286,"MAE_lower_bound":0.2342857143,"MAE_upper_bound":0.65,"ME":-0.0914285714,"ME_lower_bound":-0.4242857143,"ME_upper_bound":0.3271428571,"R2":0.9216489355,"R2_lower_bound":0.0761900186,"R2_upper_bound":0.995260735,"m":0.9906728535,"m_lower_bound":0.1763085399,"m_upper_bound":1.1589844988},"ftc8w":{"name":"EC-RISM\/MP2\/cc-pVTZ-P2-q-noThiols-2par","RMSE":0.5853118827,"RMSE_lower_bound":0.3603331792,"RMSE_upper_bound":0.8450857945,"MAE":0.489,"MAE_lower_bound":0.307,"MAE_upper_bound":0.735,"ME":0.005,"ME_lower_bound":-0.335,"ME_upper_bound":0.427,"R2":0.8674391869,"R2_lower_bound":0.0185423255,"R2_upper_bound":0.979818223,"m":1.0090318699,"m_lower_bound":-0.1750515065,"m_upper_bound":1.1986398686},"cywyk":{"name":"EC-RISM\/B3LYP\/6-311+G(d,p)-P2-phi-noThiols-2par","RMSE":0.6089663373,"RMSE_lower_bound":0.3473902704,"RMSE_upper_bound":0.824014563,"MAE":0.474,"MAE_lower_bound":0.253,"MAE_upper_bound":0.739,"ME":0.006,"ME_lower_bound":-0.356,"ME_upper_bound":0.411,"R2":0.8483520519,"R2_lower_bound":0.0965929334,"R2_upper_bound":0.9730379181,"m":0.967940611,"m_lower_bound":0.4839745695,"m_upper_bound":1.3555487113},"ktpj5":{"name":"EC-RISM\/MP2\/6-311+G(d,p)-P2-phi-all-2par","RMSE":0.6270805371,"RMSE_lower_bound":0.3674098529,"RMSE_upper_bound":0.8462505539,"MAE":0.513,"MAE_lower_bound":0.302,"MAE_upper_bound":0.743,"ME":0.151,"ME_lower_bound":-0.25,"ME_upper_bound":0.502,"R2":0.8385307762,"R2_lower_bound":0.2660680563,"R2_upper_bound":0.9731249669,"m":0.7626524568,"m_lower_bound":0.3941396101,"m_upper_bound":1.4415253872},"cm2yq":{"name":"EC-RISM\/MP2\/6-311+G(d,p)-P3NI-phi-noThiols-2par","RMSE":0.6325820105,"RMSE_lower_bound":0.3212320034,"RMSE_upper_bound":0.9455315965,"MAE":0.482,"MAE_lower_bound":0.269,"MAE_upper_bound":0.783,"ME":0.154,"ME_lower_bound":-0.192,"ME_upper_bound":0.587,"R2":0.8326590626,"R2_lower_bound":0.0470577959,"R2_upper_bound":0.9823692753,"m":0.7769448513,"m_lower_bound":0.121543698,"m_upper_bound":1.1628209046},"2umai":{"name":"EC-RISM\/MP2\/6-311+G(d,p)-P3NI-phi-all-2par","RMSE":0.6344525199,"RMSE_lower_bound":0.3252691193,"RMSE_upper_bound":0.9148879713,"MAE":0.493,"MAE_lower_bound":0.264,"MAE_upper_bound":0.75,"ME":0.131,"ME_lower_bound":-0.214,"ME_upper_bound":0.529,"R2":0.8278137198,"R2_lower_bound":0.0667017822,"R2_upper_bound":0.9828504828,"m":0.7784940158,"m_lower_bound":0.3483322845,"m_upper_bound":1.1126829236},"gdqeg":{"name":"PCM\/B3LYP\/6-311+G(d,p)","RMSE":0.6406325,"RMSE_lower_bound":0.267787229,"RMSE_upper_bound":0.9347887462,"MAE":0.465,"MAE_lower_bound":0.216,"MAE_upper_bound":0.753,"ME":0.105,"ME_lower_bound":-0.305,"ME_upper_bound":0.482,"R2":0.8694535531,"R2_lower_bound":0.1134814789,"R2_upper_bound":0.9786846093,"m":0.6589861311,"m_lower_bound":0.3151379064,"m_upper_bound":1.0297263235},"wuuvc":{"name":"EC-RISM\/MP2\/6-311+G(d,p)-P2-phi-noThiols-2par","RMSE":0.6470085007,"RMSE_lower_bound":0.3961060464,"RMSE_upper_bound":0.8675021614,"MAE":0.54,"MAE_lower_bound":0.327,"MAE_upper_bound":0.768,"ME":0.204,"ME_lower_bound":-0.186,"ME_upper_bound":0.603,"R2":0.8355400603,"R2_lower_bound":0.2689419301,"R2_upper_bound":0.9725081009,"m":0.7598127006,"m_lower_bound":0.3930126439,"m_upper_bound":1.3056374189},"kxztt":{"name":"EC-RISM\/MP2\/6-311+G(d,p)-P3NI-q-noThiols-2par","RMSE":0.6486216154,"RMSE_lower_bound":0.3533553452,"RMSE_upper_bound":0.9322177857,"MAE":0.493,"MAE_lower_bound":0.266,"MAE_upper_bound":0.775,"ME":0.137,"ME_lower_bound":-0.236,"ME_upper_bound":0.563,"R2":0.8229221745,"R2_lower_bound":0.0538503201,"R2_upper_bound":0.9672838293,"m":0.8906718848,"m_lower_bound":0.305652416,"m_upper_bound":1.2801275603},"0xi4b":{"name":"EC-RISM\/B3LYP\/6-311+G(d,p)-P3NI-phi-noThiols-2par","RMSE":0.6622008759,"RMSE_lower_bound":0.4064726313,"RMSE_upper_bound":0.8902134575,"MAE":0.549,"MAE_lower_bound":0.328,"MAE_upper_bound":0.803,"ME":0.053,"ME_lower_bound":-0.313,"ME_upper_bound":0.472,"R2":0.8490184217,"R2_lower_bound":0.0582791308,"R2_upper_bound":0.9694823764,"m":1.0488111787,"m_lower_bound":0.3211730384,"m_upper_bound":1.4516931973},"hdiyq":{"name":"S+pKa","RMSE":0.6696192948,"RMSE_lower_bound":0.4625689138,"RMSE_upper_bound":0.8391364609,"MAE":0.561,"MAE_lower_bound":0.329,"MAE_upper_bound":0.804,"ME":0.381,"ME_lower_bound":0.041,"ME_upper_bound":0.711,"R2":0.8622073194,"R2_lower_bound":0.3392363404,"R2_upper_bound":0.9841043964,"m":0.8642411116,"m_lower_bound":0.4234845043,"m_upper_bound":1.2077515507},"xnoe0":{"name":"EC-RISM\/MP2\/cc-pVTZ-P2-phi-all-2par","RMSE":0.6785499245,"RMSE_lower_bound":0.3423010371,"RMSE_upper_bound":0.9548455372,"MAE":0.537,"MAE_lower_bound":0.298,"MAE_upper_bound":0.824,"ME":-0.075,"ME_lower_bound":-0.47,"ME_upper_bound":0.345,"R2":0.7979469202,"R2_lower_bound":0.0238480109,"R2_upper_bound":0.9705571913,"m":0.8587006559,"m_lower_bound":0.191671466,"m_upper_bound":1.145464697},"4o0ia":{"name":"EC-RISM\/MP2\/cc-pVTZ-P3NI-phi-noThiols-2par","RMSE":0.6879898255,"RMSE_lower_bound":0.2966479395,"RMSE_upper_bound":1.0023671982,"MAE":0.489,"MAE_lower_bound":0.211,"MAE_upper_bound":0.826,"ME":0.107,"ME_lower_bound":-0.32,"ME_upper_bound":0.578,"R2":0.7968086628,"R2_lower_bound":0.0822099248,"R2_upper_bound":0.9674552004,"m":0.8698906314,"m_lower_bound":0.3167062306,"m_upper_bound":1.3306876317},"z7fhp":{"name":"EC-RISM\/MP2\/6-311+G(d,p)-P2-phi-all-1par","RMSE":0.6993854445,"RMSE_lower_bound":0.4393176527,"RMSE_upper_bound":0.9591141746,"MAE":0.594,"MAE_lower_bound":0.397,"MAE_upper_bound":0.834,"ME":0.084,"ME_lower_bound":-0.339,"ME_upper_bound":0.517,"R2":0.8236555335,"R2_lower_bound":0.1652332284,"R2_upper_bound":0.9612087638,"m":1.0112599583,"m_lower_bound":0.5586191006,"m_upper_bound":1.8018924904},"epvmk":{"name":"EC-RISM\/MP2\/cc-pVTZ-P2-phi-noThiols-2par","RMSE":0.6995712973,"RMSE_lower_bound":0.3359728825,"RMSE_upper_bound":0.9923317098,"MAE":0.5133333333,"MAE_lower_bound":0.2488888889,"MAE_upper_bound":0.8255555556,"ME":0.1866666667,"ME_lower_bound":-0.2722222222,"ME_upper_bound":0.6333333333,"R2":0.8167298125,"R2_lower_bound":0.0795588019,"R2_upper_bound":0.9788889667,"m":0.8672386543,"m_lower_bound":0.2506945731,"m_upper_bound":1.2015158233},"8toyp":{"name":"EC-RISM\/MP2\/6-311+G(d,p)-P3NI-phi-all-1par","RMSE":0.7386744885,"RMSE_lower_bound":0.3306659946,"RMSE_upper_bound":1.1187493017,"MAE":0.54,"MAE_lower_bound":0.283,"MAE_upper_bound":0.893,"ME":0.184,"ME_lower_bound":-0.2,"ME_upper_bound":0.65,"R2":0.8280899093,"R2_lower_bound":0.0646727822,"R2_upper_bound":0.9819341864,"m":1.0522180682,"m_lower_bound":0.3910870087,"m_upper_bound":1.6473004345},"nxaaw":{"name":"EC-RISM\/B3LYP\/6-311+G(d,p)-P3NI-q-noThiols-2par","RMSE":0.8056736312,"RMSE_lower_bound":0.5560215823,