{"nb011":{"name":"Jaguar","RMSE":0.4682706689,"RMSE_lower_bound":0.2996826278,"RMSE_upper_bound":0.6404308026,"MAE":0.3290322581,"MAE_lower_bound":0.2206451613,"MAE_upper_bound":0.4590322581,"ME":-0.0187096774,"ME_lower_bound":-0.1890322581,"ME_upper_bound":0.1422580645,"R2":0.971344346,"R2_lower_bound":0.9356832969,"R2_upper_bound":0.9897629158,"m":1.0103771151,"m_lower_bound":0.9664824322,"m_upper_bound":1.0610535428},"hdiyq":{"name":"S+pKa","RMSE":0.6240424923,"RMSE_lower_bound":0.4758455971,"RMSE_upper_bound":0.756566949,"MAE":0.4680645161,"MAE_lower_bound":0.3277419355,"MAE_upper_bound":0.6180645161,"ME":0.1274193548,"ME_lower_bound":-0.0880645161,"ME_upper_bound":0.34,"R2":0.9501427068,"R2_lower_bound":0.9182281082,"R2_upper_bound":0.9742222861,"m":0.9899067824,"m_lower_bound":0.9170195848,"m_upper_bound":1.0875039505},"epvmk":{"name":"EC-RISM\/MP2\/cc-pVTZ-P2-phi-noThiols-2par","RMSE":0.6309079391,"RMSE_lower_bound":0.4365933956,"RMSE_upper_bound":0.8059584143,"MAE":0.4693103448,"MAE_lower_bound":0.3255172414,"MAE_upper_bound":0.6310344828,"ME":-0.0237931034,"ME_lower_bound":-0.2496551724,"ME_upper_bound":0.214137931,"R2":0.9487355886,"R2_lower_bound":0.8907939499,"R2_upper_bound":0.979828657,"m":0.9816674428,"m_lower_bound":0.9110699681,"m_upper_bound":1.0460668544},"xnoe0":{"name":"EC-RISM\/MP2\/cc-pVTZ-P2-phi-all-2par","RMSE":0.6470831992,"RMSE_lower_bound":0.4672757929,"RMSE_upper_bound":0.8127607274,"MAE":0.499,"MAE_lower_bound":0.359,"MAE_upper_bound":0.6513333333,"ME":-0.099,"ME_lower_bound":-0.3256666667,"ME_upper_bound":0.1303333333,"R2":0.9476192633,"R2_lower_bound":0.8893815079,"R2_upper_bound":0.9782322226,"m":0.9947022977,"m_lower_bound":0.9221816015,"m_upper_bound":1.0550602953},"gdqeg":{"name":"PCM\/B3LYP\/6-311+G(d,p)","RMSE":0.6527454838,"RMSE_lower_bound":0.4018167078,"RMSE_upper_bound":0.889994382,"MAE":0.4336666667,"MAE_lower_bound":0.273,"MAE_upper_bound":0.6216666667,"ME":0.113,"ME_lower_bound":-0.1086666667,"ME_upper_bound":0.349,"R2":0.9412098798,"R2_lower_bound":0.8742672016,"R2_upper_bound":0.9802746922,"m":0.9451948352,"m_lower_bound":0.8673640961,"m_upper_bound":1.0242117411},"4o0ia":{"name":"EC-RISM\/MP2\/cc-pVTZ-P3NI-phi-noThiols-2par","RMSE":0.6638232373,"RMSE_lower_bound":0.4384209202,"RMSE_upper_bound":0.8606542897,"MAE":0.465483871,"MAE_lower_bound":0.3093548387,"MAE_upper_bound":0.6451612903,"ME":0.0029032258,"ME_lower_bound":-0.22,"ME_upper_bound":0.2406451613,"R2":0.9399215806,"R2_lower_bound":0.8850958466,"R2_upper_bound":0.9773378662,"m":0.9665817004,"m_lower_bound":0.8699578474,"m_upper_bound":1.0492993822},"nb008":{"name":"Epik Microscopic","RMSE":0.7606554191,"RMSE_lower_bound":0.4831079934,"RMSE_upper_bound":1.0137603267,"MAE":0.523,"MAE_lower_bound":0.341,"MAE_upper_bound":0.7336666667,"ME":-0.0843333333,"ME_lower_bound":-0.358,"ME_upper_bound":0.1726666667,"R2":0.9300418845,"R2_lower_bound":0.8481375409,"R2_upper_bound":0.9764622867,"m":0.8529269779,"m_lower_bound":0.7847708256,"m_upper_bound":0.9246704206},"ccpmw":{"name":"ReSCoSS conformations \/\/ COSMOtherm pKa","RMSE":0.7883342995,"RMSE_lower_bound":0.6223343153,"RMSE_upper_bound":0.9340908984,"MAE":0.6219354839,"MAE_lower_bound":0.4570967742,"MAE_upper_bound":0.7941935484,"ME":-0.1690322581,"ME_lower_bound":-0.4377419355,"ME_upper_bound":0.1067741935,"R2":0.9190546674,"R2_lower_bound":0.8634223489,"R2_upper_bound":0.9565457016,"m":0.947938055,"m_lower_bound":0.8220167977,"m_upper_bound":1.0544963831},"0xi4b":{"name":"EC-RISM\/B3LYP\/6-311+G(d,p)-P3NI-phi-noThiols-2par","RMSE":0.8384728181,"RMSE_lower_bound":0.5881638094,"RMSE_upper_bound":1.0725639064,"MAE":0.613,"MAE_lower_bound":0.4193333333,"MAE_upper_bound":0.8323333333,"ME":0.221,"ME_lower_bound":-0.0653333333,"ME_upper_bound":0.515,"R2":0.9187440158,"R2_lower_bound":0.8388296851,"R2_upper_bound":0.9644547225,"m":0.9989472084,"m_lower_bound":0.9139988875,"m_upper_bound":1.0877122126},"cywyk":{"name":"EC-RISM\/B3LYP\/6-311+G(d,p)-P2-phi-noThiols-2par","RMSE":0.8603450171,"RMSE_lower_bound":0.6071509352,"RMSE_upper_bound":1.1044557848,"MAE":0.6212903226,"MAE_lower_bound":0.4251612903,"MAE_upper_bound":0.8470967742,"ME":0.1316129032,"ME_lower_bound":-0.1593548387,"ME_upper_bound":0.4490322581,"R2":0.9037683066,"R2_lower_bound":0.8216777247,"R2_upper_bound":0.9548479397,"m":0.9605288442,"m_lower_bound":0.8606181653,"m_upper_bound":1.0784295399},"ftc8w":{"name":"EC-RISM\/MP2\/cc-pVTZ-P2-q-noThiols-2par","RMSE":0.8609053749,"RMSE_lower_bound":0.5084511586,"RMSE_upper_bound":1.1640931678,"MAE":0.5880645161,"MAE_lower_bound":0.385483871,"MAE_upper_bound":0.8241935484,"ME":0.1003225806,"ME_lower_bound":-0.2016129032,"ME_upper_bound":0.4029032258,"R2":0.8994197619,"R2_lower_bound":0.7722914314,"R2_upper_bound":0.9696785061,"m":0.9171960667,"m_lower_bound":0.8368114722,"m_upper_bound":0.9793334746},"nxaaw":{"name":"EC-RISM\/B3LYP\/6-311+G(d,p)-P3NI-q-noThiols-2par","RMSE":0.8940592461,"RMSE_lower_bound":0.5599279908,"RMSE_upper_bound":1.2503496285,"MAE":0.6148387097,"MAE_lower_bound":0.41,"MAE_upper_bound":0.8641935484,"ME":-0.024516129,"ME_lower_bound":-0.35,"ME_upper_bound":0.2722580645,"R2":0.8919381027,"R2_lower_bound":0.7544408796,"R2_upper_bound":0.9649528708,"m":0.9363239269,"m_lower_bound":0.8509965746,"m_upper_bound":1.0026532117},"nb016":{"name":"MoKa","RMSE":0.9515720076,"RMSE_lower_bound":0.7023862389,"RMSE_upper_bound":1.1814246847,"MAE":0.7667857143,"MAE_lower_bound":0.565,"MAE_upper_bound":0.9871428571,"ME":-0.2253571429,"ME_lower_bound":-0.5692857143,"ME_upper_bound":0.1164285714,"R2":0.8947376632,"R2_lower_bound":0.8255178227,"R2_upper_bound":0.9465207082,"m":0.9353174533,"m_lower_bound":0.8207398477,"m_upper_bound":1.0702186098},"kxztt":{"name":"EC-RISM\/MP2\/6-311+G(d,p)-P3NI-q-noThiols-2par","RMSE":0.959349578,"RMSE_lower_bound":0.5623453192,"RMSE_upper_bound":1.3333017469,"MAE":0.6403225806,"MAE_lower_bound":0.4129032258,"MAE_upper_bound":0.9193548387,"ME":0.0029032258,"ME_lower_bound":-0.3174193548,"ME_upper_bound":0.3567741935,"R2":0.9000792881,"R2_lower_bound":0.7603853422,"R2_upper_bound":0.9727053664,"m":1.0563681891,"m_lower_bound":0.9564526894,"m_upper_bound":1.1295727057},"eyetm":{"name":"ReSCoSS conformations \/\/ DSD-BLYP-D3 reranking \/\/ COSMOtherm pKa","RMSE":0.9785489587,"RMSE_lower_bound":0.6920027037,"RMSE_upper_bound":1.2682805225,"MAE":0.7196774194,"MAE_lower_bound":0.5009677419,"MAE_upper_bound":0.9664516129,"ME":-0.3177419355,"ME_lower_bound":-0.6529032258,"ME_upper_bound":-0.005483871,"R2":0.914922344,"R2_lower_bound":0.8554950376,"R2_upper_bound":0.9567863191,"m":1.0891567337,"m_lower_bound":0.9464262234,"m_upper_bound":1.2256916116},"cm2yq":{"name":"EC-RISM\/MP2\/6-311+G(d,p)-P3NI-phi-noThiols-2par","RMSE":0.9939533859,"RMSE_lower_bound":0.443046273,"RMSE_upper_bound":1.5456918623,"MAE":0.561,"MAE_lower_bound":0.3193333333,"MAE_upper_bound":0.903,"ME":0.103,"ME_lower_bound":-0.2123333333,"ME_upper_bound":0.51,"R2":0.9062472701,"R2_lower_bound":0.8264779846,"R2_upper_bound":0.9774536101,"m":1.0894409179,"m_lower_bound":0.957666397,"m_upper_bound":1.2567281967},"2umai":{"name":"EC-RISM\/MP2\/6-311+G(d,p)-P3NI-phi-all-2par","RMSE":1.0038874439,"RMSE_lower_bound":0.4653099326,"RMSE_upper_bound":1.5493955811,"MAE":0.5743333333,"MAE_lower_bound":0.3296666667,"MAE_upper_bound":0.9173333333,"ME":0.067,"ME_lower_bound":-0.253,"ME_upper_bound":0.4656666667,"R2":0.9056099446,"R2_lower_bound":0.8245894917,"R2_upper_bound":0.9761460504,"m":1.0956256074,"m_lower_bound":0.9602668068,"m_upper_bound":1.2607202435},"ko8yx":{"name":"Adiabatic scheme with single point correction for type I submission","RMSE":1.0118507476,"RMSE_lower_bound":0.7525826501,"RMSE_upper_bound":1.2534841765,"MAE":0.7816129032,"MAE_lower_bound":0.5590322581,"MAE_upper_bound":1.0148387097,"ME":0.3487096774,"ME_lower_bound":0.0216129032,"ME_upper_bound":0.6870967742,"R2":0.9055980019,"R2_lower_bound":0.8149207473,"R2_upper_bound":0.9560379556,"m":1.0708579401,"m_lower_bound":0.9594348382,