,MAE,MAE_lower_CI,MAE_upper_CI,Molecule ID,RMSE,RMSE_lower_CI,RMSE_upper_CI
3,0.5868965517241381,0.4437931034482759,0.7500000000000002,SM09,0.7265886280989806,0.5261440736213767,0.9125882101908344
5,0.6134482758620687,0.3637931034482758,0.9341379310344827,SM13,0.9997361720939695,0.5024354479038524,1.4705640484826408
2,0.8241379310344829,0.556551724137931,1.1355172413793104,SM07,1.1493476410555685,0.7418894796396563,1.5426611579591487
4,0.8310714285714286,0.534642857142857,1.2725000000000004,SM12,1.3150787591840813,0.644179988157702,2.0303790990143407
1,1.0399999999999998,0.8306896551724136,1.2482758620689653,SM04,1.1847508104063993,0.9880981383620164,1.367130142885529
7,1.0585,0.7328333333333334,1.4498333333333338,SM15,1.7858438714885838,1.1264501764392423,2.490902781456287
0,1.150344827586207,0.7799999999999999,1.6724137931034482,SM02,1.7025741160635726,0.8672330156585806,2.5430757917841578
6,1.5614035087719298,0.8656140350877191,2.39140350877193,SM14,3.3123437401078375,1.9066191258948575,4.495115477704076
