,MAE,MAE_lower_CI,MAE_upper_CI,Molecule ID,RMSE,RMSE_lower_CI,RMSE_upper_CI
3,0.5868965517241381,0.4393103448275863,0.7524137931034486,SM09,0.7265886280989806,0.5228337904284621,0.9131774764240936
5,0.6134482758620687,0.36758620689655147,0.9299999999999998,SM13,0.9997361720939695,0.5080727615553531,1.4732616875490925
2,0.8241379310344829,0.5568965517241381,1.1427586206896552,SM07,1.1493476410555685,0.7457997327562611,1.5574968865856966
4,0.8310714285714286,0.5335714285714284,1.280714285714286,SM12,1.3150787591840813,0.6412237184811999,2.0378560162232127
1,1.0399999999999998,0.8365517241379308,1.2417241379310342,SM04,1.1847508104063993,0.9913487851372507,1.3635577197802862
7,1.0585,0.7263333333333334,1.4598333333333333,SM15,1.7858438714885838,1.1271239210190391,2.517691733844052
0,1.150344827586207,0.773793103448276,1.677586206896552,SM02,1.7025741160635726,0.8637927593088998,2.5887448696231155
6,1.5614035087719298,0.8726315789473683,2.3678947368421053,SM14,3.3123437401078375,1.9196746800416427,4.4783624043350265
