,MAE,MAE_lower_CI,MAE_upper_CI,Molecule ID,RMSE,RMSE_lower_CI,RMSE_upper_CI
3,0.5868965517241381,0.4420689655172414,0.753793103448276,SM09,0.7265886280989806,0.5254554674526303,0.9192519447523811
5,0.6134482758620687,0.3617241379310345,0.9282758620689655,SM13,0.9997361720939695,0.503902015653153,1.4846594872574141
2,0.8241379310344829,0.5579310344827586,1.1362068965517245,SM07,1.1493476410555685,0.7429066864873315,1.5422688168566063
4,0.8310714285714286,0.5367857142857143,1.2589285714285714,SM12,1.3150787591840813,0.6442077082964557,2.0243517480912256
1,1.0399999999999998,0.8320689655172412,1.2499999999999998,SM04,1.1847508104063993,0.9900679182554196,1.3711585838512497
7,1.0585,0.7320000000000001,1.4583333333333333,SM15,1.7858438714885838,1.1292482750337354,2.498404490870123
0,1.150344827586207,0.7741379310344827,1.6620689655172414,SM02,1.7025741160635726,0.8654857117488303,2.5335738694034835
6,1.5614035087719298,0.8521052631578947,2.370350877192983,SM14,3.3123437401078375,1.890009282442628,4.467499987728133
