,MAE,MAE_lower_CI,MAE_upper_CI,Molecule ID,RMSE,RMSE_lower_CI,RMSE_upper_CI
3,0.5868965517241381,0.4393103448275863,0.7486206896551727,SM09,0.7265886280989806,0.5235917072128521,0.9108900535493692
5,0.6134482758620687,0.3572413793103447,0.9324137931034481,SM13,0.9997361720939695,0.4954934844207825,1.4718168458018839
2,0.8241379310344829,0.5562068965517242,1.136896551724138,SM07,1.1493476410555685,0.7447517522059235,1.5339289198116326
4,0.8310714285714286,0.5417857142857141,1.253214285714286,SM12,1.3150787591840813,0.6497142228923201,2.0207804362247206
1,1.0399999999999998,0.8368965517241378,1.245862068965517,SM04,1.1847508104063993,0.9941154446247069,1.3680416408262148
7,1.0585,0.7395,1.4525000000000006,SM15,1.7858438714885838,1.1399232430299857,2.4982623961465698
0,1.150344827586207,0.7789655172413793,1.6779310344827585,SM02,1.7025741160635726,0.8694528600574437,2.554737316950745
6,1.5614035087719298,0.8599999999999999,2.3699999999999997,SM14,3.3123437401078375,1.8833448221975302,4.473148543781755
