,MAE,MAE_lower_CI,MAE_upper_CI,Molecule ID,RMSE,RMSE_lower_CI,RMSE_upper_CI
3,0.5868965517241381,0.4386206896551725,0.7506896551724139,SM09,0.7265886280989806,0.5220516555231701,0.9137625889504983
5,0.6134482758620687,0.3651724137931032,0.9327586206896551,SM13,0.9997361720939695,0.506941471150678,1.4664030588601766
2,0.8241379310344829,0.5520689655172416,1.1375862068965517,SM07,1.1493476410555685,0.7419870804712215,1.5482949465070635
4,0.8310714285714286,0.5392857142857144,1.2646428571428576,SM12,1.3150787591840813,0.6473407139984324,2.02836316838409
1,1.0399999999999998,0.8317241379310343,1.2486206896551721,SM04,1.1847508104063993,0.9896969233053117,1.3711636135678387
7,1.0585,0.7300000000000001,1.4574999999999998,SM15,1.7858438714885838,1.1224355957767318,2.507118864354062
0,1.150344827586207,0.7741379310344828,1.666206896551724,SM02,1.7025741160635726,0.8701803221766442,2.5368280493017537
6,1.5614035087719298,0.8661403508771928,2.3917543859649126,SM14,3.3123437401078375,1.9092158765204879,4.491392743006318
