,MAE,MAE_lower_CI,MAE_upper_CI,Molecule ID,RMSE,RMSE_lower_CI,RMSE_upper_CI
3,0.5868965517241381,0.44000000000000006,0.7517241379310347,SM09,0.7265886280989806,0.5237299909765297,0.9133964656425357
5,0.6134482758620687,0.36379310344827553,0.9331034482758619,SM13,0.9997361720939695,0.5054632562791047,1.477811756011873
2,0.8241379310344829,0.56,1.1441379310344828,SM07,1.1493476410555685,0.7487714075000831,1.5516242879751794
4,0.8310714285714286,0.5332142857142855,1.2696428571428573,SM12,1.3150787591840813,0.6419584988811303,2.0321944507635794
1,1.0399999999999998,0.8341379310344824,1.2496551724137928,SM04,1.1847508104063993,0.9923083502969049,1.3730446912383918
7,1.0585,0.7208333333333333,1.4518333333333335,SM15,1.7858438714885838,1.1109455432198285,2.5000633325311314
0,1.150344827586207,0.7741379310344828,1.6789655172413798,SM02,1.7025741160635726,0.8681232234161709,2.5507476929526858
6,1.5614035087719298,0.8607017543859647,2.407017543859649,SM14,3.3123437401078375,1.8904069922879645,4.516356433962724
