,MAE,MAE_lower_CI,MAE_upper_CI,Molecule ID,RMSE,RMSE_lower_CI,RMSE_upper_CI
3,0.5868965517241381,0.4396551724137931,0.7496551724137932,SM09,0.7265886280989806,0.5208977661294208,0.9110830992797
5,0.6134482758620687,0.36448275862068963,0.9362068965517242,SM13,0.9997361720939695,0.5102264541189123,1.4764904801355927
2,0.8241379310344829,0.5527586206896552,1.1382758620689657,SM07,1.1493476410555685,0.7451868546048449,1.547421659762926
4,0.8310714285714286,0.5357142857142856,1.2642857142857145,SM12,1.3150787591840813,0.6453874805107396,2.027769710790651
1,1.0399999999999998,0.8313793103448274,1.2413793103448278,SM04,1.1847508104063993,0.9880143793453126,1.3655717509148142
7,1.0585,0.7306666666666667,1.4601666666666666,SM15,1.7858438714885838,1.1213414585516168,2.5100926277729276
0,1.150344827586207,0.7817241379310345,1.6672413793103449,SM02,1.7025741160635726,0.867044126467263,2.545929814564741
6,1.5614035087719298,0.8673684210526316,2.396842105263158,SM14,3.3123437401078375,1.921075630720292,4.49656847720297
