,MAE,MAE_lower_CI,MAE_upper_CI,Molecule ID,RMSE,RMSE_lower_CI,RMSE_upper_CI
3,0.5868965517241381,0.4437931034482759,0.75,SM09,0.7265886280989806,0.5268645052540092,0.9115428376261789
5,0.6134482758620687,0.35620689655172394,0.9355172413793101,SM13,0.9997361720939695,0.4957196092898512,1.4807768231573586
2,0.8241379310344829,0.5558620689655172,1.1362068965517242,SM07,1.1493476410555685,0.7461418003348269,1.5391836170179798
4,0.8310714285714286,0.5346428571428572,1.2657142857142858,SM12,1.3150787591840813,0.6434449693419232,2.027081822296701
1,1.0399999999999998,0.8299999999999996,1.2444827586206897,SM04,1.1847508104063993,0.9883668172886223,1.3658179310177674
7,1.0585,0.7295,1.4543333333333337,SM15,1.7858438714885838,1.1329820534030242,2.5014559093988975
0,1.150344827586207,0.7727586206896554,1.6579310344827591,SM02,1.7025741160635726,0.8625103697527551,2.5362577645570377
6,1.5614035087719298,0.8794736842105262,2.389473684210526,SM14,3.3123437401078375,1.9136261161158683,4.495453648829217
