,MAE,MAE_lower_CI,MAE_upper_CI,Molecule ID,RMSE,RMSE_lower_CI,RMSE_upper_CI
3,0.5868965517241381,0.44206896551724145,0.7527586206896552,SM09,0.7265886280989806,0.5241939625222973,0.9112571838797288
5,0.6134482758620687,0.3634482758620688,0.9337931034482756,SM13,0.9997361720939695,0.5042577337720915,1.48564626596852
2,0.8241379310344829,0.5524137931034483,1.1403448275862071,SM07,1.1493476410555685,0.7404541942572163,1.5455386294662499
4,0.8310714285714286,0.5357142857142857,1.278214285714286,SM12,1.3150787591840813,0.6498131599599556,2.034343523456295
1,1.0399999999999998,0.8317241379310343,1.2465517241379307,SM04,1.1847508104063993,0.988516826989495,1.3687636001528707
7,1.0585,0.7291666666666666,1.4498333333333335,SM15,1.7858438714885838,1.1238386598321548,2.505406487312322
0,1.150344827586207,0.7841379310344827,1.673448275862069,SM02,1.7025741160635726,0.872440097736189,2.5567901482266717
6,1.5614035087719298,0.871578947368421,2.3777192982456135,SM14,3.3123437401078375,1.9437651110711764,4.491903046867345
