,MAE,MAE_lower_CI,MAE_upper_CI,Molecule ID,RMSE,RMSE_lower_CI,RMSE_upper_CI
3,0.5868965517241381,0.44068965517241404,0.7513793103448279,SM09,0.7265886280989806,0.521959173988105,0.910193234504592
5,0.6134482758620687,0.36241379310344823,0.9286206896551722,SM13,0.9997361720939695,0.5040559629575901,1.466351324511473
2,0.8241379310344829,0.5575862068965518,1.139310344827586,SM07,1.1493476410555685,0.7525725993160922,1.543739302629417
4,0.8310714285714286,0.5321428571428573,1.2553571428571428,SM12,1.3150787591840813,0.6388522073665731,2.02234923506585
1,1.0399999999999998,0.8303448275862066,1.2468965517241377,SM04,1.1847508104063993,0.9877438590213974,1.3654505382524087
7,1.0585,0.7366666666666667,1.4656666666666671,SM15,1.7858438714885838,1.1391100327302306,2.5056649150807586
0,1.150344827586207,0.7786206896551725,1.6793103448275863,SM02,1.7025741160635726,0.8705745229444749,2.55483044852093
6,1.5614035087719298,0.8629824561403509,2.374035087719298,SM14,3.3123437401078375,1.9020183185791157,4.469648127757364
