,MAE,MAE_lower_CI,MAE_upper_CI,Molecule ID,RMSE,RMSE_lower_CI,RMSE_upper_CI
3,0.5868965517241381,0.4410344827586208,0.7548275862068968,SM09,0.7265886280989806,0.5256457440861309,0.9166712643562859
5,0.6134482758620687,0.36517241379310333,0.9255172413793101,SM13,0.9997361720939695,0.5038506894322754,1.4658597571344287
2,0.8241379310344829,0.5510344827586208,1.1365517241379313,SM07,1.1493476410555685,0.7369087343481694,1.5503725914804458
4,0.8310714285714286,0.5335714285714285,1.2596428571428575,SM12,1.3150787591840813,0.6414576035427884,2.024586377510231
1,1.0399999999999998,0.8358620689655171,1.2458620689655173,SM04,1.1847508104063993,0.9923118252951986,1.3665095227849928
7,1.0585,0.7298333333333334,1.4591666666666672,SM15,1.7858438714885838,1.1279664593122145,2.509585291105551
0,1.150344827586207,0.7744827586206899,1.6751724137931034,SM02,1.7025741160635726,0.865270537721166,2.566417065039145
6,1.5614035087719298,0.8735087719298246,2.3773684210526316,SM14,3.3123437401078375,1.9418078030174997,4.488852273893863
