,MAE,MAE_lower_CI,MAE_upper_CI,Molecule ID,RMSE,RMSE_lower_CI,RMSE_upper_CI
3,0.5590909090909092,0.4227272727272729,0.7087878787878789,SM09,0.7011397647380798,0.5104454382738135,0.8703029775470569
5,0.6008823529411762,0.38705882352941173,0.8794117647058821,SM13,0.9541072205131318,0.5258410629928131,1.3879131605314756
4,0.78,0.5106249999999999,1.1653125000000002,SM12,1.2459885633504026,0.6252249595145735,1.9084900772600313
2,0.7921875,0.5440625,1.078125,SM07,1.1043705786555527,0.7117122838619551,1.4831933454543276
1,0.9720588235294116,0.7823529411764704,1.1611764705882355,SM04,1.1214551995982194,0.9365063361489118,1.295481967999464
7,0.9908571428571429,0.704857142857143,1.3374285714285714,SM15,1.6899019413648153,1.096145845353489,2.3381858046662707
0,1.0114705882352941,0.6791176470588236,1.4905882352941175,SM02,1.5757621871933074,0.800380424254249,2.3865049512525514
6,1.4040298507462687,0.8019402985074626,2.114179104477612,SM14,3.0637522112501685,1.7480979001922965,4.14329651004478
