,MAE,MAE_lower_CI,MAE_upper_CI,Molecule ID,RMSE,RMSE_lower_CI,RMSE_upper_CI
3,0.5590909090909092,0.4251515151515152,0.7112121212121214,SM09,0.7011397647380798,0.5149786697553894,0.873658278664369
5,0.6008823529411762,0.3832352941176469,0.8694117647058822,SM13,0.9541072205131318,0.522986334317019,1.38153048123747
4,0.78,0.5078125,1.1715625,SM12,1.2459885633504026,0.6257120943373238,1.9137332625002892
2,0.7921875,0.5475000000000001,1.085625,SM07,1.1043705786555527,0.7162947193718521,1.4817240802524605
1,0.9720588235294116,0.7867647058823527,1.161470588235294,SM04,1.1214551995982194,0.9391328916800294,1.2955432655612766
7,0.9908571428571429,0.6972857142857143,1.3408571428571427,SM15,1.6899019413648153,1.0821532767060842,2.3564101025561257
0,1.0114705882352941,0.6729411764705884,1.4829411764705884,SM02,1.5757621871933074,0.7971677807012996,2.3787008317690614
6,1.4040298507462687,0.8146268656716418,2.1104477611940293,SM14,3.0637522112501685,1.7813721023874207,4.137034051862355
