,MAE,MAE_lower_CI,MAE_upper_CI,Molecule ID,RMSE,RMSE_lower_CI,RMSE_upper_CI
3,0.5590909090909092,0.421818181818182,0.7100000000000002,SM09,0.7011397647380798,0.5130065862888679,0.8775706826406083
5,0.6008823529411762,0.3802941176470588,0.8761764705882351,SM13,0.9541072205131318,0.5198557492228013,1.3833356957220555
4,0.78,0.51625,1.1734375000000001,SM12,1.2459885633504026,0.6329469764522144,1.9158655028472118
2,0.7921875,0.5493750000000002,1.06875,SM07,1.1043705786555527,0.7206485794060793,1.4655289147608108
1,0.9720588235294116,0.7858823529411764,1.1608823529411765,SM04,1.1214551995982194,0.9367716778759847,1.2942440446294596
7,0.9908571428571429,0.6990000000000003,1.3465714285714288,SM15,1.6899019413648153,1.090571933829742,2.359631629846368
0,1.0114705882352941,0.6720588235294118,1.476470588235294,SM02,1.5757621871933074,0.7931174529145396,2.3709404934602243
6,1.4040298507462687,0.8091044776119403,2.109402985074627,SM14,3.0637522112501685,1.7670934901654396,4.144521649297122
