,MAE,MAE_lower_CI,MAE_upper_CI,Molecule ID,RMSE,RMSE_lower_CI,RMSE_upper_CI
3,0.5590909090909092,0.42272727272727284,0.7106060606060608,SM09,0.7011397647380798,0.5131542387306889,0.8743083846762261
5,0.6008823529411762,0.3852941176470588,0.874705882352941,SM13,0.9541072205131318,0.5223504570688149,1.3814815150665563
4,0.78,0.513125,1.17875,SM12,1.2459885633504026,0.6274651384738438,1.9184433794094629
2,0.7921875,0.5484375000000001,1.078125,SM07,1.1043705786555527,0.7203623220296854,1.4823028958347213
1,0.9720588235294116,0.7882352941176469,1.1647058823529408,SM04,1.1214551995982194,0.941136671952654,1.2982737407351166
7,0.9908571428571429,0.697857142857143,1.326428571428571,SM15,1.6899019413648153,1.0851398856500352,2.3375108861473017
0,1.0114705882352941,0.6723529411764706,1.474705882352941,SM02,1.5757621871933074,0.7969076262063768,2.3769295567279776
6,1.4040298507462687,0.8058208955223881,2.1129850746268657,SM14,3.0637522112501685,1.765313383873691,4.146861427814117
