,MAE,MAE_lower_CI,MAE_upper_CI,Molecule ID,RMSE,RMSE_lower_CI,RMSE_upper_CI
3,0.5590909090909092,0.4242424242424243,0.7100000000000002,SM09,0.7011397647380798,0.5160455699868283,0.8736062492838973
5,0.6008823529411762,0.3826470588235294,0.8805882352941173,SM13,0.9541072205131318,0.5208759590400408,1.3898381200701035
4,0.78,0.5128125000000001,1.1712500000000001,SM12,1.2459885633504026,0.6257170886271207,1.91393002092553
2,0.7921875,0.5431250000000001,1.0762500000000002,SM07,1.1043705786555527,0.7212554159242066,1.4763394342088136
1,0.9720588235294116,0.7782352941176469,1.1623529411764704,SM04,1.1214551995982194,0.9333856778038816,1.2927012302106913
7,0.9908571428571429,0.7028571428571428,1.344857142857143,SM15,1.6899019413648153,1.088857199085353,2.3459277786959136
0,1.0114705882352941,0.6758823529411764,1.4779411764705883,SM02,1.5757621871933074,0.79784820906353,2.3760353780293464
6,1.4040298507462687,0.8043283582089553,2.1077611940298504,SM14,3.0637522112501685,1.7572935432120966,4.151877834455007
