,MAE,MAE_lower_CI,MAE_upper_CI,Molecule ID,RMSE,RMSE_lower_CI,RMSE_upper_CI
3,0.5590909090909092,0.4212121212121213,0.7100000000000001,SM09,0.7011397647380798,0.5159222398537958,0.8739565206576356
5,0.6008823529411762,0.38205882352941173,0.8779411764705882,SM13,0.9541072205131318,0.5190007367103463,1.3869125677519238
4,0.78,0.5115624999999999,1.170625,SM12,1.2459885633504026,0.6265356135129112,1.9115684005548952
2,0.7921875,0.5468750000000001,1.078125,SM07,1.1043705786555527,0.7208978776498097,1.4798215686358946
1,0.9720588235294116,0.7844117647058821,1.1588235294117644,SM04,1.1214551995982194,0.9368438880561879,1.2936178179135942
7,0.9908571428571429,0.7005714285714285,1.3334285714285714,SM15,1.6899019413648153,1.091638349323752,2.3349248993734864
0,1.0114705882352941,0.6758823529411766,1.4732352941176474,SM02,1.5757621871933074,0.8014178611905864,2.3501633234860138
6,1.4040298507462687,0.804626865671642,2.102686567164179,SM14,3.0637522112501685,1.7681780824745237,4.136218079357034
