,MAE,MAE_lower_CI,MAE_upper_CI,Molecule ID,RMSE,RMSE_lower_CI,RMSE_upper_CI
3,0.5590909090909092,0.4227272727272729,0.7118181818181819,SM09,0.7011397647380798,0.5147491298357548,0.8749077873488365
5,0.6008823529411762,0.3838235294117646,0.8697058823529411,SM13,0.9541072205131318,0.522420835545219,1.3759253570725754
4,0.78,0.51375,1.1753125,SM12,1.2459885633504026,0.6311348904948926,1.916885494754447
2,0.7921875,0.5434375,1.0825,SM07,1.1043705786555527,0.7127937990751604,1.4799250403314352
1,0.9720588235294116,0.7855882352941173,1.157941176470588,SM04,1.1214551995982194,0.9342722867999204,1.2941645044992858
7,0.9908571428571429,0.6967142857142855,1.3352857142857142,SM15,1.6899019413648153,1.0897876595269114,2.3421412669362445
0,1.0114705882352941,0.6729411764705883,1.4629411764705884,SM02,1.5757621871933074,0.7978316201540567,2.339241330004239
6,1.4040298507462687,0.812686567164179,2.110746268656716,SM14,3.0637522112501685,1.7789184203522816,4.158467355441023
