,MAE,MAE_lower_CI,MAE_upper_CI,Molecule ID,RMSE,RMSE_lower_CI,RMSE_upper_CI
3,0.5590909090909092,0.42181818181818187,0.7103030303030303,SM09,0.7011397647380798,0.5123830243444485,0.8721290563380464
5,0.6008823529411762,0.38264705882352923,0.8758823529411761,SM13,0.9541072205131318,0.5215446515202813,1.3811035655675965
4,0.78,0.5106249999999999,1.1678125,SM12,1.2459885633504026,0.6269818577917547,1.9128300368825246
2,0.7921875,0.5503125,1.0793750000000002,SM07,1.1043705786555527,0.7158015611885743,1.4809941762208252
1,0.9720588235294116,0.7864705882352938,1.161764705882353,SM04,1.1214551995982194,0.9403644474976959,1.298126478021759
7,0.9908571428571429,0.6990000000000001,1.3342857142857145,SM15,1.6899019413648153,1.0904514137339114,2.3455367950946444
0,1.0114705882352941,0.6738235294117648,1.4747058823529413,SM02,1.5757621871933074,0.8005035180140943,2.363070037049262
6,1.4040298507462687,0.8073134328358207,2.0894029850746265,SM14,3.0637522112501685,1.7571410803118235,4.131366909064533
