Molecule ID,Accuracy,Accuracy lower bound,Accuracy upper bound,Accuracy (Charge 0),Accuracy lower bound (Charge 0),Accuracy upper bound (Charge 0),Accuracy (Charge 1),Accuracy lower bound (Charge 1),Accuracy upper bound (Charge 1)
SM15,1.0,1.0,1.0,1.0,1.0,1.0,1.0,1.0,1.0
SM12,0.9714285714285714,0.9264705882352942,1.0,0.9714285714285714,0.9142857142857143,1.0,0.9714285714285714,0.9142857142857143,1.0
SM09,0.9285714285714286,0.8625,0.9850746268656716,0.9714285714285714,0.9142857142857143,1.0,0.8857142857142857,0.7714285714285715,0.9714285714285714
SM07,0.9142857142857143,0.84375,0.9722222222222222,0.9714285714285714,0.9142857142857143,1.0,0.8571428571428571,0.7428571428571429,0.9714285714285714
SM02,0.9142857142857143,0.8450704225352113,0.9726027397260274,0.9714285714285714,0.9142857142857143,1.0,0.8571428571428571,0.7428571428571429,0.9714285714285714
SM04,0.9,0.825,0.9666666666666667,0.9714285714285714,0.9142857142857143,1.0,0.8285714285714286,0.6857142857142857,0.9428571428571428
SM13,0.8857142857142857,0.8051948051948052,0.9552238805970149,0.9714285714285714,0.9142857142857143,1.0,0.8,0.6571428571428571,0.9142857142857143
SM14,0.819047619047619,0.7428571428571429,0.8909090909090909,0.9714285714285714,0.9142857142857143,1.0,0.5428571428571428,0.37142857142857144,0.7142857142857143
