,MAE,MAE_lower_CI,MAE_upper_CI,Molecule ID,RMSE,RMSE_lower_CI,RMSE_upper_CI
3,0.5590909090909092,0.42212121212121234,0.7106060606060607,SM09,0.7011397647380798,0.5118593556827893,0.8765410671635657
5,0.6008823529411762,0.38617647058823534,0.8755882352941176,SM13,0.9541072205131318,0.5224996481845141,1.3831443291624042
4,0.78,0.5146875,1.1540625,SM12,1.2459885633504026,0.6262038406142204,1.9028005675845274
2,0.7921875,0.5493750000000002,1.0771875,SM07,1.1043705786555527,0.7210040741909856,1.4822312150943253
1,0.9720588235294116,0.7805882352941174,1.1620588235294116,SM04,1.1214551995982194,0.9339133351907223,1.2983745494225596
7,0.9908571428571429,0.6991428571428571,1.3377142857142856,SM15,1.6899019413648153,1.0897273577761157,2.363446031297762
0,1.0114705882352941,0.671470588235294,1.4717647058823529,SM02,1.5757621871933074,0.8013719852999165,2.3587054026458216
6,1.4040298507462687,0.8156716417910447,2.1007462686567164,SM14,3.0637522112501685,1.7710436252074817,4.159687308856602
