,MAE,MAE_lower_CI,MAE_upper_CI,Molecule ID,RMSE,RMSE_lower_CI,RMSE_upper_CI
3,0.5590909090909092,0.4209090909090909,0.7136363636363637,SM09,0.7011397647380798,0.5134612198038175,0.8774049201704959
5,0.6008823529411762,0.3820588235294116,0.8720588235294117,SM13,0.9541072205131318,0.5215531104871521,1.3825934709387109
4,0.78,0.5146875,1.1696875000000002,SM12,1.2459885633504026,0.629590640813537,1.9112185249206854
2,0.7921875,0.55375,1.0796875000000001,SM07,1.1043705786555527,0.7260617225828669,1.4883757926007801
1,0.9720588235294116,0.7864705882352938,1.16,SM04,1.1214551995982194,0.9382007185220514,1.2979927943242395
7,0.9908571428571429,0.706,1.3402857142857143,SM15,1.6899019413648153,1.1025470511501994,2.3513919889534125
0,1.0114705882352941,0.6744117647058824,1.485,SM02,1.5757621871933074,0.7954928180250351,2.3819190236643473
6,1.4040298507462687,0.8171641791044776,2.107014925373134,SM14,3.0637522112501685,1.791180299599022,4.150789710871968
