,MAE,MAE_lower_CI,MAE_upper_CI,Molecule ID,RMSE,RMSE_lower_CI,RMSE_upper_CI
3,0.5590909090909092,0.4215151515151515,0.7109090909090912,SM09,0.7011397647380798,0.5110091026883016,0.875633104292736
5,0.6008823529411762,0.3867647058823529,0.8767647058823528,SM13,0.9541072205131318,0.5231297218495168,1.3805305885355645
4,0.78,0.5109375000000002,1.163125,SM12,1.2459885633504026,0.6267525428747777,1.904727670823312
2,0.7921875,0.5434375000000001,1.0809375,SM07,1.1043705786555527,0.7139174497096986,1.4811038957480331
1,0.9720588235294116,0.7867647058823527,1.1588235294117644,SM04,1.1214551995982194,0.9378824710014386,1.2957566492662296
7,0.9908571428571429,0.6950000000000002,1.3450000000000002,SM15,1.6899019413648153,1.0827537643830727,2.379646732485427
0,1.0114705882352941,0.6729411764705883,1.4879411764705888,SM02,1.5757621871933074,0.7951692383681972,2.403282069562862
6,1.4040298507462687,0.808507462686567,2.1202985074626866,SM14,3.0637522112501685,1.7745199056427596,4.154760980606484
