{"xvxzd":{"name":"Full quantum chemical calculation of free energies and fit to experimental pKa","RMSE":0.6800760607,"RMSE_lower_bound":0.5444358041,"RMSE_upper_bound":0.8132395838,"MAE":0.5786206897,"MAE_lower_bound":0.4503448276,"MAE_upper_bound":0.7120689655,"ME":-0.2351724138,"ME_lower_bound":-0.4586206897,"ME_upper_bound":0.0024137931,"R2":0.9373019916,"R2_lower_bound":0.875959136,"R2_upper_bound":0.9727117302,"m":1.0153730965,"m_lower_bound":0.913249207,"m_upper_bound":1.1152249542},"gyuhx":{"name":"S+pKa","RMSE":0.7319946236,"RMSE_lower_bound":0.5565069631,"RMSE_upper_bound":0.9122800221,"MAE":0.585483871,"MAE_lower_bound":0.4377419355,"MAE_upper_bound":0.744516129,"ME":-0.034516129,"ME_lower_bound":-0.2819354839,"ME_upper_bound":0.2261290323,"R2":0.9289338327,"R2_lower_bound":0.8793885976,"R2_upper_bound":0.9656288972,"m":0.948471277,"m_lower_bound":0.8367088552,"m_upper_bound":1.0470539321},"xmyhm":{"name":"ACD\/pKa Classic","RMSE":0.7865461453,"RMSE_lower_bound":0.5152763117,"RMSE_upper_bound":1.0332566742,"MAE":0.5635483871,"MAE_lower_bound":0.3819354839,"MAE_upper_bound":0.7674193548,"ME":-0.1338709677,"ME_lower_bound":-0.4009677419,"ME_upper_bound":0.1422580645,"R2":0.9189786969,"R2_lower_bound":0.8480712693,"R2_upper_bound":0.9682619831,"m":0.9563620243,"m_lower_bound":0.8414799341,"m_upper_bound":1.0684296012},"nb007":{"name":"Epik-sequential","RMSE":0.9682075224,"RMSE_lower_bound":0.7666159404,"RMSE_upper_bound":1.1670876353,"MAE":0.8103225806,"MAE_lower_bound":0.6312903226,"MAE_upper_bound":0.9967741935,"ME":-0.0251612903,"ME_lower_bound":-0.3541935484,"ME_upper_bound":0.3222580645,"R2":0.8706802643,"R2_lower_bound":0.7679042417,"R2_upper_bound":0.9340105169,"m":0.9966595086,"m_lower_bound":0.8574793317,"m_upper_bound":1.1179875487},"8xt50":{"name":"ReSCoSS conformations \/\/ DSD-BLYP-D3 reranking \/\/ COSMOtherm pKa","RMSE":1.0714295545,"RMSE_lower_bound":0.7850518783,"RMSE_upper_bound":1.3528917655,"MAE":0.8141935484,"MAE_lower_bound":0.5838709677,"MAE_upper_bound":1.0622580645,"ME":0.4748387097,"ME_lower_bound":0.144516129,"ME_upper_bound":0.8138709677,"R2":0.9055345285,"R2_lower_bound":0.8394914421,"R2_upper_bound":0.9520613583,"m":0.8399273238,"m_lower_bound":0.7483880441,"m_upper_bound":0.9558045173},"yqkga":{"name":"ReSCoSS conformations \/\/ COSMOtherm pKa","RMSE":1.0868777419,"RMSE_lower_bound":0.7381034983,"RMSE_upper_bound":1.4467003613,"MAE":0.7993548387,"MAE_lower_bound":0.5612903226,"MAE_upper_bound":1.0738709677,"ME":0.1664516129,"ME_lower_bound":-0.2274193548,"ME_upper_bound":0.5203225806,"R2":0.8464660158,"R2_lower_bound":0.7213951607,"R2_upper_bound":0.9423366472,"m":0.9239996801,"m_lower_bound":0.7992981144,"m_upper_bound":1.0790194281},"p0jba":{"name":"macroscopic pKa prediction from microscopic pKa predicted with Gaussian and separate fitting for neutral to negative and for positive to neutral transformations","RMSE":1.314747124,"RMSE_lower_bound":0.6874881817,"RMSE_upper_bound":1.72756476,"MAE":1.084,"MAE_lower_bound":0.428,"MAE_upper_bound":1.72,"ME":0.924,"ME_lower_bound":0.128,"ME_upper_bound":1.72,"R2":0.9099462335,"R2_lower_bound":0.5221912357,"R2_upper_bound":1.0,"m":0.7681553016,"m_lower_bound":0.5582524272,"m_upper_bound":1.5164498996},"37xm8":{"name":"ACD\/pKa GALAS","RMSE":1.4131100453,"RMSE_lower_bound":0.9276403757,"RMSE_upper_bound":1.8452054989,"MAE":1.008,"MAE_lower_bound":0.6813333333,"MAE_upper_bound":1.382,"ME":0.1826666667,"ME_lower_bound":-0.3113333333,"ME_upper_bound":0.6916666667,"R2":0.8335134007,"R2_lower_bound":0.7007570374,"R2_upper_bound":0.9262243425,"m":0.7214425006,"m_lower_bound":0.5900508606,"m_upper_bound":0.868358134},"mkhqa":{"name":"EC-RISM\/MP2\/cc-pVTZ-P2-phi-all-2par","RMSE":1.59610817,"RMSE_lower_bound":1.141282527,"RMSE_upper_bound":2.0418081803,"MAE":1.2387096774,"MAE_lower_bound":0.9077419355,"MAE_upper_bound":1.6125806452,"ME":0.3161290323,"ME_lower_bound":-0.2183870968,"ME_upper_bound":0.8864516129,"R2":0.8031710687,"R2_lower_bound":0.6650239666,"R2_upper_bound":0.9044565665,"m":0.704667184,"m_lower_bound":0.5677259156,"m_upper_bound":0.8363032613},"ttjd0":{"name":"EC-RISM\/MP2\/cc-pVTZ-P2-phi-noThiols-2par","RMSE":1.6417329554,"RMSE_lower_bound":1.1959272283,"RMSE_upper_bound":2.0672187955,"MAE":1.2958064516,"MAE_lower_bound":0.9564516129,"MAE_upper_bound":1.6690322581,"ME":0.1216129032,"ME_lower_bound":-0.4429032258,"ME_upper_bound":0.7,"R2":0.8127154848,"R2_lower_bound":0.6861098204,"R2_upper_bound":0.9077371898,"m":0.6783211906,"m_lower_bound":0.5493943729,"m_upper_bound":0.8019432831},"nb001":{"name":"EC-RISM\/MP2\/6-311+G(d,p)-P2-phi-all-2par","RMSE":1.6848480356,"RMSE_lower_bound":1.0599041344,"RMSE_upper_bound":2.374264572,"MAE":1.2132258065,"MAE_lower_bound":0.8467741935,"MAE_upper_bound":1.6706451613,"ME":-0.4422580645,"ME_lower_bound":-1.0529032258,"ME_upper_bound":0.0909677419,"R2":0.7970369577,"R2_lower_bound":0.697282121,"R2_upper_bound":0.8987367248,"m":0.689301123,"m_lower_bound":0.5372761921,"m_upper_bound":0.8818508371},"nb002":{"name":"EC-RISM\/MP2\/6-311+G(d,p)-P2-phi-noThiols-2par","RMSE":1.703466106,"RMSE_lower_bound":1.0796624323,"RMSE_upper_bound":2.3630563861,"MAE":1.2461290323,"MAE_lower_bound":0.8880645161,"MAE_upper_bound":1.6841935484,"ME":-0.5093548387,"ME_lower_bound":-1.0932258065,"ME_upper_bound":0.0370967742,"R2":0.795563712,"R2_lower_bound":0.6971568765,"R2_upper_bound":0.8988470066,"m":0.6901516602,"m_lower_bound":0.5405588102,"m_upper_bound":0.8873940158},"35bdm":{"name":"macroscopic pKa prediction from microscopic pKa predicted with Gaussian and global fitting","RMSE":1.718644815,"RMSE_lower_bound":0.6645750522,"RMSE_upper_bound":2.3379093225,"MAE":1.442,"MAE_lower_bound":0.622,"MAE_upper_bound":2.262,"ME":1.006,"ME_lower_bound":-0.134,"ME_upper_bound":2.178,"R2":0.9187503813,"R2_lower_bound":0.4629084321,"R2_upper_bound":1.0,"m":0.6353542689,"m_lower_bound":0.433908046,"m_upper_bound":0.8062554109},"2ii2g":{"name":"EC-RISM\/MP2\/cc-pVTZ-P2-q-noThiols-2par","RMSE":1.7952661767,"RMSE_lower_bound":1.3076425476,"RMSE_upper_bound":2.2478936377,"MAE":1.3890322581,"MAE_lower_bound":1.0151612903,"MAE_upper_bound":1.8029032258,"ME":0.7438709677,"ME_lower_bound":0.1577419355,"ME_upper_bound":1.314516129,"R2":0.7923065576,"R2_lower_bound":0.6564339964,"R2_upper_bound":0.8939198443,"m":0.6893734175,"m_lower_bound":0.5555263456,"m_upper_bound":0.8475085345},"mpwiy":{"name":"EC-RISM\/MP2\/cc-pVTZ-P3NI-phi-noThiols-2par","RMSE":1.8161684233,"RMSE_lower_bound":1.3900580169,"RMSE_upper_bound":2.2210350682,"MAE":1.4822580645,"MAE_lower_bound":1.1241935484,"MAE_upper_bound":1.8629032258,"ME":-0.1029032258,"ME_lower_bound":-0.7335483871,"ME_upper_bound":0.5561290323,"R2":0.8201144379,"R2_lower_bound":0.7042100305,"R2_upper_bound":0.9066859962,"m":0.6336976708,"m_lower_bound":0.5172903411,"m_upper_bound":0.7473982334},"ryzue":{"name":"Adiabatic scheme with single point correction for type III submission","RMSE":1.8236378036,"RMSE_lower_bound":1.4312063488,"RMSE_upper_bound":2.1899013087,"MAE":1.5003225806,"MAE_lower_bound":1.1470967742,"MAE_upper_bound":1.8780645161,"ME":-1.2977419355,"ME_lower_bound":-1.7503225806,"ME_upper_bound":-0.844516129,"R2":0.8916677802,"R2_lower_bound":0.8247626872,"R2_upper_bound":0.953426367,"m":0.7330165376,"m_lower_bound":0.6566994889,"m_upper_bound":0.8512904199},"5byn6":{"name":"Adiabatic scheme for type III submission","RMSE":1.8899940263,"RMSE_lower_bound":1.4980524992,"RMSE_upper_bound":2.2568104813,"MAE":1.5877419355,"MAE_lower_bound":1.234516129,"MAE_upper_bound":1.9580645161,"ME":-1.3174193548,"ME_lower_bound":-1.7938709677,"ME_upper_bound":-0.8338709677,"R2":0.905227755,"R2_lower_bound":0.84886263,"R2_upper_bound":0.9478073054,"m":0.7048251227,"m_lower_bound":0.6273542846,"m_upper_bound":0.8023144109},"y75vj":{"name":"Direct scheme for type III submission","RMSE":1.9008340275,"RMSE_lower_bound":1.4931711221,"RMSE_upper_bound":2.2680042622,"MAE":1.5843333333,"MAE_lower_bound":1.2136666667,