{"xvxzd":{"name":"Full quantum chemical calculation of free energies and fit to experimental pKa","RMSE":0.6800760607,"RMSE_lower_bound":0.5507048775,"RMSE_upper_bound":0.8172725878,"MAE":0.5786206897,"MAE_lower_bound":0.45,"MAE_upper_bound":0.7048275862,"ME":0.2351724138,"ME_lower_bound":-0.0117241379,"ME_upper_bound":0.4679310345,"R2":0.9373019916,"R2_lower_bound":0.8720531886,"R2_upper_bound":0.9728049986,"m":0.9231109184,"m_lower_bound":0.8372045898,"m_upper_bound":1.0162326873},"gyuhx":{"name":"S+pKa","RMSE":0.7319946236,"RMSE_lower_bound":0.5466791239,"RMSE_upper_bound":0.9192510977,"MAE":0.585483871,"MAE_lower_bound":0.4403225806,"MAE_upper_bound":0.7516129032,"ME":0.034516129,"ME_lower_bound":-0.2458064516,"ME_upper_bound":0.2777419355,"R2":0.9289338327,"R2_lower_bound":0.8751586578,"R2_upper_bound":0.9679706939,"m":0.9794011218,"m_lower_bound":0.9032829828,"m_upper_bound":1.0924284498},"xmyhm":{"name":"ACD\/pKa Classic","RMSE":0.7865461453,"RMSE_lower_bound":0.501417346,"RMSE_upper_bound":1.0530309556,"MAE":0.5635483871,"MAE_lower_bound":0.3632258065,"MAE_upper_bound":0.7806451613,"ME":0.1338709677,"ME_lower_bound":-0.134516129,"ME_upper_bound":0.3764516129,"R2":0.9189786969,"R2_lower_bound":0.842791544,"R2_upper_bound":0.9702743084,"m":0.9609109035,"m_lower_bound":0.8570796989,"m_upper_bound":1.0845763894},"nb007":{"name":"Epik Scan","RMSE":0.9457511096,"RMSE_lower_bound":0.7197288916,"RMSE_upper_bound":1.1606630474,"MAE":0.7761290323,"MAE_lower_bound":0.5761290323,"MAE_upper_bound":0.9825806452,"ME":0.0451612903,"ME_lower_bound":-0.3096774194,"ME_upper_bound":0.3877419355,"R2":0.8785159089,"R2_lower_bound":0.7658631002,"R2_upper_bound":0.9478458291,"m":0.839671562,"m_lower_bound":0.7585001021,"m_upper_bound":0.9277716805},"yqkga":{"name":"ReSCoSS conformations \/\/ COSMOtherm pKa","RMSE":1.0102379151,"RMSE_lower_bound":0.7738321065,"RMSE_upper_bound":1.2212764343,"MAE":0.7993548387,"MAE_lower_bound":0.5874193548,"MAE_upper_bound":1.0241935484,"ME":-0.1664516129,"ME_lower_bound":-0.5096774194,"ME_upper_bound":0.2158064516,"R2":0.8670924761,"R2_lower_bound":0.786660842,"R2_upper_bound":0.9354393099,"m":0.9271834081,"m_lower_bound":0.7632232598,"m_upper_bound":1.0834958286},"nb010":{"name":"Epik Microscopic","RMSE":1.0280611253,"RMSE_lower_bound":0.7776909578,"RMSE_upper_bound":1.2841063166,"MAE":0.8141935484,"MAE_lower_bound":0.6019354839,"MAE_upper_bound":1.0590322581,"ME":0.2432258065,"ME_lower_bound":-0.1235483871,"ME_upper_bound":0.5977419355,"R2":0.8690285543,"R2_lower_bound":0.7606307831,"R2_upper_bound":0.9413241229,"m":0.9457522794,"m_lower_bound":0.8238719898,"m_upper_bound":1.0881075522},"8xt50":{"name":"ReSCoSS conformations \/\/ DSD-BLYP-D3 reranking \/\/ COSMOtherm pKa","RMSE":1.0714295545,"RMSE_lower_bound":0.7833797744,"RMSE_upper_bound":1.3766485718,"MAE":0.8141935484,"MAE_lower_bound":0.5777419355,"MAE_upper_bound":1.0735483871,"ME":-0.4748387097,"ME_lower_bound":-0.8232258065,"ME_upper_bound":-0.1335483871,"R2":0.9055345285,"R2_lower_bound":0.8435462313,"R2_upper_bound":0.9531016331,"m":1.0781105731,"m_lower_bound":0.9433769215,"m_upper_bound":1.2232505321},"nb013":{"name":"Jaguar","RMSE":1.1031158217,"RMSE_lower_bound":0.7200761608,"RMSE_upper_bound":1.4890752705,"MAE":0.8032258065,"MAE_lower_bound":0.5625806452,"MAE_upper_bound":1.0990322581,"ME":-0.1483870968,"ME_lower_bound":-0.544516129,"ME_upper_bound":0.1806451613,"R2":0.883942373,"R2_lower_bound":0.79147117,"R2_upper_bound":0.9447867023,"m":1.0918429143,"m_lower_bound":0.9156156138,"m_upper_bound":1.2655018368},"nb015":{"name":"Chemicalize v18.23 (ChemAxon MarvinSketch v18.23)","RMSE":1.2722560607,"RMSE_lower_bound":0.9772047034,"RMSE_upper_bound":1.5629789588,"MAE":1.0441935484,"MAE_lower_bound":0.7983870968,"MAE_upper_bound":1.3106451613,"ME":0.1287096774,"ME_lower_bound":-0.3351612903,"ME_upper_bound":0.5825806452,"R2":0.8737053783,"R2_lower_bound":0.8001504636,"R2_upper_bound":0.9303349806,"m":1.1616241785,"m_lower_bound":0.9233627834,"m_upper_bound":1.3494256768},"p0jba":{"name":"macroscopic pKa prediction from microscopic pKa predicted with Gaussian and separate fitting for neutral to negative and for positive to neutral transformations","RMSE":1.314747124,"RMSE_lower_bound":0.6874881817,"RMSE_upper_bound":1.7175796925,"MAE":1.084,"MAE_lower_bound":0.448,"MAE_upper_bound":1.704,"ME":-0.924,"ME_lower_bound":-1.704,"ME_upper_bound":-0.108,"R2":0.9099462335,"R2_lower_bound":0.5221912357,"R2_upper_bound":1.0,"m":1.184586283,"m_lower_bound":0.3388955204,"m_upper_bound":1.7913043478},"37xm8":{"name":"ACD\/pKa GALAS","RMSE":1.4131100453,"RMSE_lower_bound":0.9410703126,"RMSE_upper_bound":1.8405913905,"MAE":1.008,"MAE_lower_bound":0.6626666667,"MAE_upper_bound":1.405,"ME":-0.1826666667,"ME_lower_bound":-0.659,"ME_upper_bound":0.3606666667,"R2":0.8335134007,"R2_lower_bound":0.6992258709,"R2_upper_bound":0.929334748,"m":1.1553428028,"m_lower_bound":0.9626830896,"m_upper_bound":1.3329081896},"mkhqa":{"name":"EC-RISM\/MP2\/cc-pVTZ-P2-phi-all-2par","RMSE":1.59610817,"RMSE_lower_bound":1.1699048762,"RMSE_upper_bound":2.0173073718,"MAE":1.2387096774,"MAE_lower_bound":0.9290322581,"MAE_upper_bound":1.6216129032,"ME":-0.3161290323,"ME_lower_bound":-0.8503225806,"ME_upper_bound":0.2041935484,"R2":0.8031710687,"R2_lower_bound":0.6615700065,"R2_upper_bound":0.8974858587,"m":1.1397878132,"m_lower_bound":0.9738904763,"m_upper_bound":1.3172274467},"ttjd0":{"name":"EC-RISM\/MP2\/cc-pVTZ-P2-phi-noThiols-2par","RMSE":1.6417329554,"RMSE_lower_bound":1.2124608407,"RMSE_upper_bound":2.0562406976,"MAE":1.2958064516,"MAE_lower_bound":0.9738709677,"MAE_upper_bound":1.6683870968,"ME":-0.1216129032,"ME_lower_bound":-0.7358064516,"ME_upper_bound":0.45,"R2":0.8127154848,"R2_lower_bound":0.6903780951,"R2_upper_bound":0.9053857844,"m":1.1981278133,"m_lower_bound":1.0328830262,"m_upper_bound":1.4004390509},"nb001":{"name":"EC-RISM\/MP2\/6-311+G(d,p)-P2-phi-all-2par","RMSE":1.6848480356,"RMSE_lower_bound":1.0556560412,"RMSE_upper_bound":2.3846011366,"MAE":1.2132258065,"MAE_lower_bound":0.8538709677,"MAE_upper_bound":1.6880645161,"ME":0.4422580645,"ME_lower_bound":-0.1109677419,"ME_upper_bound":1.0709677419,"R2":0.7970369577,"R2_lower_bound":0.697590891,"R2_upper_bound":0.8992849167,"m":1.1562971989,"m_lower_bound":0.9633802845,"m_upper_bound":1.4602098009},"nb002":{"name":"EC-RISM\/MP2\/6-311+G(d,p)-P2-phi-noThiols-2par","RMSE":1.703466106,"RMSE_lower_bound":1.0893768565,"RMSE_upper_bound":2.4436837608,"MAE":1.2461290323,"MAE_lower_bound":0.894516129,"MAE_upper_bound":1.7380645161,"ME":0.5093548387,"ME_lower_bound":-0.0258064516,"ME_upper_bound":1.1103225806,"R2":0.795563712,"R2_lower_bound":0.6918193346,"R2_upper_bound":0.9040308318,"m":1.1527375183,"m_lower_bound":0.9519298746,"m_upper_bound":1.4515255286},"35bdm":{"name":"macroscopic pKa prediction from microscopic pKa predicted with Gaussian and global fitting","RMSE":1.718644815,"RMSE_lower_bound":0.6645750522,"RMSE_upper_bound":2.3379093225,"MAE":1.442,"MAE_lower_bound":0.622,"MAE_upper_bound":2.262,"ME":-1.006,"ME_lower_bound":-2.178,"ME_upper_bound":0.134,"R2":0.9187503813,"R2_lower_bound":0.4629084321,"R2_upper_bound":1.0,"m":1.4460442407,"m_lower_bound":0.7198754383,"m_upper_bound":2.3046357616},"ryzue":{"name":"Adiabatic scheme with single point correction for type III submission","RMSE":1.7740576781,"RMSE_lower_bound":1.410021734,"RMSE_upper_bound":2.098940593,"MAE":1.5003225806,"MAE_lower_bound":1.175483871,"MAE_upper_bound":1.8309677419,"ME":1.2977419355,"ME_lower_bound":0.8690322581,"ME_upper_bound":1.7280645161,"R2":0.9098100812,"R2_lower_bound":0.8638318973,"R2_upper_bound":0.9488510101,"m":1.2287488843,"m_lower_bound":1.0646568258,"m_upper_bound":1.4234309662},"2ii2g":{"name":"EC-RISM\/MP2\/cc-pVTZ-P2-q-noThiols-2par","RMSE":1.7952661767,"RMSE_lower_bound":1.3271057522,"RMSE_upper_bound":2.2917826559,"MAE":1.3890322581,"MAE_lower_bound":1.0438709677,"MAE_upper_bound":1.8483870968,"ME":-0.7438709677,"ME_lower_bound":-1.3106451613,