{"xvxzd":{"name":"Full quantum chemical calculation of free energies and fit to experimental pKa","RMSE":0.6800760607,"RMSE_lower_bound":0.5403191905,"RMSE_upper_bound":0.8177428986,"MAE":0.5786206897,"MAE_lower_bound":0.4506896552,"MAE_upper_bound":0.7117241379,"ME":0.2351724138,"ME_lower_bound":-0.0020689655,"ME_upper_bound":0.465862069,"R2":0.9373019916,"R2_lower_bound":0.8813081329,"R2_upper_bound":0.972809428,"m":0.9231109184,"m_lower_bound":0.8431498925,"m_upper_bound":1.0193603478},"gyuhx":{"name":"S+pKa","RMSE":0.7319946236,"RMSE_lower_bound":0.5474604125,"RMSE_upper_bound":0.9083554797,"MAE":0.585483871,"MAE_lower_bound":0.4312903226,"MAE_upper_bound":0.7538709677,"ME":0.034516129,"ME_lower_bound":-0.2264516129,"ME_upper_bound":0.2803225806,"R2":0.9289338327,"R2_lower_bound":0.8804271575,"R2_upper_bound":0.9674352915,"m":0.9794011218,"m_lower_bound":0.9027971988,"m_upper_bound":1.0799621546},"xmyhm":{"name":"ACD\/pKa Classic","RMSE":0.7865461453,"RMSE_lower_bound":0.5170106382,"RMSE_upper_bound":1.0409208082,"MAE":0.5635483871,"MAE_lower_bound":0.3764516129,"MAE_upper_bound":0.7780645161,"ME":0.1338709677,"ME_lower_bound":-0.1493548387,"ME_upper_bound":0.4003225806,"R2":0.9189786969,"R2_lower_bound":0.8438167227,"R2_upper_bound":0.9671958633,"m":0.9609109035,"m_lower_bound":0.8522366806,"m_upper_bound":1.0805192771},"nb007":{"name":"Epik-sequential","RMSE":0.9682075224,"RMSE_lower_bound":0.7608229839,"RMSE_upper_bound":1.1700758178,"MAE":0.8103225806,"MAE_lower_bound":0.6283870968,"MAE_upper_bound":1.0038709677,"ME":0.0251612903,"ME_lower_bound":-0.3409677419,"ME_upper_bound":0.3677419355,"R2":0.8706802643,"R2_lower_bound":0.7545312191,"R2_upper_bound":0.9375700431,"m":0.8735985126,"m_lower_bound":0.7831512589,"m_upper_bound":0.9874540962},"yqkga":{"name":"ReSCoSS conformations \/\/ COSMOtherm pKa","RMSE":1.0102379151,"RMSE_lower_bound":0.7871733834,"RMSE_upper_bound":1.2401092564,"MAE":0.7993548387,"MAE_lower_bound":0.6035483871,"MAE_upper_bound":1.0196774194,"ME":-0.1664516129,"ME_lower_bound":-0.5129032258,"ME_upper_bound":0.2058064516,"R2":0.8670924761,"R2_lower_bound":0.785398509,"R2_upper_bound":0.9331944819,"m":0.9271834081,"m_lower_bound":0.7626915496,"m_upper_bound":1.0841856963},"8xt50":{"name":"ReSCoSS conformations \/\/ DSD-BLYP-D3 reranking \/\/ COSMOtherm pKa","RMSE":1.0714295545,"RMSE_lower_bound":0.7698449781,"RMSE_upper_bound":1.3668022487,"MAE":0.8141935484,"MAE_lower_bound":0.5693548387,"MAE_upper_bound":1.1016129032,"ME":-0.4748387097,"ME_lower_bound":-0.8690322581,"ME_upper_bound":-0.1487096774,"R2":0.9055345285,"R2_lower_bound":0.8450574396,"R2_upper_bound":0.9543038908,"m":1.0781105731,"m_lower_bound":0.938641246,"m_upper_bound":1.2165417792},"p0jba":{"name":"macroscopic pKa prediction from microscopic pKa predicted with Gaussian and separate fitting for neutral to negative and for positive to neutral transformations","RMSE":1.314747124,"RMSE_lower_bound":0.6874881817,"RMSE_upper_bound":1.72756476,"MAE":1.084,"MAE_lower_bound":0.428,"MAE_upper_bound":1.72,"ME":-0.924,"ME_lower_bound":-1.72,"ME_upper_bound":-0.108,"R2":0.9099462335,"R2_lower_bound":0.5085281288,"R2_upper_bound":1.0,"m":1.184586283,"m_lower_bound":0.4275479266,"m_upper_bound":1.7240765465},"37xm8":{"name":"ACD\/pKa GALAS","RMSE":1.4131100453,"RMSE_lower_bound":0.9326557064,"RMSE_upper_bound":1.8985222323,"MAE":1.008,"MAE_lower_bound":0.6816666667,"MAE_upper_bound":1.4253333333,"ME":-0.1826666667,"ME_lower_bound":-0.6753333333,"ME_upper_bound":0.3416666667,"R2":0.8335134007,"R2_lower_bound":0.6976793634,"R2_upper_bound":0.9285594243,"m":1.1553428028,"m_lower_bound":0.9794476501,"m_upper_bound":1.3426619771},"mkhqa":{"name":"EC-RISM\/MP2\/cc-pVTZ-P2-phi-all-2par","RMSE":1.59610817,"RMSE_lower_bound":1.1646140161,"RMSE_upper_bound":2.0346221017,"MAE":1.2387096774,"MAE_lower_bound":0.9232258065,"MAE_upper_bound":1.625483871,"ME":-0.3161290323,"ME_lower_bound":-0.84,"ME_upper_bound":0.2409677419,"R2":0.8031710687,"R2_lower_bound":0.6725678213,"R2_upper_bound":0.904419591,"m":1.1397878132,"m_lower_bound":0.9744633719,"m_upper_bound":1.3507886583},"ttjd0":{"name":"EC-RISM\/MP2\/cc-pVTZ-P2-phi-noThiols-2par","RMSE":1.6417329554,"RMSE_lower_bound":1.2174855103,"RMSE_upper_bound":2.1035538286,"MAE":1.2958064516,"MAE_lower_bound":0.9687096774,"MAE_upper_bound":1.6922580645,"ME":-0.1216129032,"ME_lower_bound":-0.7190322581,"ME_upper_bound":0.4616129032,"R2":0.8127154848,"R2_lower_bound":0.6826846072,"R2_upper_bound":0.9044481434,"m":1.1981278133,"m_lower_bound":1.0409462196,"m_upper_bound":1.4010704537},"nb001":{"name":"EC-RISM\/MP2\/6-311+G(d,p)-P2-phi-all-2par","RMSE":1.6848480356,"RMSE_lower_bound":1.0426207674,"RMSE_upper_bound":2.366473489,"MAE":1.2132258065,"MAE_lower_bound":0.8367741935,"MAE_upper_bound":1.6741935484,"ME":0.4422580645,"ME_lower_bound":-0.1358064516,"ME_upper_bound":1.0048387097,"R2":0.7970369577,"R2_lower_bound":0.7075773666,"R2_upper_bound":0.9025873976,"m":1.1562971989,"m_lower_bound":0.9621038959,"m_upper_bound":1.419534166},"nb002":{"name":"EC-RISM\/MP2\/6-311+G(d,p)-P2-phi-noThiols-2par","RMSE":1.703466106,"RMSE_lower_bound":1.0906893351,"RMSE_upper_bound":2.437689943,"MAE":1.2461290323,"MAE_lower_bound":0.8883870968,"MAE_upper_bound":1.7077419355,"ME":0.5093548387,"ME_lower_bound":-0.0325806452,"ME_upper_bound":1.1193548387,"R2":0.795563712,"R2_lower_bound":0.7090809944,"R2_upper_bound":0.8928448199,"m":1.1527375183,"m_lower_bound":0.9385556022,"m_upper_bound":1.4331443514},"35bdm":{"name":"macroscopic pKa prediction from microscopic pKa predicted with Gaussian and global fitting","RMSE":1.718644815,"RMSE_lower_bound":0.6645750522,"RMSE_upper_bound":2.3379093225,"MAE":1.442,"MAE_lower_bound":0.622,"MAE_upper_bound":2.262,"ME":-1.006,"ME_lower_bound":-2.178,"ME_upper_bound":0.136,"R2":0.9187503813,"R2_lower_bound":0.4568461698,"R2_upper_bound":1.0,"m":1.4460442407,"m_lower_bound":0.7345644469,"m_upper_bound":2.3046357616},"ryzue":{"name":"Adiabatic scheme with single point correction for type III submission","RMSE":1.7740576781,"RMSE_lower_bound":1.4348777626,"RMSE_upper_bound":2.1416815823,"MAE":1.5003225806,"MAE_lower_bound":1.1819354839,"MAE_upper_bound":1.8732258065,"ME":1.2977419355,"ME_lower_bound":0.8829032258,"ME_upper_bound":1.7035483871,"R2":0.9098100812,"R2_lower_bound":0.8619681726,"R2_upper_bound":0.9489088096,"m":1.2287488843,"m_lower_bound":1.0611384575,"m_upper_bound":1.4275235787},"2ii2g":{"name":"EC-RISM\/MP2\/cc-pVTZ-P2-q-noThiols-2par","RMSE":1.7952661767,"RMSE_lower_bound":1.2773637166,"RMSE_upper_bound":2.2831726653,"MAE":1.3890322581,"MAE_lower_bound":0.995483871,"MAE_upper_bound":1.8377419355,"ME":-0.7438709677,"ME_lower_bound":-1.3290322581,"ME_upper_bound":-0.1525806452,"R2":0.7923065576,"R2_lower_bound":0.666903931,"R2_upper_bound":0.8932630649,"m":1.1493140545,"m_lower_bound":0.960003879,"m_upper_bound":1.3842650577},"mpwiy":{"name":"EC-RISM\/MP2\/cc-pVTZ-P3NI-phi-noThiols-2par","RMSE":1.8161684233,"RMSE_lower_bound":1.3690543004,"RMSE_upper_bound":2.2389247131,"MAE":1.4822580645,"MAE_lower_bound":1.1080645161,"MAE_upper_bound":1.8829032258,"ME":0.1029032258,"ME_lower_bound":-0.5796774194,"ME_upper_bound":0.7474193548,"R2":0.8201144379,"R2_lower_bound":0.699126947,"R2_upper_bound":0.9076734584,"m":1.2941730349,"m_lower_bound":1.1082336751,"m_upper_bound":1.5087851747},"5byn6":{"name":"Adiabatic scheme for type III submission","RMSE":1.8899940263,"RMSE_lower_bound":1.4816142025,"RMSE_upper_bound":2.2422540502,"MAE":1.5877419355,"MAE_lower_bound":1.2287096774,"MAE_upper_bound":1.9419354839,"ME":1.3174193548,"ME_lower_bound":0.8206451613,"ME_upper_bound":1.7667741935,"R2":0.905227755,"R2_lower_bound":0.8541518547,"R2_upper_bound":0.9475513177,"m":1.2843295817,"m_lower_bound":1.0979719956,"m_upper_bound":1.4649666798},"y75vj":{"name":"Direct scheme for type III submission","RMSE":1.9008340275,"RMSE_lower_bound":1.4936599345,"RMSE_upper_bound":2.2645757513,"MAE":1.5843333333,"MAE_lower_bound":1.2166666667,