{"xvxzd":{"name":"Full quantum chemical calculation of free energies and fit to experimental pKa","RMSE":0.6800760607,"RMSE_lower_bound":0.5464556644,"RMSE_upper_bound":0.8086344385,"MAE":0.5786206897,"MAE_lower_bound":0.4448275862,"MAE_upper_bound":0.7103448276,"ME":0.2351724138,"ME_lower_bound":0.004137931,"ME_upper_bound":0.4772413793,"R2":0.9373019916,"R2_lower_bound":0.8706118404,"R2_upper_bound":0.9739944213,"m":0.9231109184,"m_lower_bound":0.8405973307,"m_upper_bound":1.0172695179},"gyuhx":{"name":"S+pKa","RMSE":0.7319946236,"RMSE_lower_bound":0.5528985207,"RMSE_upper_bound":0.9135609166,"MAE":0.585483871,"MAE_lower_bound":0.4429032258,"MAE_upper_bound":0.7541935484,"ME":0.034516129,"ME_lower_bound":-0.2280645161,"ME_upper_bound":0.2774193548,"R2":0.9289338327,"R2_lower_bound":0.8797647516,"R2_upper_bound":0.9664536924,"m":0.9794011218,"m_lower_bound":0.9026524831,"m_upper_bound":1.0892314964},"xmyhm":{"name":"ACD\/pKa Classic","RMSE":0.7865461453,"RMSE_lower_bound":0.5274252737,"RMSE_upper_bound":1.025834043,"MAE":0.5635483871,"MAE_lower_bound":0.3948387097,"MAE_upper_bound":0.7632258065,"ME":0.1338709677,"ME_lower_bound":-0.1558064516,"ME_upper_bound":0.4174193548,"R2":0.9189786969,"R2_lower_bound":0.8421880286,"R2_upper_bound":0.9684201732,"m":0.9609109035,"m_lower_bound":0.8553634415,"m_upper_bound":1.0887817601},"nb007":{"name":"Epik Scan","RMSE":0.9457511096,"RMSE_lower_bound":0.7275256342,"RMSE_upper_bound":1.141460581,"MAE":0.7761290323,"MAE_lower_bound":0.59,"MAE_upper_bound":0.9641935484,"ME":0.0451612903,"ME_lower_bound":-0.3096774194,"ME_upper_bound":0.3706451613,"R2":0.8785159089,"R2_lower_bound":0.776220691,"R2_upper_bound":0.944862654,"m":0.839671562,"m_lower_bound":0.7662067882,"m_upper_bound":0.9231825209},"yqkga":{"name":"ReSCoSS conformations \/\/ COSMOtherm pKa","RMSE":1.0102379151,"RMSE_lower_bound":0.7667064038,"RMSE_upper_bound":1.2460608901,"MAE":0.7993548387,"MAE_lower_bound":0.5819354839,"MAE_upper_bound":1.0351612903,"ME":-0.1664516129,"ME_lower_bound":-0.5070967742,"ME_upper_bound":0.1883870968,"R2":0.8670924761,"R2_lower_bound":0.7798898182,"R2_upper_bound":0.9342137421,"m":0.9271834081,"m_lower_bound":0.7647815333,"m_upper_bound":1.0831652495},"nb010":{"name":"Epik Microscopic","RMSE":1.0280611253,"RMSE_lower_bound":0.7693650503,"RMSE_upper_bound":1.2590165133,"MAE":0.8141935484,"MAE_lower_bound":0.6,"MAE_upper_bound":1.0490322581,"ME":0.2432258065,"ME_lower_bound":-0.1096774194,"ME_upper_bound":0.5741935484,"R2":0.8690285543,"R2_lower_bound":0.7656170961,"R2_upper_bound":0.9405998044,"m":0.9457522794,"m_lower_bound":0.8226555059,"m_upper_bound":1.0791764053},"8xt50":{"name":"ReSCoSS conformations \/\/ DSD-BLYP-D3 reranking \/\/ COSMOtherm pKa","RMSE":1.0714295545,"RMSE_lower_bound":0.7752835069,"RMSE_upper_bound":1.352722464,"MAE":0.8141935484,"MAE_lower_bound":0.5748387097,"MAE_upper_bound":1.0670967742,"ME":-0.4748387097,"ME_lower_bound":-0.8267741935,"ME_upper_bound":-0.1341935484,"R2":0.9055345285,"R2_lower_bound":0.8428631085,"R2_upper_bound":0.9521505692,"m":1.0781105731,"m_lower_bound":0.9367454691,"m_upper_bound":1.2250593647},"nb013":{"name":"Jaguar","RMSE":1.1031158217,"RMSE_lower_bound":0.7275189832,"RMSE_upper_bound":1.4675379865,"MAE":0.8032258065,"MAE_lower_bound":0.5722580645,"MAE_upper_bound":1.0890322581,"ME":-0.1483870968,"ME_lower_bound":-0.5090322581,"ME_upper_bound":0.2251612903,"R2":0.883942373,"R2_lower_bound":0.7780493585,"R2_upper_bound":0.9451973205,"m":1.0918429143,"m_lower_bound":0.8975712366,"m_upper_bound":1.2595868997},"nb015":{"name":"Chemicalize v18.23 (ChemAxon MarvinSketch v18.23)","RMSE":1.2722560607,"RMSE_lower_bound":0.9952808001,"RMSE_upper_bound":1.5656339538,"MAE":1.0441935484,"MAE_lower_bound":0.8148387097,"MAE_upper_bound":1.3019354839,"ME":0.1287096774,"ME_lower_bound":-0.3229032258,"ME_upper_bound":0.5706451613,"R2":0.8737053783,"R2_lower_bound":0.7970454168,"R2_upper_bound":0.928852756,"m":1.1616241785,"m_lower_bound":0.944026743,"m_upper_bound":1.331380446},"p0jba":{"name":"macroscopic pKa prediction from microscopic pKa predicted with Gaussian and separate fitting for neutral to negative and for positive to neutral transformations","RMSE":1.314747124,"RMSE_lower_bound":0.6662131791,"RMSE_upper_bound":1.6898520645,"MAE":1.084,"MAE_lower_bound":0.376,"MAE_upper_bound":1.684,"ME":-0.924,"ME_lower_bound":-1.668,"ME_upper_bound":-0.056,"R2":0.9099462335,"R2_lower_bound":0.5085281288,"R2_upper_bound":1.0,"m":1.184586283,"m_lower_bound":0.3388955204,"m_upper_bound":1.7240765465},"37xm8":{"name":"ACD\/pKa GALAS","RMSE":1.4131100453,"RMSE_lower_bound":0.9444169277,"RMSE_upper_bound":1.824580317,"MAE":1.008,"MAE_lower_bound":0.681,"MAE_upper_bound":1.3706666667,"ME":-0.1826666667,"ME_lower_bound":-0.6623333333,"ME_upper_bound":0.3653333333,"R2":0.8335134007,"R2_lower_bound":0.6948514798,"R2_upper_bound":0.9247025843,"m":1.1553428028,"m_lower_bound":0.9806920853,"m_upper_bound":1.3329466234},"mkhqa":{"name":"EC-RISM\/MP2\/cc-pVTZ-P2-phi-all-2par","RMSE":1.59610817,"RMSE_lower_bound":1.1145055319,"RMSE_upper_bound":2.0260170684,"MAE":1.2387096774,"MAE_lower_bound":0.8893548387,"MAE_upper_bound":1.6190322581,"ME":-0.3161290323,"ME_lower_bound":-0.8622580645,"ME_upper_bound":0.2519354839,"R2":0.8031710687,"R2_lower_bound":0.6645386018,"R2_upper_bound":0.903914075,"m":1.1397878132,"m_lower_bound":0.9744447663,"m_upper_bound":1.3418744505},"ttjd0":{"name":"EC-RISM\/MP2\/cc-pVTZ-P2-phi-noThiols-2par","RMSE":1.6417329554,"RMSE_lower_bound":1.1823118414,"RMSE_upper_bound":2.0452226001,"MAE":1.2958064516,"MAE_lower_bound":0.9496774194,"MAE_upper_bound":1.6558064516,"ME":-0.1216129032,"ME_lower_bound":-0.6867741935,"ME_upper_bound":0.4458064516,"R2":0.8127154848,"R2_lower_bound":0.6893165438,"R2_upper_bound":0.9115053381,"m":1.1981278133,"m_lower_bound":1.0308373388,"m_upper_bound":1.4038598839},"nb001":{"name":"EC-RISM\/MP2\/6-311+G(d,p)-P2-phi-all-2par","RMSE":1.6848480356,"RMSE_lower_bound":1.0212721352,"RMSE_upper_bound":2.4160865451,"MAE":1.2132258065,"MAE_lower_bound":0.8216129032,"MAE_upper_bound":1.7229032258,"ME":0.4422580645,"ME_lower_bound":-0.0932258065,"ME_upper_bound":1.0448387097,"R2":0.7970369577,"R2_lower_bound":0.6976132775,"R2_upper_bound":0.9092195054,"m":1.1562971989,"m_lower_bound":0.9497143134,"m_upper_bound":1.4418920589},"nb002":{"name":"EC-RISM\/MP2\/6-311+G(d,p)-P2-phi-noThiols-2par","RMSE":1.703466106,"RMSE_lower_bound":1.0960206614,"RMSE_upper_bound":2.389902144,"MAE":1.2461290323,"MAE_lower_bound":0.8864516129,"MAE_upper_bound":1.6967741935,"ME":0.5093548387,"ME_lower_bound":-0.0029032258,"ME_upper_bound":1.1077419355,"R2":0.795563712,"R2_lower_bound":0.7028345233,"R2_upper_bound":0.9002870231,"m":1.1527375183,"m_lower_bound":0.947368872,"m_upper_bound":1.4466097313},"35bdm":{"name":"macroscopic pKa prediction from microscopic pKa predicted with Gaussian and global fitting","RMSE":1.718644815,"RMSE_lower_bound":0.6630535423,"RMSE_upper_bound":2.3379093225,"MAE":1.442,"MAE_lower_bound":0.62,"MAE_upper_bound":2.228,"ME":-1.006,"ME_lower_bound":-2.146,"ME_upper_bound":0.452,"R2":0.9187503813,"R2_lower_bound":0.4629084321,"R2_upper_bound":1.0,"m":1.4460442407,"m_lower_bound":0.7198754383,"m_upper_bound":2.1473876953},"ryzue":{"name":"Adiabatic scheme with single point correction for type III submission","RMSE":1.7740576781,"RMSE_lower_bound":1.4111880147,"RMSE_upper_bound":2.1148095316,"MAE":1.5003225806,"MAE_lower_bound":1.1832258065,"MAE_upper_bound":1.8364516129,"ME":1.2977419355,"ME_lower_bound":0.8496774194,"ME_upper_bound":1.7058064516,"R2":0.9098100812,"R2_lower_bound":0.863419909,"R2_upper_bound":0.9501883934,"m":1.2287488843,"m_lower_bound":1.0586847205,"m_upper_bound":1.4256382858},"2ii2g":{"name":"EC-RISM\/MP2\/cc-pVTZ-P2-q-noThiols-2par","RMSE":1.7952661767,"RMSE_lower_bound":1.2618176853,"RMSE_upper_bound":2.2661015266,"MAE":1.3890322581,"MAE_lower_bound":0.9990322581,"MAE_upper_bound":1.8348387097,"ME":-0.7438709677,