{"xvxzd":{"name":"Full quantum chemical calculation of free energies and fit to experimental pKa","RMSE":0.6800760607,"RMSE_lower_bound":0.5449675726,"RMSE_upper_bound":0.8073584001,"MAE":0.5786206897,"MAE_lower_bound":0.4493103448,"MAE_upper_bound":0.7096551724,"ME":-0.2351724138,"ME_lower_bound":-0.4613793103,"ME_upper_bound":-0.0044827586,"R2":0.9373019916,"R2_lower_bound":0.8787819964,"R2_upper_bound":0.9722797556,"m":1.0153730965,"m_lower_bound":0.9142899497,"m_upper_bound":1.1154463955},"gyuhx":{"name":"S+pKa","RMSE":0.7319946236,"RMSE_lower_bound":0.5568025074,"RMSE_upper_bound":0.9150762351,"MAE":0.585483871,"MAE_lower_bound":0.435483871,"MAE_upper_bound":0.7509677419,"ME":-0.034516129,"ME_lower_bound":-0.2838709677,"ME_upper_bound":0.2316129032,"R2":0.9289338327,"R2_lower_bound":0.8781598519,"R2_upper_bound":0.9650798916,"m":0.948471277,"m_lower_bound":0.8342643103,"m_upper_bound":1.042868312},"xmyhm":{"name":"ACD\/pKa Classic","RMSE":0.7865461453,"RMSE_lower_bound":0.5284731507,"RMSE_upper_bound":1.0316147693,"MAE":0.5635483871,"MAE_lower_bound":0.3867741935,"MAE_upper_bound":0.7741935484,"ME":-0.1338709677,"ME_lower_bound":-0.404516129,"ME_upper_bound":0.1425806452,"R2":0.9189786969,"R2_lower_bound":0.8433174188,"R2_upper_bound":0.9667063149,"m":0.9563620243,"m_lower_bound":0.8383718334,"m_upper_bound":1.068597594},"nb007":{"name":"Epik-sequential","RMSE":0.9682075224,"RMSE_lower_bound":0.7661150423,"RMSE_upper_bound":1.1715938964,"MAE":0.8103225806,"MAE_lower_bound":0.6332258065,"MAE_upper_bound":1.0022580645,"ME":-0.0251612903,"ME_lower_bound":-0.3509677419,"ME_upper_bound":0.3251612903,"R2":0.8706802643,"R2_lower_bound":0.7635558236,"R2_upper_bound":0.9347169815,"m":0.9966595086,"m_lower_bound":0.8607998327,"m_upper_bound":1.1166398224},"8xt50":{"name":"ReSCoSS conformations \/\/ DSD-BLYP-D3 reranking \/\/ COSMOtherm pKa","RMSE":1.0714295545,"RMSE_lower_bound":0.7845771411,"RMSE_upper_bound":1.3531003825,"MAE":0.8141935484,"MAE_lower_bound":0.5796774194,"MAE_upper_bound":1.0687096774,"ME":0.4748387097,"ME_lower_bound":0.1490322581,"ME_upper_bound":0.8216129032,"R2":0.9055345285,"R2_lower_bound":0.8399410509,"R2_upper_bound":0.9511259933,"m":0.8399273238,"m_lower_bound":0.7462713029,"m_upper_bound":0.9526035227},"yqkga":{"name":"ReSCoSS conformations \/\/ COSMOtherm pKa","RMSE":1.0868777419,"RMSE_lower_bound":0.7332890994,"RMSE_upper_bound":1.4443415734,"MAE":0.7993548387,"MAE_lower_bound":0.5583870968,"MAE_upper_bound":1.0770967742,"ME":0.1664516129,"ME_lower_bound":-0.2341935484,"ME_upper_bound":0.5196774194,"R2":0.8464660158,"R2_lower_bound":0.7248070279,"R2_upper_bound":0.9426338038,"m":0.9239996801,"m_lower_bound":0.7963478962,"m_upper_bound":1.0815640474},"p0jba":{"name":"macroscopic pKa prediction from microscopic pKa predicted with Gaussian and separate fitting for neutral to negative and for positive to neutral transformations","RMSE":1.314747124,"RMSE_lower_bound":0.6874881817,"RMSE_upper_bound":1.72756476,"MAE":1.084,"MAE_lower_bound":0.428,"MAE_upper_bound":1.72,"ME":0.924,"ME_lower_bound":0.108,"ME_upper_bound":1.72,"R2":0.9099462335,"R2_lower_bound":0.5085281288,"R2_upper_bound":1.0,"m":0.7681553016,"m_lower_bound":0.5582524272,"m_upper_bound":1.5164498996},"37xm8":{"name":"ACD\/pKa GALAS","RMSE":1.4131100453,"RMSE_lower_bound":0.9322249371,"RMSE_upper_bound":1.8541556929,"MAE":1.008,"MAE_lower_bound":0.6806666667,"MAE_upper_bound":1.3883333333,"ME":0.1826666667,"ME_lower_bound":-0.3213333333,"ME_upper_bound":0.6853333333,"R2":0.8335134007,"R2_lower_bound":0.6998447229,"R2_upper_bound":0.9263541703,"m":0.7214425006,"m_lower_bound":0.5875745511,"m_upper_bound":0.8704922205},"mkhqa":{"name":"EC-RISM\/MP2\/cc-pVTZ-P2-phi-all-2par","RMSE":1.59610817,"RMSE_lower_bound":1.1477312825,"RMSE_upper_bound":2.0382693481,"MAE":1.2387096774,"MAE_lower_bound":0.9129032258,"MAE_upper_bound":1.6141935484,"ME":0.3161290323,"ME_lower_bound":-0.2235483871,"ME_upper_bound":0.8874193548,"R2":0.8031710687,"R2_lower_bound":0.6691569335,"R2_upper_bound":0.9030952184,"m":0.704667184,"m_lower_bound":0.5704659615,"m_upper_bound":0.8385328608},"ttjd0":{"name":"EC-RISM\/MP2\/cc-pVTZ-P2-phi-noThiols-2par","RMSE":1.6417329554,"RMSE_lower_bound":1.2043389299,"RMSE_upper_bound":2.0640283194,"MAE":1.2958064516,"MAE_lower_bound":0.9603225806,"MAE_upper_bound":1.6683870968,"ME":0.1216129032,"ME_lower_bound":-0.4377419355,"ME_upper_bound":0.7048387097,"R2":0.8127154848,"R2_lower_bound":0.6837503192,"R2_upper_bound":0.9084684974,"m":0.6783211906,"m_lower_bound":0.5519141803,"m_upper_bound":0.8039713977},"nb001":{"name":"EC-RISM\/MP2\/6-311+G(d,p)-P2-phi-all-2par","RMSE":1.6848480356,"RMSE_lower_bound":1.0551670102,"RMSE_upper_bound":2.3790334172,"MAE":1.2132258065,"MAE_lower_bound":0.8416129032,"MAE_upper_bound":1.6712903226,"ME":-0.4422580645,"ME_lower_bound":-1.0351612903,"ME_upper_bound":0.1080645161,"R2":0.7970369577,"R2_lower_bound":0.6981015828,"R2_upper_bound":0.8986200087,"m":0.689301123,"m_lower_bound":0.5415012182,"m_upper_bound":0.8838502759},"nb002":{"name":"EC-RISM\/MP2\/6-311+G(d,p)-P2-phi-noThiols-2par","RMSE":1.703466106,"RMSE_lower_bound":1.0758687412,"RMSE_upper_bound":2.38459302,"MAE":1.2461290323,"MAE_lower_bound":0.8861290323,"MAE_upper_bound":1.6909677419,"ME":-0.5093548387,"ME_lower_bound":-1.1083870968,"ME_upper_bound":0.0374193548,"R2":0.795563712,"R2_lower_bound":0.6964813649,"R2_upper_bound":0.8973772157,"m":0.6901516602,"m_lower_bound":0.5401508574,"m_upper_bound":0.8841698292},"35bdm":{"name":"macroscopic pKa prediction from microscopic pKa predicted with Gaussian and global fitting","RMSE":1.718644815,"RMSE_lower_bound":0.6645750522,"RMSE_upper_bound":2.3379093225,"MAE":1.442,"MAE_lower_bound":0.622,"MAE_upper_bound":2.262,"ME":1.006,"ME_lower_bound":-0.134,"ME_upper_bound":2.178,"R2":0.9187503813,"R2_lower_bound":0.4629084321,"R2_upper_bound":1.0,"m":0.6353542689,"m_lower_bound":0.3938418058,"m_upper_bound":0.8062554109},"2ii2g":{"name":"EC-RISM\/MP2\/cc-pVTZ-P2-q-noThiols-2par","RMSE":1.7952661767,"RMSE_lower_bound":1.295612945,"RMSE_upper_bound":2.2363831687,"MAE":1.3890322581,"MAE_lower_bound":1.0132258065,"MAE_upper_bound":1.7929032258,"ME":0.7438709677,"ME_lower_bound":0.15,"ME_upper_bound":1.3193548387,"R2":0.7923065576,"R2_lower_bound":0.6541717489,"R2_upper_bound":0.8937541593,"m":0.6893734175,"m_lower_bound":0.551849751,"m_upper_bound":0.8522136321},"mpwiy":{"name":"EC-RISM\/MP2\/cc-pVTZ-P3NI-phi-noThiols-2par","RMSE":1.8161684233,"RMSE_lower_bound":1.3951401826,"RMSE_upper_bound":2.2224463417,"MAE":1.4822580645,"MAE_lower_bound":1.1335483871,"MAE_upper_bound":1.8593548387,"ME":-0.1029032258,"ME_lower_bound":-0.7180645161,"ME_upper_bound":0.5535483871,"R2":0.8201144379,"R2_lower_bound":0.7014680888,"R2_upper_bound":0.9052590966,"m":0.6336976708,"m_lower_bound":0.5194521412,"m_upper_bound":0.7449522665},"ryzue":{"name":"Adiabatic scheme with single point correction for type III submission","RMSE":1.8236378036,"RMSE_lower_bound":1.4324330756,"RMSE_upper_bound":2.1875682478,"MAE":1.5003225806,"MAE_lower_bound":1.1374193548,"MAE_upper_bound":1.8764516129,"ME":-1.2977419355,"ME_lower_bound":-1.7438709677,"ME_upper_bound":-0.8416129032,"R2":0.8916677802,"R2_lower_bound":0.8241355165,"R2_upper_bound":0.9551692515,"m":0.7330165376,"m_lower_bound":0.6567049549,"m_upper_bound":0.8488470506},"5byn6":{"name":"Adiabatic scheme for type III submission","RMSE":1.8899940263,"RMSE_lower_bound":1.5041952087,"RMSE_upper_bound":2.2595831759,"MAE":1.5877419355,"MAE_lower_bound":1.2351612903,"MAE_upper_bound":1.9561290323,"ME":-1.3174193548,"ME_lower_bound":-1.7838709677,"ME_upper_bound":-0.8451612903,"R2":0.905227755,"R2_lower_bound":0.8513649669,"R2_upper_bound":0.9480412609,"m":0.7048251227,"m_lower_bound":0.630405935,"m_upper_bound":0.806737225},"y75vj":{"name":"Direct scheme for type III submission","RMSE":1.9008340275,"RMSE_lower_bound":1.5062137962,"RMSE_upper_bound":2.2626083768,"MAE":1.5843333333,"MAE_lower_bound":1.222,