{"xvxzd":{"name":"Full quantum chemical calculation of free energies and fit to experimental pKa","RMSE":0.6800760607,"RMSE_lower_bound":0.5483108859,"RMSE_upper_bound":0.8088838628,"MAE":0.5786206897,"MAE_lower_bound":0.4544827586,"MAE_upper_bound":0.71,"ME":0.2351724138,"ME_lower_bound":-0.0062068966,"ME_upper_bound":0.4568965517,"R2":0.9373019916,"R2_lower_bound":0.8787402471,"R2_upper_bound":0.9725892828,"m":0.9231109184,"m_lower_bound":0.8400777835,"m_upper_bound":1.0160762298},"gyuhx":{"name":"S+pKa","RMSE":0.7319946236,"RMSE_lower_bound":0.5552302632,"RMSE_upper_bound":0.9145631779,"MAE":0.585483871,"MAE_lower_bound":0.4358064516,"MAE_upper_bound":0.7483870968,"ME":0.034516129,"ME_lower_bound":-0.2325806452,"ME_upper_bound":0.2887096774,"R2":0.9289338327,"R2_lower_bound":0.8784261673,"R2_upper_bound":0.9653706492,"m":0.9794011218,"m_lower_bound":0.9038096897,"m_upper_bound":1.0849813271},"xmyhm":{"name":"ACD\/pKa Classic","RMSE":0.7865461453,"RMSE_lower_bound":0.5264365906,"RMSE_upper_bound":1.0320587005,"MAE":0.5635483871,"MAE_lower_bound":0.3848387097,"MAE_upper_bound":0.7674193548,"ME":0.1338709677,"ME_lower_bound":-0.1422580645,"ME_upper_bound":0.4083870968,"R2":0.9189786969,"R2_lower_bound":0.8446086724,"R2_upper_bound":0.9667544075,"m":0.9609109035,"m_lower_bound":0.8575983663,"m_upper_bound":1.0800609262},"nb007":{"name":"Epik Scan","RMSE":0.9457511096,"RMSE_lower_bound":0.7302893814,"RMSE_upper_bound":1.1612729389,"MAE":0.7761290323,"MAE_lower_bound":0.5938709677,"MAE_upper_bound":0.975483871,"ME":0.0451612903,"ME_lower_bound":-0.3051612903,"ME_upper_bound":0.3725806452,"R2":0.8785159089,"R2_lower_bound":0.7615674578,"R2_upper_bound":0.9445950455,"m":0.839671562,"m_lower_bound":0.7671500328,"m_upper_bound":0.9226751739},"yqkga":{"name":"ReSCoSS conformations \/\/ COSMOtherm pKa","RMSE":1.0102379151,"RMSE_lower_bound":0.7768339383,"RMSE_upper_bound":1.2350395057,"MAE":0.7993548387,"MAE_lower_bound":0.5851612903,"MAE_upper_bound":1.0251612903,"ME":-0.1664516129,"ME_lower_bound":-0.5051612903,"ME_upper_bound":0.194516129,"R2":0.8670924761,"R2_lower_bound":0.7827752358,"R2_upper_bound":0.9340249343,"m":0.9271834081,"m_lower_bound":0.7644555982,"m_upper_bound":1.0818093908},"nb010":{"name":"Epik Microscopic","RMSE":1.0280611253,"RMSE_lower_bound":0.7751170567,"RMSE_upper_bound":1.2649212649,"MAE":0.8141935484,"MAE_lower_bound":0.6016129032,"MAE_upper_bound":1.04,"ME":0.2432258065,"ME_lower_bound":-0.1122580645,"ME_upper_bound":0.5941935484,"R2":0.8690285543,"R2_lower_bound":0.7709979262,"R2_upper_bound":0.9390149141,"m":0.9457522794,"m_lower_bound":0.8265757428,"m_upper_bound":1.0774433539},"8xt50":{"name":"ReSCoSS conformations \/\/ DSD-BLYP-D3 reranking \/\/ COSMOtherm pKa","RMSE":1.0714295545,"RMSE_lower_bound":0.7875072964,"RMSE_upper_bound":1.3576034387,"MAE":0.8141935484,"MAE_lower_bound":0.5796774194,"MAE_upper_bound":1.0748387097,"ME":-0.4748387097,"ME_lower_bound":-0.8187096774,"ME_upper_bound":-0.1432258065,"R2":0.9055345285,"R2_lower_bound":0.8411933664,"R2_upper_bound":0.9517891919,"m":1.0781105731,"m_lower_bound":0.9385857035,"m_upper_bound":1.2212036593},"nb013":{"name":"Jaguar","RMSE":1.1031158217,"RMSE_lower_bound":0.7089519753,"RMSE_upper_bound":1.4630094922,"MAE":0.8032258065,"MAE_lower_bound":0.5570967742,"MAE_upper_bound":1.0793548387,"ME":-0.1483870968,"ME_lower_bound":-0.5490322581,"ME_upper_bound":0.2135483871,"R2":0.883942373,"R2_lower_bound":0.7814687528,"R2_upper_bound":0.9465220189,"m":1.0918429143,"m_lower_bound":0.9065478196,"m_upper_bound":1.2546791985},"nb015":{"name":"Chemicalize v18.23 (ChemAxon MarvinSketch v18.23)","RMSE":1.2722560607,"RMSE_lower_bound":0.9903827869,"RMSE_upper_bound":1.5708031642,"MAE":1.0441935484,"MAE_lower_bound":0.8029032258,"MAE_upper_bound":1.3112903226,"ME":0.1287096774,"ME_lower_bound":-0.3222580645,"ME_upper_bound":0.5593548387,"R2":0.8737053783,"R2_lower_bound":0.7990311787,"R2_upper_bound":0.9323807563,"m":1.1616241785,"m_lower_bound":0.942378586,"m_upper_bound":1.3376585431},"p0jba":{"name":"macroscopic pKa prediction from microscopic pKa predicted with Gaussian and separate fitting for neutral to negative and for positive to neutral transformations","RMSE":1.314747124,"RMSE_lower_bound":0.6874881817,"RMSE_upper_bound":1.72756476,"MAE":1.084,"MAE_lower_bound":0.428,"MAE_upper_bound":1.72,"ME":-0.924,"ME_lower_bound":-1.72,"ME_upper_bound":-0.108,"R2":0.9099462335,"R2_lower_bound":0.5085281288,"R2_upper_bound":1.0,"m":1.184586283,"m_lower_bound":0.3553387266,"m_upper_bound":1.7240765465},"37xm8":{"name":"ACD\/pKa GALAS","RMSE":1.4131100453,"RMSE_lower_bound":0.9224785454,"RMSE_upper_bound":1.8430644771,"MAE":1.008,"MAE_lower_bound":0.6756666667,"MAE_upper_bound":1.381,"ME":-0.1826666667,"ME_lower_bound":-0.6846666667,"ME_upper_bound":0.3146666667,"R2":0.8335134007,"R2_lower_bound":0.6938686626,"R2_upper_bound":0.9266343275,"m":1.1553428028,"m_lower_bound":0.9782817582,"m_upper_bound":1.3327501713},"mkhqa":{"name":"EC-RISM\/MP2\/cc-pVTZ-P2-phi-all-2par","RMSE":1.59610817,"RMSE_lower_bound":1.1429644535,"RMSE_upper_bound":2.0498387033,"MAE":1.2387096774,"MAE_lower_bound":0.9096774194,"MAE_upper_bound":1.6138709677,"ME":-0.3161290323,"ME_lower_bound":-0.8880645161,"ME_upper_bound":0.2280645161,"R2":0.8031710687,"R2_lower_bound":0.6661990553,"R2_upper_bound":0.9029022993,"m":1.1397878132,"m_lower_bound":0.9773435583,"m_upper_bound":1.3383376681},"ttjd0":{"name":"EC-RISM\/MP2\/cc-pVTZ-P2-phi-noThiols-2par","RMSE":1.6417329554,"RMSE_lower_bound":1.2148569543,"RMSE_upper_bound":2.0585149674,"MAE":1.2958064516,"MAE_lower_bound":0.9651612903,"MAE_upper_bound":1.6629032258,"ME":-0.1216129032,"ME_lower_bound":-0.7112903226,"ME_upper_bound":0.4461290323,"R2":0.8127154848,"R2_lower_bound":0.6872037396,"R2_upper_bound":0.9065311197,"m":1.1981278133,"m_lower_bound":1.028551478,"m_upper_bound":1.4049788545},"nb001":{"name":"EC-RISM\/MP2\/6-311+G(d,p)-P2-phi-all-2par","RMSE":1.6848480356,"RMSE_lower_bound":1.0567509549,"RMSE_upper_bound":2.3500164721,"MAE":1.2132258065,"MAE_lower_bound":0.8493548387,"MAE_upper_bound":1.6529032258,"ME":0.4422580645,"ME_lower_bound":-0.0938709677,"ME_upper_bound":1.0312903226,"R2":0.7970369577,"R2_lower_bound":0.6972305005,"R2_upper_bound":0.899993621,"m":1.1562971989,"m_lower_bound":0.9539367175,"m_upper_bound":1.421127462},"nb002":{"name":"EC-RISM\/MP2\/6-311+G(d,p)-P2-phi-noThiols-2par","RMSE":1.703466106,"RMSE_lower_bound":1.077254575,"RMSE_upper_bound":2.4025658327,"MAE":1.2461290323,"MAE_lower_bound":0.8851612903,"MAE_upper_bound":1.7067741935,"ME":0.5093548387,"ME_lower_bound":-0.0422580645,"ME_upper_bound":1.1074193548,"R2":0.795563712,"R2_lower_bound":0.7005000663,"R2_upper_bound":0.8950418157,"m":1.1527375183,"m_lower_bound":0.9478290828,"m_upper_bound":1.4256462483},"35bdm":{"name":"macroscopic pKa prediction from microscopic pKa predicted with Gaussian and global fitting","RMSE":1.718644815,"RMSE_lower_bound":0.6645750522,"RMSE_upper_bound":2.3379093225,"MAE":1.442,"MAE_lower_bound":0.622,"MAE_upper_bound":2.262,"ME":-1.006,"ME_lower_bound":-2.178,"ME_upper_bound":0.134,"R2":0.9187503813,"R2_lower_bound":0.4629084321,"R2_upper_bound":1.0,"m":1.4460442407,"m_lower_bound":0.7198754383,"m_upper_bound":2.1473876953},"ryzue":{"name":"Adiabatic scheme with single point correction for type III submission","RMSE":1.7740576781,"RMSE_lower_bound":1.4251655252,"RMSE_upper_bound":2.1117856685,"MAE":1.5003225806,"MAE_lower_bound":1.1806451613,"MAE_upper_bound":1.8390322581,"ME":1.2977419355,"ME_lower_bound":0.8680645161,"ME_upper_bound":1.7151612903,"R2":0.9098100812,"R2_lower_bound":0.8615800291,"R2_upper_bound":0.9486418329,"m":1.2287488843,"m_lower_bound":1.0580952171,"m_upper_bound":1.4024440388},"2ii2g":{"name":"EC-RISM\/MP2\/cc-pVTZ-P2-q-noThiols-2par","RMSE":1.7952661767,"RMSE_lower_bound":1.3049113182,"RMSE_upper_bound":2.246128569,"MAE":1.3890322581,"MAE_lower_bound":1.0087096774,"MAE_upper_bound":1.8151612903,"ME":-0.7438709677,"ME_lower_bound":-1.31,