{"xvxzd":{"name":"Full quantum chemical calculation of free energies and fit to experimental pKa","RMSE":0.6800760607,"RMSE_lower_bound":0.5448948016,"RMSE_upper_bound":0.819920097,"MAE":0.5786206897,"MAE_lower_bound":0.4544827586,"MAE_upper_bound":0.7227586207,"ME":0.2351724138,"ME_lower_bound":-0.0089655172,"ME_upper_bound":0.4713793103,"R2":0.9373019916,"R2_lower_bound":0.8754369359,"R2_upper_bound":0.9719590682,"m":0.9231109184,"m_lower_bound":0.8323593661,"m_upper_bound":1.0135476029},"gyuhx":{"name":"S+pKa","RMSE":0.7319946236,"RMSE_lower_bound":0.5539185919,"RMSE_upper_bound":0.9047259432,"MAE":0.585483871,"MAE_lower_bound":0.4367741935,"MAE_upper_bound":0.7525806452,"ME":0.034516129,"ME_lower_bound":-0.2477419355,"ME_upper_bound":0.2819354839,"R2":0.9289338327,"R2_lower_bound":0.8798446471,"R2_upper_bound":0.965294169,"m":0.9794011218,"m_lower_bound":0.9085126361,"m_upper_bound":1.0839453736},"xmyhm":{"name":"ACD\/pKa Classic","RMSE":0.7865461453,"RMSE_lower_bound":0.5390583187,"RMSE_upper_bound":1.0410525071,"MAE":0.5635483871,"MAE_lower_bound":0.3929032258,"MAE_upper_bound":0.7864516129,"ME":0.1338709677,"ME_lower_bound":-0.15,"ME_upper_bound":0.4029032258,"R2":0.9189786969,"R2_lower_bound":0.8437153068,"R2_upper_bound":0.9671913424,"m":0.9609109035,"m_lower_bound":0.8586818215,"m_upper_bound":1.0746550579},"nb007":{"name":"Epik Scan","RMSE":0.9457511096,"RMSE_lower_bound":0.7205889169,"RMSE_upper_bound":1.1464489353,"MAE":0.7761290323,"MAE_lower_bound":0.5838709677,"MAE_upper_bound":0.9629032258,"ME":0.0451612903,"ME_lower_bound":-0.3016129032,"ME_upper_bound":0.37,"R2":0.8785159089,"R2_lower_bound":0.7699997174,"R2_upper_bound":0.9466052968,"m":0.839671562,"m_lower_bound":0.7668511621,"m_upper_bound":0.9306968719},"yqkga":{"name":"ReSCoSS conformations \/\/ COSMOtherm pKa","RMSE":1.0102379151,"RMSE_lower_bound":0.7752190117,"RMSE_upper_bound":1.2275703777,"MAE":0.7993548387,"MAE_lower_bound":0.5841935484,"MAE_upper_bound":1.0261290323,"ME":-0.1664516129,"ME_lower_bound":-0.4874193548,"ME_upper_bound":0.1806451613,"R2":0.8670924761,"R2_lower_bound":0.7845789522,"R2_upper_bound":0.9345076145,"m":0.9271834081,"m_lower_bound":0.7599530579,"m_upper_bound":1.0876077891},"nb010":{"name":"Epik Microscopic","RMSE":1.0280611253,"RMSE_lower_bound":0.7808576757,"RMSE_upper_bound":1.255953564,"MAE":0.8141935484,"MAE_lower_bound":0.6203225806,"MAE_upper_bound":1.0283870968,"ME":0.2432258065,"ME_lower_bound":-0.1170967742,"ME_upper_bound":0.6129032258,"R2":0.8690285543,"R2_lower_bound":0.7744736298,"R2_upper_bound":0.9366171902,"m":0.9457522794,"m_lower_bound":0.8266818511,"m_upper_bound":1.0723999283},"8xt50":{"name":"ReSCoSS conformations \/\/ DSD-BLYP-D3 reranking \/\/ COSMOtherm pKa","RMSE":1.0714295545,"RMSE_lower_bound":0.7839910302,"RMSE_upper_bound":1.3474156865,"MAE":0.8141935484,"MAE_lower_bound":0.5803225806,"MAE_upper_bound":1.0641935484,"ME":-0.4748387097,"ME_lower_bound":-0.8077419355,"ME_upper_bound":-0.1416129032,"R2":0.9055345285,"R2_lower_bound":0.8435065054,"R2_upper_bound":0.9517218365,"m":1.0781105731,"m_lower_bound":0.9375785084,"m_upper_bound":1.2097550102},"nb013":{"name":"Jaguar","RMSE":1.1031158217,"RMSE_lower_bound":0.721385316,"RMSE_upper_bound":1.4730941761,"MAE":0.8032258065,"MAE_lower_bound":0.5693548387,"MAE_upper_bound":1.1103225806,"ME":-0.1483870968,"ME_lower_bound":-0.5222580645,"ME_upper_bound":0.2348387097,"R2":0.883942373,"R2_lower_bound":0.7818124899,"R2_upper_bound":0.9469845195,"m":1.0918429143,"m_lower_bound":0.8989764756,"m_upper_bound":1.2598956931},"nb015":{"name":"Chemicalize v18.23 (ChemAxon MarvinSketch v18.23)","RMSE":1.2722560607,"RMSE_lower_bound":0.9843009637,"RMSE_upper_bound":1.5630759584,"MAE":1.0441935484,"MAE_lower_bound":0.7877419355,"MAE_upper_bound":1.3038709677,"ME":0.1287096774,"ME_lower_bound":-0.3403225806,"ME_upper_bound":0.6193548387,"R2":0.8737053783,"R2_lower_bound":0.8000702763,"R2_upper_bound":0.9319083718,"m":1.1616241785,"m_lower_bound":0.9521320462,"m_upper_bound":1.3306677193},"p0jba":{"name":"macroscopic pKa prediction from microscopic pKa predicted with Gaussian and separate fitting for neutral to negative and for positive to neutral transformations","RMSE":1.314747124,"RMSE_lower_bound":0.6874881817,"RMSE_upper_bound":1.72756476,"MAE":1.084,"MAE_lower_bound":0.428,"MAE_upper_bound":1.72,"ME":-0.924,"ME_lower_bound":-1.72,"ME_upper_bound":-0.108,"R2":0.9099462335,"R2_lower_bound":0.5221912357,"R2_upper_bound":1.0,"m":1.184586283,"m_lower_bound":0.3388955204,"m_upper_bound":1.7240765465},"37xm8":{"name":"ACD\/pKa GALAS","RMSE":1.4131100453,"RMSE_lower_bound":0.9456179637,"RMSE_upper_bound":1.8439025643,"MAE":1.008,"MAE_lower_bound":0.6856666667,"MAE_upper_bound":1.3796666667,"ME":-0.1826666667,"ME_lower_bound":-0.6993333333,"ME_upper_bound":0.351,"R2":0.8335134007,"R2_lower_bound":0.6944125425,"R2_upper_bound":0.9279949253,"m":1.1553428028,"m_lower_bound":0.9800272808,"m_upper_bound":1.336864252},"mkhqa":{"name":"EC-RISM\/MP2\/cc-pVTZ-P2-phi-all-2par","RMSE":1.59610817,"RMSE_lower_bound":1.1527036941,"RMSE_upper_bound":2.0379211419,"MAE":1.2387096774,"MAE_lower_bound":0.8977419355,"MAE_upper_bound":1.5974193548,"ME":-0.3161290323,"ME_lower_bound":-0.8712903226,"ME_upper_bound":0.2393548387,"R2":0.8031710687,"R2_lower_bound":0.6743995161,"R2_upper_bound":0.9044000926,"m":1.1397878132,"m_lower_bound":0.9803913263,"m_upper_bound":1.3503719531},"ttjd0":{"name":"EC-RISM\/MP2\/cc-pVTZ-P2-phi-noThiols-2par","RMSE":1.6417329554,"RMSE_lower_bound":1.1798783426,"RMSE_upper_bound":2.0619533489,"MAE":1.2958064516,"MAE_lower_bound":0.94,"MAE_upper_bound":1.6764516129,"ME":-0.1216129032,"ME_lower_bound":-0.7180645161,"ME_upper_bound":0.4661290323,"R2":0.8127154848,"R2_lower_bound":0.6907937007,"R2_upper_bound":0.9152634654,"m":1.1981278133,"m_lower_bound":1.0274265032,"m_upper_bound":1.40203487},"nb001":{"name":"EC-RISM\/MP2\/6-311+G(d,p)-P2-phi-all-2par","RMSE":1.6848480356,"RMSE_lower_bound":1.0713091178,"RMSE_upper_bound":2.3278080511,"MAE":1.2132258065,"MAE_lower_bound":0.85,"MAE_upper_bound":1.6616129032,"ME":0.4422580645,"ME_lower_bound":-0.0748387097,"ME_upper_bound":1.0038709677,"R2":0.7970369577,"R2_lower_bound":0.6926914881,"R2_upper_bound":0.9040509331,"m":1.1562971989,"m_lower_bound":0.9621957273,"m_upper_bound":1.4356626976},"nb002":{"name":"EC-RISM\/MP2\/6-311+G(d,p)-P2-phi-noThiols-2par","RMSE":1.703466106,"RMSE_lower_bound":1.0880716888,"RMSE_upper_bound":2.4132858072,"MAE":1.2461290323,"MAE_lower_bound":0.8941935484,"MAE_upper_bound":1.705483871,"ME":0.5093548387,"ME_lower_bound":-0.0483870968,"ME_upper_bound":1.135483871,"R2":0.795563712,"R2_lower_bound":0.6972469616,"R2_upper_bound":0.8982740552,"m":1.1527375183,"m_lower_bound":0.9502832163,"m_upper_bound":1.4274929218},"35bdm":{"name":"macroscopic pKa prediction from microscopic pKa predicted with Gaussian and global fitting","RMSE":1.718644815,"RMSE_lower_bound":0.6630535423,"RMSE_upper_bound":2.3379093225,"MAE":1.442,"MAE_lower_bound":0.62,"MAE_upper_bound":2.228,"ME":-1.006,"ME_lower_bound":-2.146,"ME_upper_bound":0.134,"R2":0.9187503813,"R2_lower_bound":0.498131923,"R2_upper_bound":1.0,"m":1.4460442407,"m_lower_bound":0.771136051,"m_upper_bound":2.3046357616},"ryzue":{"name":"Adiabatic scheme with single point correction for type III submission","RMSE":1.7740576781,"RMSE_lower_bound":1.4018823751,"RMSE_upper_bound":2.1229992479,"MAE":1.5003225806,"MAE_lower_bound":1.1735483871,"MAE_upper_bound":1.8406451613,"ME":1.2977419355,"ME_lower_bound":0.8525806452,"ME_upper_bound":1.7232258065,"R2":0.9098100812,"R2_lower_bound":0.8622198985,"R2_upper_bound":0.9525234315,"m":1.2287488843,"m_lower_bound":1.0560359328,"m_upper_bound":1.411864139},"2ii2g":{"name":"EC-RISM\/MP2\/cc-pVTZ-P2-q-noThiols-2par","RMSE":1.7952661767,"RMSE_lower_bound":1.2978282107,"RMSE_upper_bound":2.2719353694,"MAE":1.3890322581,"MAE_lower_bound":1.0103225806,"MAE_upper_bound":1.8451612903,"ME":-0.7438709677,"ME_lower_bound":-1.2896774194,