{"xvxzd":{"name":"Full quantum chemical calculation of free energies and fit to experimental pKa","RMSE":0.6800760607,"RMSE_lower_bound":0.5471462012,"RMSE_upper_bound":0.8106255567,"MAE":0.5786206897,"MAE_lower_bound":0.4537931034,"MAE_upper_bound":0.7106896552,"ME":0.2351724138,"ME_lower_bound":-0.0068965517,"ME_upper_bound":0.4624137931,"R2":0.9373019916,"R2_lower_bound":0.8773986181,"R2_upper_bound":0.9720575871,"m":0.9231109184,"m_lower_bound":0.8394504623,"m_upper_bound":1.0170958388},"gyuhx":{"name":"S+pKa","RMSE":0.7319946236,"RMSE_lower_bound":0.5574394224,"RMSE_upper_bound":0.9153934462,"MAE":0.585483871,"MAE_lower_bound":0.4383870968,"MAE_upper_bound":0.7483870968,"ME":0.034516129,"ME_lower_bound":-0.2274193548,"ME_upper_bound":0.285483871,"R2":0.9289338327,"R2_lower_bound":0.8757577633,"R2_upper_bound":0.9651790655,"m":0.9794011218,"m_lower_bound":0.9030022246,"m_upper_bound":1.0837679102},"xmyhm":{"name":"ACD\/pKa Classic","RMSE":0.7865461453,"RMSE_lower_bound":0.520728398,"RMSE_upper_bound":1.0316038249,"MAE":0.5635483871,"MAE_lower_bound":0.3848387097,"MAE_upper_bound":0.77,"ME":0.1338709677,"ME_lower_bound":-0.145483871,"ME_upper_bound":0.4012903226,"R2":0.9189786969,"R2_lower_bound":0.8463482159,"R2_upper_bound":0.967488578,"m":0.9609109035,"m_lower_bound":0.856342334,"m_upper_bound":1.0814220691},"nb017":{"name":"MoKa","RMSE":0.9427259719,"RMSE_lower_bound":0.7245866452,"RMSE_upper_bound":1.1521942601,"MAE":0.77,"MAE_lower_bound":0.5861290323,"MAE_upper_bound":0.9722580645,"ME":-0.1622580645,"ME_lower_bound":-0.4909677419,"ME_upper_bound":0.1625806452,"R2":0.8842961413,"R2_lower_bound":0.8061730041,"R2_upper_bound":0.9373602832,"m":0.9387723673,"m_lower_bound":0.8199847376,"m_upper_bound":1.0753579005},"nb007":{"name":"Epik Scan","RMSE":0.9457511096,"RMSE_lower_bound":0.7317301636,"RMSE_upper_bound":1.1582188773,"MAE":0.7761290323,"MAE_lower_bound":0.5925806452,"MAE_upper_bound":0.98,"ME":0.0451612903,"ME_lower_bound":-0.2980645161,"ME_upper_bound":0.3638709677,"R2":0.8785159089,"R2_lower_bound":0.7644489506,"R2_upper_bound":0.9444055017,"m":0.839671562,"m_lower_bound":0.7668877221,"m_upper_bound":0.9213050173},"yqkga":{"name":"ReSCoSS conformations \/\/ COSMOtherm pKa","RMSE":1.0102379151,"RMSE_lower_bound":0.7780786924,"RMSE_upper_bound":1.2286866841,"MAE":0.7993548387,"MAE_lower_bound":0.5867741935,"MAE_upper_bound":1.0222580645,"ME":-0.1664516129,"ME_lower_bound":-0.5129032258,"ME_upper_bound":0.1948387097,"R2":0.8670924761,"R2_lower_bound":0.7815886359,"R2_upper_bound":0.9328183669,"m":0.9271834081,"m_lower_bound":0.7635893356,"m_upper_bound":1.0764886686},"nb010":{"name":"Epik Microscopic","RMSE":1.0280611253,"RMSE_lower_bound":0.7713101548,"RMSE_upper_bound":1.2622432668,"MAE":0.8141935484,"MAE_lower_bound":0.6061290323,"MAE_upper_bound":1.0393548387,"ME":0.2432258065,"ME_lower_bound":-0.1161290323,"ME_upper_bound":0.5822580645,"R2":0.8690285543,"R2_lower_bound":0.7728843801,"R2_upper_bound":0.9389707809,"m":0.9457522794,"m_lower_bound":0.8276240094,"m_upper_bound":1.0783233412},"8xt50":{"name":"ReSCoSS conformations \/\/ DSD-BLYP-D3 reranking \/\/ COSMOtherm pKa","RMSE":1.0714295545,"RMSE_lower_bound":0.7830914749,"RMSE_upper_bound":1.360601148,"MAE":0.8141935484,"MAE_lower_bound":0.5774193548,"MAE_upper_bound":1.07,"ME":-0.4748387097,"ME_lower_bound":-0.8241935484,"ME_upper_bound":-0.1416129032,"R2":0.9055345285,"R2_lower_bound":0.8407851991,"R2_upper_bound":0.9512700285,"m":1.0781105731,"m_lower_bound":0.9359771035,"m_upper_bound":1.2192357145},"nb013":{"name":"Jaguar","RMSE":1.1031158217,"RMSE_lower_bound":0.7154560918,"RMSE_upper_bound":1.4789479696,"MAE":0.8032258065,"MAE_lower_bound":0.5625806452,"MAE_upper_bound":1.0874193548,"ME":-0.1483870968,"ME_lower_bound":-0.5548387097,"ME_upper_bound":0.2112903226,"R2":0.883942373,"R2_lower_bound":0.7819176147,"R2_upper_bound":0.9461620323,"m":1.0918429143,"m_lower_bound":0.9066954196,"m_upper_bound":1.2551153014},"nb015":{"name":"Chemicalize v18.23 (ChemAxon MarvinSketch v18.23)","RMSE":1.2722560607,"RMSE_lower_bound":0.9798995999,"RMSE_upper_bound":1.5682114324,"MAE":1.0441935484,"MAE_lower_bound":0.7922580645,"MAE_upper_bound":1.3080645161,"ME":0.1287096774,"ME_lower_bound":-0.33,"ME_upper_bound":0.5596774194,"R2":0.8737053783,"R2_lower_bound":0.7967293501,"R2_upper_bound":0.9320069011,"m":1.1616241785,"m_lower_bound":0.9369053958,"m_upper_bound":1.3415201549},"p0jba":{"name":"macroscopic pKa prediction from microscopic pKa predicted with Gaussian and separate fitting for neutral to negative and for positive to neutral transformations","RMSE":1.314747124,"RMSE_lower_bound":0.6874881817,"RMSE_upper_bound":1.72756476,"MAE":1.084,"MAE_lower_bound":0.428,"MAE_upper_bound":1.72,"ME":-0.924,"ME_lower_bound":-1.72,"ME_upper_bound":-0.108,"R2":0.9099462335,"R2_lower_bound":0.5085281288,"R2_upper_bound":1.0,"m":1.184586283,"m_lower_bound":0.3388955204,"m_upper_bound":1.7240765465},"37xm8":{"name":"ACD\/pKa GALAS","RMSE":1.4131100453,"RMSE_lower_bound":0.9308204266,"RMSE_upper_bound":1.8496495163,"MAE":1.008,"MAE_lower_bound":0.682,"MAE_upper_bound":1.3856666667,"ME":-0.1826666667,"ME_lower_bound":-0.678,"ME_upper_bound":0.3206666667,"R2":0.8335134007,"R2_lower_bound":0.6934104957,"R2_upper_bound":0.9270206215,"m":1.1553428028,"m_lower_bound":0.9775924505,"m_upper_bound":1.3349321711},"mkhqa":{"name":"EC-RISM\/MP2\/cc-pVTZ-P2-phi-all-2par","RMSE":1.59610817,"RMSE_lower_bound":1.1460507223,"RMSE_upper_bound":2.0457501188,"MAE":1.2387096774,"MAE_lower_bound":0.9161290323,"MAE_upper_bound":1.6129032258,"ME":-0.3161290323,"ME_lower_bound":-0.8719354839,"ME_upper_bound":0.2212903226,"R2":0.8031710687,"R2_lower_bound":0.6660987451,"R2_upper_bound":0.9022960103,"m":1.1397878132,"m_lower_bound":0.9808512776,"m_upper_bound":1.3423444376},"ttjd0":{"name":"EC-RISM\/MP2\/cc-pVTZ-P2-phi-noThiols-2par","RMSE":1.6417329554,"RMSE_lower_bound":1.1999502678,"RMSE_upper_bound":2.0642432027,"MAE":1.2958064516,"MAE_lower_bound":0.954516129,"MAE_upper_bound":1.6712903226,"ME":-0.1216129032,"ME_lower_bound":-0.7222580645,"ME_upper_bound":0.4364516129,"R2":0.8127154848,"R2_lower_bound":0.6873916032,"R2_upper_bound":0.9073628359,"m":1.1981278133,"m_lower_bound":1.0281825815,"m_upper_bound":1.404891898},"nb001":{"name":"EC-RISM\/MP2\/6-311+G(d,p)-P2-phi-all-2par","RMSE":1.6848480356,"RMSE_lower_bound":1.0571660229,"RMSE_upper_bound":2.3801599296,"MAE":1.2132258065,"MAE_lower_bound":0.844516129,"MAE_upper_bound":1.6709677419,"ME":0.4422580645,"ME_lower_bound":-0.0922580645,"ME_upper_bound":1.0529032258,"R2":0.7970369577,"R2_lower_bound":0.6993426096,"R2_upper_bound":0.898736215,"m":1.1562971989,"m_lower_bound":0.9538926989,"m_upper_bound":1.4303572816},"nb002":{"name":"EC-RISM\/MP2\/6-311+G(d,p)-P2-phi-noThiols-2par","RMSE":1.703466106,"RMSE_lower_bound":1.0831807998,"RMSE_upper_bound":2.3902085211,"MAE":1.2461290323,"MAE_lower_bound":0.8903225806,"MAE_upper_bound":1.7006451613,"ME":0.5093548387,"ME_lower_bound":-0.0309677419,"ME_upper_bound":1.1183870968,"R2":0.795563712,"R2_lower_bound":0.6986610098,"R2_upper_bound":0.8961611252,"m":1.1527375183,"m_lower_bound":0.9491939388,"m_upper_bound":1.420615433},"35bdm":{"name":"macroscopic pKa prediction from microscopic pKa predicted with Gaussian and global fitting","RMSE":1.718644815,"RMSE_lower_bound":0.6645750522,"RMSE_upper_bound":2.3379093225,"MAE":1.442,"MAE_lower_bound":0.622,"MAE_upper_bound":2.262,"ME":-1.006,"ME_lower_bound":-2.178,"ME_upper_bound":0.134,"R2":0.9187503813,"R2_lower_bound":0.4629084321,"R2_upper_bound":1.0,"m":1.4460442407,"m_lower_bound":0.7345644469,"m_upper_bound":2.1473876953},"ryzue":{"name":"Adiabatic scheme with single point correction for type III submission","RMSE":1.7740576781,"RMSE_lower_bound":1.4155757976,"RMSE_upper_bound":2.1184694719,"MAE":1.5003225806,"MAE_lower_bound":1.1706451613,"MAE_upper_bound":1.8425806452,"ME":1.2977419355,"ME_lower_bound":0.8596774194,"ME_upper_bound":1.7077419355,"R2":0.9098100812,