{"xvxzd":{"name":"Full quantum chemical calculation of free energies and fit to experimental pKa","RMSE":0.6800760607,"RMSE_lower_bound":0.5472627812,"RMSE_upper_bound":0.8132607844,"MAE":0.5786206897,"MAE_lower_bound":0.45,"MAE_upper_bound":0.714137931,"ME":0.2351724138,"ME_lower_bound":-0.0017241379,"ME_upper_bound":0.4637931034,"R2":0.9373019916,"R2_lower_bound":0.8774561825,"R2_upper_bound":0.9720647969,"m":0.9231109184,"m_lower_bound":0.8356979114,"m_upper_bound":1.0173559624},"gyuhx":{"name":"S+pKa","RMSE":0.7319946236,"RMSE_lower_bound":0.5510137285,"RMSE_upper_bound":0.9099397357,"MAE":0.585483871,"MAE_lower_bound":0.4332258065,"MAE_upper_bound":0.7458064516,"ME":0.034516129,"ME_lower_bound":-0.2232258065,"ME_upper_bound":0.2841935484,"R2":0.9289338327,"R2_lower_bound":0.8774210926,"R2_upper_bound":0.9660026428,"m":0.9794011218,"m_lower_bound":0.903055999,"m_upper_bound":1.0845072792},"xmyhm":{"name":"ACD\/pKa Classic","RMSE":0.7865461453,"RMSE_lower_bound":0.5198076567,"RMSE_upper_bound":1.0337045812,"MAE":0.5635483871,"MAE_lower_bound":0.3825806452,"MAE_upper_bound":0.7638709677,"ME":0.1338709677,"ME_lower_bound":-0.1464516129,"ME_upper_bound":0.4125806452,"R2":0.9189786969,"R2_lower_bound":0.847227925,"R2_upper_bound":0.9679065966,"m":0.9609109035,"m_lower_bound":0.856621455,"m_upper_bound":1.0806571807},"nb007":{"name":"Epik Scan","RMSE":0.9457511096,"RMSE_lower_bound":0.7287859989,"RMSE_upper_bound":1.1574708245,"MAE":0.7761290323,"MAE_lower_bound":0.5912903226,"MAE_upper_bound":0.9741935484,"ME":0.0451612903,"ME_lower_bound":-0.2929032258,"ME_upper_bound":0.374516129,"R2":0.8785159089,"R2_lower_bound":0.7627044945,"R2_upper_bound":0.9461388557,"m":0.839671562,"m_lower_bound":0.7671315411,"m_upper_bound":0.9214212978},"yqkga":{"name":"ReSCoSS conformations \/\/ COSMOtherm pKa","RMSE":1.0102379151,"RMSE_lower_bound":0.7776059206,"RMSE_upper_bound":1.2264859322,"MAE":0.7993548387,"MAE_lower_bound":0.5880645161,"MAE_upper_bound":1.02,"ME":-0.1664516129,"ME_lower_bound":-0.5019354839,"ME_upper_bound":0.2,"R2":0.8670924761,"R2_lower_bound":0.7822465255,"R2_upper_bound":0.9344775762,"m":0.9271834081,"m_lower_bound":0.7661782907,"m_upper_bound":1.081567498},"nb010":{"name":"Epik Microscopic","RMSE":1.0280611253,"RMSE_lower_bound":0.7705611696,"RMSE_upper_bound":1.2715205528,"MAE":0.8141935484,"MAE_lower_bound":0.6012903226,"MAE_upper_bound":1.0477419355,"ME":0.2432258065,"ME_lower_bound":-0.1216129032,"ME_upper_bound":0.5870967742,"R2":0.8690285543,"R2_lower_bound":0.7694213625,"R2_upper_bound":0.9393792675,"m":0.9457522794,"m_lower_bound":0.8273002353,"m_upper_bound":1.0768411284},"8xt50":{"name":"ReSCoSS conformations \/\/ DSD-BLYP-D3 reranking \/\/ COSMOtherm pKa","RMSE":1.0714295545,"RMSE_lower_bound":0.7827618597,"RMSE_upper_bound":1.3674983045,"MAE":0.8141935484,"MAE_lower_bound":0.5783870968,"MAE_upper_bound":1.0716129032,"ME":-0.4748387097,"ME_lower_bound":-0.8232258065,"ME_upper_bound":-0.1435483871,"R2":0.9055345285,"R2_lower_bound":0.8412460848,"R2_upper_bound":0.9510793475,"m":1.0781105731,"m_lower_bound":0.9361337177,"m_upper_bound":1.2177300357},"nb013":{"name":"Jaguar","RMSE":1.1031158217,"RMSE_lower_bound":0.7153411097,"RMSE_upper_bound":1.4710529474,"MAE":0.8032258065,"MAE_lower_bound":0.5593548387,"MAE_upper_bound":1.0951612903,"ME":-0.1483870968,"ME_lower_bound":-0.5522580645,"ME_upper_bound":0.2132258065,"R2":0.883942373,"R2_lower_bound":0.7839478583,"R2_upper_bound":0.9469957101,"m":1.0918429143,"m_lower_bound":0.9057614025,"m_upper_bound":1.2511484811},"nb015":{"name":"Chemicalize v18.23 (ChemAxon MarvinSketch v18.23)","RMSE":1.2722560607,"RMSE_lower_bound":0.986247368,"RMSE_upper_bound":1.5715894974,"MAE":1.0441935484,"MAE_lower_bound":0.7996774194,"MAE_upper_bound":1.3093548387,"ME":0.1287096774,"ME_lower_bound":-0.3309677419,"ME_upper_bound":0.5532258065,"R2":0.8737053783,"R2_lower_bound":0.7991325466,"R2_upper_bound":0.9314447415,"m":1.1616241785,"m_lower_bound":0.9426037556,"m_upper_bound":1.3404983575},"p0jba":{"name":"macroscopic pKa prediction from microscopic pKa predicted with Gaussian and separate fitting for neutral to negative and for positive to neutral transformations","RMSE":1.314747124,"RMSE_lower_bound":0.6874881817,"RMSE_upper_bound":1.72756476,"MAE":1.084,"MAE_lower_bound":0.428,"MAE_upper_bound":1.72,"ME":-0.924,"ME_lower_bound":-1.72,"ME_upper_bound":-0.108,"R2":0.9099462335,"R2_lower_bound":0.5085281288,"R2_upper_bound":1.0,"m":1.184586283,"m_lower_bound":0.3388955204,"m_upper_bound":1.7240765465},"37xm8":{"name":"ACD\/pKa GALAS","RMSE":1.4131100453,"RMSE_lower_bound":0.9238055351,"RMSE_upper_bound":1.8450320684,"MAE":1.008,"MAE_lower_bound":0.679,"MAE_upper_bound":1.3823333333,"ME":-0.1826666667,"ME_lower_bound":-0.6823333333,"ME_upper_bound":0.3236666667,"R2":0.8335134007,"R2_lower_bound":0.6957573432,"R2_upper_bound":0.9281378014,"m":1.1553428028,"m_lower_bound":0.9768673522,"m_upper_bound":1.3349765431},"mkhqa":{"name":"EC-RISM\/MP2\/cc-pVTZ-P2-phi-all-2par","RMSE":1.59610817,"RMSE_lower_bound":1.1326574518,"RMSE_upper_bound":2.0426169173,"MAE":1.2387096774,"MAE_lower_bound":0.9051612903,"MAE_upper_bound":1.6225806452,"ME":-0.3161290323,"ME_lower_bound":-0.88,"ME_upper_bound":0.224516129,"R2":0.8031710687,"R2_lower_bound":0.6675352164,"R2_upper_bound":0.9037164862,"m":1.1397878132,"m_lower_bound":0.9804249577,"m_upper_bound":1.3360501613},"ttjd0":{"name":"EC-RISM\/MP2\/cc-pVTZ-P2-phi-noThiols-2par","RMSE":1.6417329554,"RMSE_lower_bound":1.1992605248,"RMSE_upper_bound":2.0541822013,"MAE":1.2958064516,"MAE_lower_bound":0.9587096774,"MAE_upper_bound":1.6558064516,"ME":-0.1216129032,"ME_lower_bound":-0.7106451613,"ME_upper_bound":0.4503225806,"R2":0.8127154848,"R2_lower_bound":0.6848063328,"R2_upper_bound":0.9078439093,"m":1.1981278133,"m_lower_bound":1.0247845781,"m_upper_bound":1.3974007751},"nb001":{"name":"EC-RISM\/MP2\/6-311+G(d,p)-P2-phi-all-2par","RMSE":1.6848480356,"RMSE_lower_bound":1.0541806174,"RMSE_upper_bound":2.3790673152,"MAE":1.2132258065,"MAE_lower_bound":0.8503225806,"MAE_upper_bound":1.6719354839,"ME":0.4422580645,"ME_lower_bound":-0.1025806452,"ME_upper_bound":1.0490322581,"R2":0.7970369577,"R2_lower_bound":0.6992146114,"R2_upper_bound":0.8974146999,"m":1.1562971989,"m_lower_bound":0.9528286957,"m_upper_bound":1.4240823883},"nb002":{"name":"EC-RISM\/MP2\/6-311+G(d,p)-P2-phi-noThiols-2par","RMSE":1.703466106,"RMSE_lower_bound":1.0883814559,"RMSE_upper_bound":2.374437115,"MAE":1.2461290323,"MAE_lower_bound":0.8929032258,"MAE_upper_bound":1.6929032258,"ME":0.5093548387,"ME_lower_bound":-0.0406451613,"ME_upper_bound":1.105483871,"R2":0.795563712,"R2_lower_bound":0.694537737,"R2_upper_bound":0.8960852896,"m":1.1527375183,"m_lower_bound":0.9519144916,"m_upper_bound":1.4189533488},"35bdm":{"name":"macroscopic pKa prediction from microscopic pKa predicted with Gaussian and global fitting","RMSE":1.718644815,"RMSE_lower_bound":0.6645750522,"RMSE_upper_bound":2.3379093225,"MAE":1.442,"MAE_lower_bound":0.622,"MAE_upper_bound":2.262,"ME":-1.006,"ME_lower_bound":-2.178,"ME_upper_bound":0.134,"R2":0.9187503813,"R2_lower_bound":0.4629084321,"R2_upper_bound":1.0,"m":1.4460442407,"m_lower_bound":0.7198754383,"m_upper_bound":2.1473876953},"ryzue":{"name":"Adiabatic scheme with single point correction for type III submission","RMSE":1.7740576781,"RMSE_lower_bound":1.4170960766,"RMSE_upper_bound":2.1227059724,"MAE":1.5003225806,"MAE_lower_bound":1.1683870968,"MAE_upper_bound":1.8496774194,"ME":1.2977419355,"ME_lower_bound":0.8703225806,"ME_upper_bound":1.7132258065,"R2":0.9098100812,"R2_lower_bound":0.8612985116,"R2_upper_bound":0.9492417344,"m":1.2287488843,"m_lower_bound":1.0603154038,"m_upper_bound":1.4083618538},"2ii2g":{"name":"EC-RISM\/MP2\/cc-pVTZ-P2-q-noThiols-2par","RMSE":1.7952661767,"RMSE_lower_bound":1.3031723081,"RMSE_upper_bound":2.2482860856,"MAE":1.3890322581,"MAE_lower_bound":1.0093548387,"MAE_upper_bound":1.8077419355,"ME":-0.7438709677,"ME_lower_bound":-1.3116129032,