{"xvxzd":{"name":"Full quantum chemical calculation of free energies and fit to experimental pKa","RMSE":0.6800760607,"RMSE_lower_bound":0.5454134781,"RMSE_upper_bound":0.8101255756,"MAE":0.5786206897,"MAE_lower_bound":0.454137931,"MAE_upper_bound":0.7120689655,"ME":0.2351724138,"ME_lower_bound":-0.0072413793,"ME_upper_bound":0.4617241379,"R2":0.9373019916,"R2_lower_bound":0.8766948384,"R2_upper_bound":0.9725485605,"m":0.9231109184,"m_lower_bound":0.8370758213,"m_upper_bound":1.015414879},"gyuhx":{"name":"S+pKa","RMSE":0.7319946236,"RMSE_lower_bound":0.5547623728,"RMSE_upper_bound":0.9095230937,"MAE":0.585483871,"MAE_lower_bound":0.4380645161,"MAE_upper_bound":0.7496774194,"ME":0.034516129,"ME_lower_bound":-0.2312903226,"ME_upper_bound":0.2822580645,"R2":0.9289338327,"R2_lower_bound":0.8778983745,"R2_upper_bound":0.9653208954,"m":0.9794011218,"m_lower_bound":0.9028596984,"m_upper_bound":1.0854844715},"xmyhm":{"name":"ACD\/pKa Classic","RMSE":0.7865461453,"RMSE_lower_bound":0.5225557541,"RMSE_upper_bound":1.0312676196,"MAE":0.5635483871,"MAE_lower_bound":0.384516129,"MAE_upper_bound":0.7661290323,"ME":0.1338709677,"ME_lower_bound":-0.1448387097,"ME_upper_bound":0.4083870968,"R2":0.9189786969,"R2_lower_bound":0.8448978597,"R2_upper_bound":0.9674768945,"m":0.9609109035,"m_lower_bound":0.8581616904,"m_upper_bound":1.0804275666},"nb007":{"name":"Epik-sequential","RMSE":0.9682075224,"RMSE_lower_bound":0.7650975059,"RMSE_upper_bound":1.1717632151,"MAE":0.8103225806,"MAE_lower_bound":0.6312903226,"MAE_upper_bound":1.0038709677,"ME":0.0251612903,"ME_lower_bound":-0.3180645161,"ME_upper_bound":0.3603225806,"R2":0.8706802643,"R2_lower_bound":0.7630624543,"R2_upper_bound":0.9344554601,"m":0.8735985126,"m_lower_bound":0.7875310173,"m_upper_bound":0.9767034104},"8xt50":{"name":"ReSCoSS conformations \/\/ DSD-BLYP-D3 reranking \/\/ COSMOtherm pKa","RMSE":1.0714295545,"RMSE_lower_bound":0.7849162684,"RMSE_upper_bound":1.3640594065,"MAE":0.8141935484,"MAE_lower_bound":0.5812903226,"MAE_upper_bound":1.0690322581,"ME":-0.4748387097,"ME_lower_bound":-0.8216129032,"ME_upper_bound":-0.1422580645,"R2":0.9055345285,"R2_lower_bound":0.8402623704,"R2_upper_bound":0.9512052218,"m":1.0781105731,"m_lower_bound":0.9349908355,"m_upper_bound":1.2225163999},"yqkga":{"name":"ReSCoSS conformations \/\/ COSMOtherm pKa","RMSE":1.0868777419,"RMSE_lower_bound":0.740851733,"RMSE_upper_bound":1.4453306352,"MAE":0.7993548387,"MAE_lower_bound":0.56,"MAE_upper_bound":1.07,"ME":-0.1664516129,"ME_lower_bound":-0.5125806452,"ME_upper_bound":0.2377419355,"R2":0.8464660158,"R2_lower_bound":0.725961672,"R2_upper_bound":0.943087484,"m":0.9160890788,"m_lower_bound":0.7132173887,"m_upper_bound":1.0929676355},"p0jba":{"name":"macroscopic pKa prediction from microscopic pKa predicted with Gaussian and separate fitting for neutral to negative and for positive to neutral transformations","RMSE":1.314747124,"RMSE_lower_bound":0.6874881817,"RMSE_upper_bound":1.72756476,"MAE":1.084,"MAE_lower_bound":0.428,"MAE_upper_bound":1.72,"ME":-0.924,"ME_lower_bound":-1.72,"ME_upper_bound":-0.108,"R2":0.9099462335,"R2_lower_bound":0.5221912357,"R2_upper_bound":1.0,"m":1.184586283,"m_lower_bound":0.3553387266,"m_upper_bound":1.7240765465},"37xm8":{"name":"ACD\/pKa GALAS","RMSE":1.4131100453,"RMSE_lower_bound":0.9284305754,"RMSE_upper_bound":1.8526629483,"MAE":1.008,"MAE_lower_bound":0.6743333333,"MAE_upper_bound":1.3866666667,"ME":-0.1826666667,"ME_lower_bound":-0.6893333333,"ME_upper_bound":0.3236666667,"R2":0.8335134007,"R2_lower_bound":0.697610311,"R2_upper_bound":0.9273521525,"m":1.1553428028,"m_lower_bound":0.9816649455,"m_upper_bound":1.3411143674},"mkhqa":{"name":"EC-RISM\/MP2\/cc-pVTZ-P2-phi-all-2par","RMSE":1.59610817,"RMSE_lower_bound":1.1415185133,"RMSE_upper_bound":2.0394615039,"MAE":1.2387096774,"MAE_lower_bound":0.9064516129,"MAE_upper_bound":1.61,"ME":-0.3161290323,"ME_lower_bound":-0.8696774194,"ME_upper_bound":0.2361290323,"R2":0.8031710687,"R2_lower_bound":0.6726808773,"R2_upper_bound":0.9034080524,"m":1.1397878132,"m_lower_bound":0.9769950676,"m_upper_bound":1.3384238606},"ttjd0":{"name":"EC-RISM\/MP2\/cc-pVTZ-P2-phi-noThiols-2par","RMSE":1.6417329554,"RMSE_lower_bound":1.2045839865,"RMSE_upper_bound":2.0566195251,"MAE":1.2958064516,"MAE_lower_bound":0.9612903226,"MAE_upper_bound":1.6641935484,"ME":-0.1216129032,"ME_lower_bound":-0.7070967742,"ME_upper_bound":0.4477419355,"R2":0.8127154848,"R2_lower_bound":0.6828419599,"R2_upper_bound":0.9074889737,"m":1.1981278133,"m_lower_bound":1.0272221004,"m_upper_bound":1.4018876741},"nb001":{"name":"EC-RISM\/MP2\/6-311+G(d,p)-P2-phi-all-2par","RMSE":1.6848480356,"RMSE_lower_bound":1.0530141071,"RMSE_upper_bound":2.3630502431,"MAE":1.2132258065,"MAE_lower_bound":0.8480645161,"MAE_upper_bound":1.6709677419,"ME":0.4422580645,"ME_lower_bound":-0.0983870968,"ME_upper_bound":1.0529032258,"R2":0.7970369577,"R2_lower_bound":0.699377749,"R2_upper_bound":0.8988963786,"m":1.1562971989,"m_lower_bound":0.9473926088,"m_upper_bound":1.4289981978},"nb002":{"name":"EC-RISM\/MP2\/6-311+G(d,p)-P2-phi-noThiols-2par","RMSE":1.703466106,"RMSE_lower_bound":1.0807942122,"RMSE_upper_bound":2.4125030503,"MAE":1.2461290323,"MAE_lower_bound":0.884516129,"MAE_upper_bound":1.7112903226,"ME":0.5093548387,"ME_lower_bound":-0.0225806452,"ME_upper_bound":1.1241935484,"R2":0.795563712,"R2_lower_bound":0.6973520859,"R2_upper_bound":0.8969596374,"m":1.1527375183,"m_lower_bound":0.9483981744,"m_upper_bound":1.426133987},"35bdm":{"name":"macroscopic pKa prediction from microscopic pKa predicted with Gaussian and global fitting","RMSE":1.718644815,"RMSE_lower_bound":0.6645750522,"RMSE_upper_bound":2.3379093225,"MAE":1.442,"MAE_lower_bound":0.622,"MAE_upper_bound":2.262,"ME":-1.006,"ME_lower_bound":-2.146,"ME_upper_bound":0.134,"R2":0.9187503813,"R2_lower_bound":0.4568461698,"R2_upper_bound":1.0,"m":1.4460442407,"m_lower_bound":0.7345644469,"m_upper_bound":2.1473876953},"2ii2g":{"name":"EC-RISM\/MP2\/cc-pVTZ-P2-q-noThiols-2par","RMSE":1.7952661767,"RMSE_lower_bound":1.302549609,"RMSE_upper_bound":2.2457206617,"MAE":1.3890322581,"MAE_lower_bound":1.0138709677,"MAE_upper_bound":1.8048387097,"ME":-0.7438709677,"ME_lower_bound":-1.3048387097,"ME_upper_bound":-0.1483870968,"R2":0.7923065576,"R2_lower_bound":0.6578950006,"R2_upper_bound":0.8923211945,"m":1.1493140545,"m_lower_bound":0.961315568,"m_upper_bound":1.3761527235},"mpwiy":{"name":"EC-RISM\/MP2\/cc-pVTZ-P3NI-phi-noThiols-2par","RMSE":1.8161684233,"RMSE_lower_bound":1.3759383895,"RMSE_upper_bound":2.2244926932,"MAE":1.4822580645,"MAE_lower_bound":1.1251612903,"MAE_upper_bound":1.8680645161,"ME":0.1029032258,"ME_lower_bound":-0.5380645161,"ME_upper_bound":0.7325806452,"R2":0.8201144379,"R2_lower_bound":0.7012040276,"R2_upper_bound":0.9063069216,"m":1.2941730349,"m_lower_bound":1.1144462889,"m_upper_bound":1.5014222357},"ryzue":{"name":"Adiabatic scheme with single point correction for type III submission","RMSE":1.8236378036,"RMSE_lower_bound":1.4406842013,"RMSE_upper_bound":2.1841732768,"MAE":1.5003225806,"MAE_lower_bound":1.1522580645,"MAE_upper_bound":1.8770967742,"ME":1.2977419355,"ME_lower_bound":0.8412903226,"ME_upper_bound":1.7467741935,"R2":0.8916677802,"R2_lower_bound":0.8245934493,"R2_upper_bound":0.953774723,"m":1.2164361027,"m_lower_bound":1.0026010988,"m_upper_bound":1.4238060499},"5byn6":{"name":"Adiabatic scheme for type III submission","RMSE":1.8899940263,"RMSE_lower_bound":1.491090746,"RMSE_upper_bound":2.2709838709,"MAE":1.5877419355,"MAE_lower_bound":1.2303225806,"MAE_upper_bound":1.9712903226,"ME":1.3174193548,"ME_lower_bound":0.8325806452,"ME_upper_bound":1.8016129032,"R2":0.905227755,"R2_lower_bound":0.8509352371,"R2_upper_bound":0.9478844245,"m":1.2843295817,"m_lower_bound":1.1050497783,"m_upper_bound":1.4706790017},"y75vj":{"name":"Direct scheme for type III submission","RMSE":1.9008340275,"RMSE_lower_bound":1.5002755302,"RMSE_upper_bound":2.2624131659,"MAE":1.5843333333,"MAE_lower_bound":1.2183333333,