{"xvxzd":{"name":"Full quantum chemical calculation of free energies and fit to experimental pKa","RMSE":0.6800760607,"RMSE_lower_bound":0.5439732498,"RMSE_upper_bound":0.8108849997,"MAE":0.5786206897,"MAE_lower_bound":0.4493103448,"MAE_upper_bound":0.714137931,"ME":0.2351724138,"ME_lower_bound":-0.0068965517,"ME_upper_bound":0.4637931034,"R2":0.9373019916,"R2_lower_bound":0.878137573,"R2_upper_bound":0.9725878958,"m":0.9231109184,"m_lower_bound":0.8370505037,"m_upper_bound":1.0158915269},"gyuhx":{"name":"S+pKa","RMSE":0.7319946236,"RMSE_lower_bound":0.5537584194,"RMSE_upper_bound":0.9104571698,"MAE":0.585483871,"MAE_lower_bound":0.4367741935,"MAE_upper_bound":0.7435483871,"ME":0.034516129,"ME_lower_bound":-0.2287096774,"ME_upper_bound":0.2829032258,"R2":0.9289338327,"R2_lower_bound":0.8781332511,"R2_upper_bound":0.9656751888,"m":0.9794011218,"m_lower_bound":0.9037190882,"m_upper_bound":1.085500789},"xmyhm":{"name":"ACD\/pKa Classic","RMSE":0.7865461453,"RMSE_lower_bound":0.5185214712,"RMSE_upper_bound":1.0320712028,"MAE":0.5635483871,"MAE_lower_bound":0.3825806452,"MAE_upper_bound":0.7719354839,"ME":0.1338709677,"ME_lower_bound":-0.1448387097,"ME_upper_bound":0.4058064516,"R2":0.9189786969,"R2_lower_bound":0.8471753681,"R2_upper_bound":0.9677112841,"m":0.9609109035,"m_lower_bound":0.8550264338,"m_upper_bound":1.0849622663},"nb017":{"name":"MoKa","RMSE":0.9427259719,"RMSE_lower_bound":0.722756819,"RMSE_upper_bound":1.154062949,"MAE":0.77,"MAE_lower_bound":0.5858064516,"MAE_upper_bound":0.9690322581,"ME":-0.1622580645,"ME_lower_bound":-0.4967741935,"ME_upper_bound":0.1603225806,"R2":0.8842961413,"R2_lower_bound":0.8075200598,"R2_upper_bound":0.9374068077,"m":0.9387723673,"m_lower_bound":0.8209259177,"m_upper_bound":1.0760671002},"nb007":{"name":"Epik Scan","RMSE":0.9457511096,"RMSE_lower_bound":0.73365853,"RMSE_upper_bound":1.1594409109,"MAE":0.7761290323,"MAE_lower_bound":0.5967741935,"MAE_upper_bound":0.975483871,"ME":0.0451612903,"ME_lower_bound":-0.2877419355,"ME_upper_bound":0.3693548387,"R2":0.8785159089,"R2_lower_bound":0.7640434499,"R2_upper_bound":0.9463413333,"m":0.839671562,"m_lower_bound":0.7663989747,"m_upper_bound":0.9224579502},"yqkga":{"name":"ReSCoSS conformations \/\/ COSMOtherm pKa","RMSE":1.0102379151,"RMSE_lower_bound":0.7794145859,"RMSE_upper_bound":1.2274626333,"MAE":0.7993548387,"MAE_lower_bound":0.5880645161,"MAE_upper_bound":1.02,"ME":-0.1664516129,"ME_lower_bound":-0.5112903226,"ME_upper_bound":0.1919354839,"R2":0.8670924761,"R2_lower_bound":0.780157385,"R2_upper_bound":0.9350952043,"m":0.9271834081,"m_lower_bound":0.7625090155,"m_upper_bound":1.083622408},"nb010":{"name":"Epik Microscopic","RMSE":1.0280611253,"RMSE_lower_bound":0.7685805937,"RMSE_upper_bound":1.2758766752,"MAE":0.8141935484,"MAE_lower_bound":0.6009677419,"MAE_upper_bound":1.0490322581,"ME":0.2432258065,"ME_lower_bound":-0.1125806452,"ME_upper_bound":0.5932258065,"R2":0.8690285543,"R2_lower_bound":0.769823618,"R2_upper_bound":0.9404168977,"m":0.9457522794,"m_lower_bound":0.8265236013,"m_upper_bound":1.0799941358},"8xt50":{"name":"ReSCoSS conformations \/\/ DSD-BLYP-D3 reranking \/\/ COSMOtherm pKa","RMSE":1.0714295545,"RMSE_lower_bound":0.7858732558,"RMSE_upper_bound":1.354505028,"MAE":0.8141935484,"MAE_lower_bound":0.5841935484,"MAE_upper_bound":1.065483871,"ME":-0.4748387097,"ME_lower_bound":-0.8212903226,"ME_upper_bound":-0.1458064516,"R2":0.9055345285,"R2_lower_bound":0.840906843,"R2_upper_bound":0.9516111032,"m":1.0781105731,"m_lower_bound":0.9290402408,"m_upper_bound":1.2179378066},"nb013":{"name":"Jaguar","RMSE":1.1031158217,"RMSE_lower_bound":0.7095227837,"RMSE_upper_bound":1.4729266456,"MAE":0.8032258065,"MAE_lower_bound":0.5590322581,"MAE_upper_bound":1.0912903226,"ME":-0.1483870968,"ME_lower_bound":-0.5483870968,"ME_upper_bound":0.2135483871,"R2":0.883942373,"R2_lower_bound":0.7818256284,"R2_upper_bound":0.9477145383,"m":1.0918429143,"m_lower_bound":0.9052644999,"m_upper_bound":1.2567364989},"nb015":{"name":"Chemicalize v18.23 (ChemAxon MarvinSketch v18.23)","RMSE":1.2722560607,"RMSE_lower_bound":0.9912569407,"RMSE_upper_bound":1.5665464378,"MAE":1.0441935484,"MAE_lower_bound":0.8029032258,"MAE_upper_bound":1.3048387097,"ME":0.1287096774,"ME_lower_bound":-0.335483871,"ME_upper_bound":0.5622580645,"R2":0.8737053783,"R2_lower_bound":0.7991076081,"R2_upper_bound":0.9329634176,"m":1.1616241785,"m_lower_bound":0.9336656691,"m_upper_bound":1.3364986151},"p0jba":{"name":"macroscopic pKa prediction from microscopic pKa predicted with Gaussian and separate fitting for neutral to negative and for positive to neutral transformations","RMSE":1.314747124,"RMSE_lower_bound":0.6874881817,"RMSE_upper_bound":1.72756476,"MAE":1.084,"MAE_lower_bound":0.448,"MAE_upper_bound":1.72,"ME":-0.924,"ME_lower_bound":-1.72,"ME_upper_bound":-0.108,"R2":0.9099462335,"R2_lower_bound":0.5085281288,"R2_upper_bound":1.0,"m":1.184586283,"m_lower_bound":0.3553387266,"m_upper_bound":1.7240765465},"37xm8":{"name":"ACD\/pKa GALAS","RMSE":1.4131100453,"RMSE_lower_bound":0.9357171937,"RMSE_upper_bound":1.8487680583,"MAE":1.008,"MAE_lower_bound":0.681,"MAE_upper_bound":1.3776666667,"ME":-0.1826666667,"ME_lower_bound":-0.6816666667,"ME_upper_bound":0.326,"R2":0.8335134007,"R2_lower_bound":0.6933035198,"R2_upper_bound":0.9261929435,"m":1.1553428028,"m_lower_bound":0.9789805735,"m_upper_bound":1.3325124283},"mkhqa":{"name":"EC-RISM\/MP2\/cc-pVTZ-P2-phi-all-2par","RMSE":1.59610817,"RMSE_lower_bound":1.1390162705,"RMSE_upper_bound":2.0431080056,"MAE":1.2387096774,"MAE_lower_bound":0.9116129032,"MAE_upper_bound":1.62,"ME":-0.3161290323,"ME_lower_bound":-0.8909677419,"ME_upper_bound":0.2148387097,"R2":0.8031710687,"R2_lower_bound":0.6684805584,"R2_upper_bound":0.9059778035,"m":1.1397878132,"m_lower_bound":0.9763967725,"m_upper_bound":1.3386011581},"ttjd0":{"name":"EC-RISM\/MP2\/cc-pVTZ-P2-phi-noThiols-2par","RMSE":1.6417329554,"RMSE_lower_bound":1.2011244732,"RMSE_upper_bound":2.0606160995,"MAE":1.2958064516,"MAE_lower_bound":0.9558064516,"MAE_upper_bound":1.6670967742,"ME":-0.1216129032,"ME_lower_bound":-0.6925806452,"ME_upper_bound":0.4422580645,"R2":0.8127154848,"R2_lower_bound":0.6883347557,"R2_upper_bound":0.9076375053,"m":1.1981278133,"m_lower_bound":1.0287527657,"m_upper_bound":1.3941407078},"nb001":{"name":"EC-RISM\/MP2\/6-311+G(d,p)-P2-phi-all-2par","RMSE":1.6848480356,"RMSE_lower_bound":1.059174968,"RMSE_upper_bound":2.3820904346,"MAE":1.2132258065,"MAE_lower_bound":0.8509677419,"MAE_upper_bound":1.6683870968,"ME":0.4422580645,"ME_lower_bound":-0.0996774194,"ME_upper_bound":1.0461290323,"R2":0.7970369577,"R2_lower_bound":0.6986801087,"R2_upper_bound":0.8964736393,"m":1.1562971989,"m_lower_bound":0.9551151311,"m_upper_bound":1.4285917157},"nb002":{"name":"EC-RISM\/MP2\/6-311+G(d,p)-P2-phi-noThiols-2par","RMSE":1.703466106,"RMSE_lower_bound":1.0706961859,"RMSE_upper_bound":2.3772707311,"MAE":1.2461290323,"MAE_lower_bound":0.8790322581,"MAE_upper_bound":1.695483871,"ME":0.5093548387,"ME_lower_bound":-0.0358064516,"ME_upper_bound":1.1122580645,"R2":0.795563712,"R2_lower_bound":0.699513123,"R2_upper_bound":0.8959521529,"m":1.1527375183,"m_lower_bound":0.951456107,"m_upper_bound":1.4273286911},"35bdm":{"name":"macroscopic pKa prediction from microscopic pKa predicted with Gaussian and global fitting","RMSE":1.718644815,"RMSE_lower_bound":0.6645750522,"RMSE_upper_bound":2.3379093225,"MAE":1.442,"MAE_lower_bound":0.622,"MAE_upper_bound":2.262,"ME":-1.006,"ME_lower_bound":-2.178,"ME_upper_bound":0.134,"R2":0.9187503813,"R2_lower_bound":0.4629084321,"R2_upper_bound":1.0,"m":1.4460442407,"m_lower_bound":0.7198754383,"m_upper_bound":2.1303030303},"ryzue":{"name":"Adiabatic scheme with single point correction for type III submission","RMSE":1.7740576781,"RMSE_lower_bound":1.4077435617,"RMSE_upper_bound":2.116914218,"MAE":1.5003225806,"MAE_lower_bound":1.1719354839,"MAE_upper_bound":1.8429032258,"ME":1.2977419355,"ME_lower_bound":0.8616129032,"ME_upper_bound":1.7238709677,"R2":0.9098100812,