{"xvxzd":{"name":"Full quantum chemical calculation of free energies and fit to experimental pKa","RMSE":0.6800760607,"RMSE_lower_bound":0.5472375769,"RMSE_upper_bound":0.8107212625,"MAE":0.5786206897,"MAE_lower_bound":0.4531034483,"MAE_upper_bound":0.7103448276,"ME":0.2351724138,"ME_lower_bound":-0.004137931,"ME_upper_bound":0.4596551724,"R2":0.9373019916,"R2_lower_bound":0.8763578337,"R2_upper_bound":0.9725042385,"m":0.9231109184,"m_lower_bound":0.835606223,"m_upper_bound":1.0146745996},"gyuhx":{"name":"S+pKa","RMSE":0.7319946236,"RMSE_lower_bound":0.5547623728,"RMSE_upper_bound":0.9075045543,"MAE":0.585483871,"MAE_lower_bound":0.4361290323,"MAE_upper_bound":0.745483871,"ME":0.034516129,"ME_lower_bound":-0.2351612903,"ME_upper_bound":0.2887096774,"R2":0.9289338327,"R2_lower_bound":0.8768540258,"R2_upper_bound":0.9652599248,"m":0.9794011218,"m_lower_bound":0.902640658,"m_upper_bound":1.0846469656},"xmyhm":{"name":"ACD\/pKa Classic","RMSE":0.7865461453,"RMSE_lower_bound":0.5275720406,"RMSE_upper_bound":1.0284532702,"MAE":0.5635483871,"MAE_lower_bound":0.3880645161,"MAE_upper_bound":0.7661290323,"ME":0.1338709677,"ME_lower_bound":-0.1429032258,"ME_upper_bound":0.4090322581,"R2":0.9189786969,"R2_lower_bound":0.8453632696,"R2_upper_bound":0.9676806516,"m":0.9609109035,"m_lower_bound":0.8581009961,"m_upper_bound":1.0831728541},"nb007":{"name":"nb007-976-typeIII-epik_scan-1","RMSE":0.9457511096,"RMSE_lower_bound":0.7291378028,"RMSE_upper_bound":1.150806169,"MAE":0.7761290323,"MAE_lower_bound":0.5925806452,"MAE_upper_bound":0.9706451613,"ME":0.0451612903,"ME_lower_bound":-0.3019354839,"ME_upper_bound":0.3703225806,"R2":0.8785159089,"R2_lower_bound":0.7626373921,"R2_upper_bound":0.9454842599,"m":0.839671562,"m_lower_bound":0.768159653,"m_upper_bound":0.9214251274},"yqkga":{"name":"ReSCoSS conformations \/\/ COSMOtherm pKa","RMSE":1.0102379151,"RMSE_lower_bound":0.7770892754,"RMSE_upper_bound":1.2249147436,"MAE":0.7993548387,"MAE_lower_bound":0.5890322581,"MAE_upper_bound":1.0187096774,"ME":-0.1664516129,"ME_lower_bound":-0.5048387097,"ME_upper_bound":0.1896774194,"R2":0.8670924761,"R2_lower_bound":0.7831373767,"R2_upper_bound":0.9345371604,"m":0.9271834081,"m_lower_bound":0.7624441643,"m_upper_bound":1.078068808},"nb010":{"name":"nb010-976-typeIII-epik_microscopic-1","RMSE":1.0280611253,"RMSE_lower_bound":0.7659402824,"RMSE_upper_bound":1.2743790392,"MAE":0.8141935484,"MAE_lower_bound":0.5983870968,"MAE_upper_bound":1.0490322581,"ME":0.2432258065,"ME_lower_bound":-0.1183870968,"ME_upper_bound":0.5874193548,"R2":0.8690285543,"R2_lower_bound":0.7700701434,"R2_upper_bound":0.9390967787,"m":0.9457522794,"m_lower_bound":0.8261685871,"m_upper_bound":1.0789746066},"8xt50":{"name":"ReSCoSS conformations \/\/ DSD-BLYP-D3 reranking \/\/ COSMOtherm pKa","RMSE":1.0714295545,"RMSE_lower_bound":0.7799731178,"RMSE_upper_bound":1.3711815014,"MAE":0.8141935484,"MAE_lower_bound":0.5819354839,"MAE_upper_bound":1.0741935484,"ME":-0.4748387097,"ME_lower_bound":-0.8329032258,"ME_upper_bound":-0.145483871,"R2":0.9055345285,"R2_lower_bound":0.8403248557,"R2_upper_bound":0.9515586709,"m":1.0781105731,"m_lower_bound":0.937110703,"m_upper_bound":1.2172943472},"nb013":{"name":"nb013-976-typeIII-jaguar-1","RMSE":1.1031158217,"RMSE_lower_bound":0.7028283873,"RMSE_upper_bound":1.4750287039,"MAE":0.8032258065,"MAE_lower_bound":0.5522580645,"MAE_upper_bound":1.0925806452,"ME":-0.1483870968,"ME_lower_bound":-0.554516129,"ME_upper_bound":0.2264516129,"R2":0.883942373,"R2_lower_bound":0.7844431596,"R2_upper_bound":0.947215064,"m":1.0918429143,"m_lower_bound":0.903665783,"m_upper_bound":1.2509325806},"nb015":{"name":"Chemicalize v18.23","RMSE":1.2722560607,"RMSE_lower_bound":0.9884020992,"RMSE_upper_bound":1.5676765219,"MAE":1.0441935484,"MAE_lower_bound":0.8022580645,"MAE_upper_bound":1.3103225806,"ME":0.1287096774,"ME_lower_bound":-0.3419354839,"ME_upper_bound":0.5587096774,"R2":0.8737053783,"R2_lower_bound":0.7987609978,"R2_upper_bound":0.9323350823,"m":1.1616241785,"m_lower_bound":0.9367744542,"m_upper_bound":1.3395992462},"p0jba":{"name":"macroscopic pKa prediction from microscopic pKa predicted with Gaussian and separate fitting for neutral to negative and for positive to neutral transformations","RMSE":1.314747124,"RMSE_lower_bound":0.6874881817,"RMSE_upper_bound":1.72756476,"MAE":1.084,"MAE_lower_bound":0.428,"MAE_upper_bound":1.72,"ME":-0.924,"ME_lower_bound":-1.72,"ME_upper_bound":-0.108,"R2":0.9099462335,"R2_lower_bound":0.5085281288,"R2_upper_bound":1.0,"m":1.184586283,"m_lower_bound":0.3553387266,"m_upper_bound":1.7240765465},"37xm8":{"name":"ACD\/pKa GALAS","RMSE":1.4131100453,"RMSE_lower_bound":0.9334452314,"RMSE_upper_bound":1.8538023987,"MAE":1.008,"MAE_lower_bound":0.68,"MAE_upper_bound":1.3946666667,"ME":-0.1826666667,"ME_lower_bound":-0.689,"ME_upper_bound":0.341,"R2":0.8335134007,"R2_lower_bound":0.7029076196,"R2_upper_bound":0.9265465359,"m":1.1553428028,"m_lower_bound":0.9793326819,"m_upper_bound":1.33400818},"mkhqa":{"name":"EC-RISM\/MP2\/cc-pVTZ-P2-phi-all-2par","RMSE":1.59610817,"RMSE_lower_bound":1.1399037877,"RMSE_upper_bound":2.0452912089,"MAE":1.2387096774,"MAE_lower_bound":0.9070967742,"MAE_upper_bound":1.6116129032,"ME":-0.3161290323,"ME_lower_bound":-0.8829032258,"ME_upper_bound":0.2183870968,"R2":0.8031710687,"R2_lower_bound":0.6691666411,"R2_upper_bound":0.903347478,"m":1.1397878132,"m_lower_bound":0.9777707663,"m_upper_bound":1.3438127256},"ttjd0":{"name":"EC-RISM\/MP2\/cc-pVTZ-P2-phi-noThiols-2par","RMSE":1.6417329554,"RMSE_lower_bound":1.1951784858,"RMSE_upper_bound":2.0813178207,"MAE":1.2958064516,"MAE_lower_bound":0.9538709677,"MAE_upper_bound":1.6770967742,"ME":-0.1216129032,"ME_lower_bound":-0.7177419355,"ME_upper_bound":0.4519354839,"R2":0.8127154848,"R2_lower_bound":0.6863376517,"R2_upper_bound":0.9085491802,"m":1.1981278133,"m_lower_bound":1.0290358941,"m_upper_bound":1.4030547008},"nb001":{"name":"EC-RISM\/MP2\/6-311+G(d,p)-P2-phi-all-2par","RMSE":1.6848480356,"RMSE_lower_bound":1.0592708996,"RMSE_upper_bound":2.3707464457,"MAE":1.2132258065,"MAE_lower_bound":0.8532258065,"MAE_upper_bound":1.6735483871,"ME":0.4422580645,"ME_lower_bound":-0.1083870968,"ME_upper_bound":1.0516129032,"R2":0.7970369577,"R2_lower_bound":0.7008832864,"R2_upper_bound":0.896856798,"m":1.1562971989,"m_lower_bound":0.9532401994,"m_upper_bound":1.4299712054},"nb002":{"name":"EC-RISM\/MP2\/6-311+G(d,p)-P2-phi-noThiols-2par","RMSE":1.703466106,"RMSE_lower_bound":1.0874785871,"RMSE_upper_bound":2.3903886848,"MAE":1.2461290323,"MAE_lower_bound":0.8893548387,"MAE_upper_bound":1.7109677419,"ME":0.5093548387,"ME_lower_bound":-0.0358064516,"ME_upper_bound":1.1058064516,"R2":0.795563712,"R2_lower_bound":0.6979652619,"R2_upper_bound":0.8954397829,"m":1.1527375183,"m_lower_bound":0.9489340409,"m_upper_bound":1.4252775222},"35bdm":{"name":"macroscopic pKa prediction from microscopic pKa predicted with Gaussian and global fitting","RMSE":1.718644815,"RMSE_lower_bound":0.6645750522,"RMSE_upper_bound":2.3379093225,"MAE":1.442,"MAE_lower_bound":0.622,"MAE_upper_bound":2.262,"ME":-1.006,"ME_lower_bound":-2.178,"ME_upper_bound":0.134,"R2":0.9187503813,"R2_lower_bound":0.4568461698,"R2_upper_bound":1.0,"m":1.4460442407,"m_lower_bound":0.7198754383,"m_upper_bound":2.1473876953},"ryzue":{"name":"Adiabatic scheme with single point correction for type III submission","RMSE":1.7740576781,"RMSE_lower_bound":1.4095034587,"RMSE_upper_bound":2.1167504005,"MAE":1.5003225806,"MAE_lower_bound":1.1696774194,"MAE_upper_bound":1.8438709677,"ME":1.2977419355,"ME_lower_bound":0.8648387097,"ME_upper_bound":1.7238709677,"R2":0.9098100812,"R2_lower_bound":0.8608973922,"R2_upper_bound":0.9480131551,"m":1.2287488843,"m_lower_bound":1.0549560356,"m_upper_bound":1.4015644461},"2ii2g":{"name":"EC-RISM\/MP2\/cc-pVTZ-P2-q-noThiols-2par","RMSE":1.7952661767,"RMSE_lower_bound":1.2983823683,"RMSE_upper_bound":2.2501046571,"MAE":1.3890322581,"MAE_lower_bound":1.004516129,"MAE_upper_bound":1.8106451613,"ME":-0.7438709677,