{"nb011":{"name":"Jaguar","RMSE":0.4682706689,"RMSE_lower_bound":0.3019559891,"RMSE_upper_bound":0.6424173099,"MAE":0.3290322581,"MAE_lower_bound":0.2241935484,"MAE_upper_bound":0.454516129,"ME":-0.0187096774,"ME_lower_bound":-0.1912903226,"ME_upper_bound":0.1367741935,"R2":0.971344346,"R2_lower_bound":0.9345741474,"R2_upper_bound":0.9894799541,"m":1.0103771151,"m_lower_bound":0.9653699634,"m_upper_bound":1.0596614696},"hdiyq":{"name":"S+pKa","RMSE":0.606965128,"RMSE_lower_bound":0.4529790282,"RMSE_upper_bound":0.7414737577,"MAE":0.45,"MAE_lower_bound":0.309,"MAE_upper_bound":0.5963333333,"ME":0.098,"ME_lower_bound":-0.122,"ME_upper_bound":0.309,"R2":0.9498796124,"R2_lower_bound":0.9128386643,"R2_upper_bound":0.9751288633,"m":1.0114318692,"m_lower_bound":0.9307237217,"m_upper_bound":1.1109283688},"epvmk":{"name":"EC-RISM\/MP2\/cc-pVTZ-P2-phi-noThiols-2par","RMSE":0.6309079391,"RMSE_lower_bound":0.4362892113,"RMSE_upper_bound":0.8108977571,"MAE":0.4693103448,"MAE_lower_bound":0.3248275862,"MAE_upper_bound":0.635862069,"ME":-0.0237931034,"ME_lower_bound":-0.2444827586,"ME_upper_bound":0.2110344828,"R2":0.9487355886,"R2_lower_bound":0.8883387599,"R2_upper_bound":0.9795664416,"m":0.9816674428,"m_lower_bound":0.9137169217,"m_upper_bound":1.0456823173},"xnoe0":{"name":"EC-RISM\/MP2\/cc-pVTZ-P2-phi-all-2par","RMSE":0.6470831992,"RMSE_lower_bound":0.4645284347,"RMSE_upper_bound":0.8143422704,"MAE":0.499,"MAE_lower_bound":0.359,"MAE_upper_bound":0.651,"ME":-0.099,"ME_lower_bound":-0.3236666667,"ME_upper_bound":0.1246666667,"R2":0.9476192633,"R2_lower_bound":0.8907331542,"R2_upper_bound":0.9778692343,"m":0.9947022977,"m_lower_bound":0.9241896036,"m_upper_bound":1.0552505672},"gdqeg":{"name":"PCM\/B3LYP\/6-311+G(d,p)","RMSE":0.6631533863,"RMSE_lower_bound":0.4134922757,"RMSE_upper_bound":0.9081508306,"MAE":0.4427586207,"MAE_lower_bound":0.2810344828,"MAE_upper_bound":0.6368965517,"ME":0.1110344828,"ME_lower_bound":-0.1151724138,"ME_upper_bound":0.354137931,"R2":0.9376646378,"R2_lower_bound":0.8633007921,"R2_upper_bound":0.978355202,"m":0.9428775858,"m_lower_bound":0.8562758942,"m_upper_bound":1.0277358172},"4o0ia":{"name":"EC-RISM\/MP2\/cc-pVTZ-P3NI-phi-noThiols-2par","RMSE":0.6638232373,"RMSE_lower_bound":0.43902017,"RMSE_upper_bound":0.8583611542,"MAE":0.465483871,"MAE_lower_bound":0.3087096774,"MAE_upper_bound":0.6432258065,"ME":0.0029032258,"ME_lower_bound":-0.2216129032,"ME_upper_bound":0.2448387097,"R2":0.9399215806,"R2_lower_bound":0.8855598087,"R2_upper_bound":0.9771772589,"m":0.9665817004,"m_lower_bound":0.8673739035,"m_upper_bound":1.0505595545},"ftc8w":{"name":"EC-RISM\/MP2\/cc-pVTZ-P2-q-noThiols-2par","RMSE":0.7231110946,"RMSE_lower_bound":0.424767685,"RMSE_upper_bound":1.0029851995,"MAE":0.504137931,"MAE_lower_bound":0.3362068966,"MAE_upper_bound":0.7079310345,"ME":-0.0172413793,"ME_lower_bound":-0.2879310345,"ME_upper_bound":0.2365517241,"R2":0.9248919161,"R2_lower_bound":0.8156585864,"R2_upper_bound":0.9787034675,"m":0.9487516845,"m_lower_bound":0.890148073,"m_upper_bound":1.002216515},"ccpmw":{"name":"ReSCoSS conformations \/\/ COSMOtherm pKa","RMSE":0.7595086131,"RMSE_lower_bound":0.5862422707,"RMSE_upper_bound":0.9075993977,"MAE":0.596,"MAE_lower_bound":0.429,"MAE_upper_bound":0.7663333333,"ME":-0.2213333333,"ME_lower_bound":-0.475,"ME_upper_bound":0.0403333333,"R2":0.9240113693,"R2_lower_bound":0.8549297978,"R2_upper_bound":0.9620736841,"m":0.9818119315,"m_lower_bound":0.8585390105,"m_upper_bound":1.0756457474},"nb008":{"name":"Epik Microscopic","RMSE":0.7606554191,"RMSE_lower_bound":0.481192962,"RMSE_upper_bound":1.0227006731,"MAE":0.523,"MAE_lower_bound":0.34,"MAE_upper_bound":0.7346666667,"ME":-0.0843333333,"ME_lower_bound":-0.3666666667,"ME_upper_bound":0.168,"R2":0.9300418845,"R2_lower_bound":0.848129703,"R2_upper_bound":0.9764361761,"m":0.8529269779,"m_lower_bound":0.7845080892,"m_upper_bound":0.9262045206},"kxztt":{"name":"EC-RISM\/MP2\/6-311+G(d,p)-P3NI-q-noThiols-2par","RMSE":0.7808307542,"RMSE_lower_bound":0.5049059318,"RMSE_upper_bound":1.0572290827,"MAE":0.555,"MAE_lower_bound":0.372,"MAE_upper_bound":0.7656666667,"ME":-0.1036666667,"ME_lower_bound":-0.3873333333,"ME_upper_bound":0.1743333333,"R2":0.9395221078,"R2_lower_bound":0.8649870077,"R2_upper_bound":0.9798555772,"m":1.0774873643,"m_lower_bound":1.0137744758,"m_upper_bound":1.1424192639},"0xi4b":{"name":"EC-RISM\/B3LYP\/6-311+G(d,p)-P3NI-phi-noThiols-2par","RMSE":0.8527743769,"RMSE_lower_bound":0.5897895592,"RMSE_upper_bound":1.0876881526,"MAE":0.6327586207,"MAE_lower_bound":0.4324137931,"MAE_upper_bound":0.8493103448,"ME":0.23,"ME_lower_bound":-0.0765517241,"ME_upper_bound":0.5306896552,"R2":0.9138707714,"R2_lower_bound":0.8255301474,"R2_upper_bound":0.9627191713,"m":0.9943914279,"m_lower_bound":0.9055425695,"m_upper_bound":1.0865273975},"cywyk":{"name":"EC-RISM\/B3LYP\/6-311+G(d,p)-P2-phi-noThiols-2par","RMSE":0.8603450171,"RMSE_lower_bound":0.5947729304,"RMSE_upper_bound":1.0928728049,"MAE":0.6212903226,"MAE_lower_bound":0.4190322581,"MAE_upper_bound":0.8390322581,"ME":0.1316129032,"ME_lower_bound":-0.1583870968,"ME_upper_bound":0.4309677419,"R2":0.9037683066,"R2_lower_bound":0.8229388631,"R2_upper_bound":0.9560633773,"m":0.9605288442,"m_lower_bound":0.8612243674,"m_upper_bound":1.0776559529},"nxaaw":{"name":"EC-RISM\/B3LYP\/6-311+G(d,p)-P3NI-q-noThiols-2par","RMSE":0.8940592461,"RMSE_lower_bound":0.5530122789,"RMSE_upper_bound":1.2478148643,"MAE":0.6148387097,"MAE_lower_bound":0.4080645161,"MAE_upper_bound":0.8635483871,"ME":-0.024516129,"ME_lower_bound":-0.355483871,"ME_upper_bound":0.2722580645,"R2":0.8919381027,"R2_lower_bound":0.7565221421,"R2_upper_bound":0.9658746455,"m":0.9363239269,"m_lower_bound":0.8522715005,"m_upper_bound":1.000571311},"nb016":{"name":"MoKa","RMSE":0.9515720076,"RMSE_lower_bound":0.7091846425,"RMSE_upper_bound":1.1797063799,"MAE":0.7667857143,"MAE_lower_bound":0.5657142857,"MAE_upper_bound":0.9817857143,"ME":-0.2253571429,"ME_lower_bound":-0.5721428571,"ME_upper_bound":0.1071428571,"R2":0.8947376632,"R2_lower_bound":0.8263943139,"R2_upper_bound":0.945651527,"m":0.9353174533,"m_lower_bound":0.8205127547,"m_upper_bound":1.0674088254},"eyetm":{"name":"ReSCoSS conformations \/\/ DSD-BLYP-D3 reranking \/\/ COSMOtherm pKa","RMSE":0.9785489587,"RMSE_lower_bound":0.689689037,"RMSE_upper_bound":1.2644085701,"MAE":0.7196774194,"MAE_lower_bound":0.5,"MAE_upper_bound":0.9606451613,"ME":-0.3177419355,"ME_lower_bound":-0.6529032258,"ME_upper_bound":0.0032258065,"R2":0.914922344,"R2_lower_bound":0.8586926844,"R2_upper_bound":0.9574259963,"m":1.0891567337,"m_lower_bound":0.9502698004,"m_upper_bound":1.2216373398},"cm2yq":{"name":"EC-RISM\/MP2\/6-311+G(d,p)-P3NI-phi-noThiols-2par","RMSE":0.9939533859,"RMSE_lower_bound":0.4485309354,"RMSE_upper_bound":1.5349690551,"MAE":0.561,"MAE_lower_bound":0.317,"MAE_upper_bound":0.8996666667,"ME":0.103,"ME_lower_bound":-0.215,"ME_upper_bound":0.4913333333,"R2":0.9062472701,"R2_lower_bound":0.8284189573,"R2_upper_bound":0.9764775659,"m":1.0894409179,"m_lower_bound":0.960087834,"m_upper_bound":1.253924889},"2umai":{"name":"EC-RISM\/MP2\/6-311+G(d,p)-P3NI-phi-all-2par","RMSE":1.0038874439,"RMSE_lower_bound":0.4624968468,"RMSE_upper_bound":1.5397369905,"MAE":0.5743333333,"MAE_lower_bound":0.3263333333,"MAE_upper_bound":0.908,"ME":0.067,"ME_lower_bound":-0.2576666667,"ME_upper_bound":0.454,"R2":0.9056099446,"R2_lower_bound":0.8281595783,"R2_upper_bound":0.976287595,"m":1.0956256074,"m_lower_bound":0.9607811599,"m_upper_bound":1.2560820665},"ko8yx":{"name":"Adiabatic scheme with single point correction for type I submission","RMSE":1.0118507476,"RMSE_lower_bound":0.7551094772,"RMSE_upper_bound":1.2512857903,"MAE":0.7816129032,"MAE_lower_bound":0.5622580645,"MAE_upper_bound":1.0090322581,"ME":0.3487096774,"ME_lower_bound":0.0216129032,"ME_upper_bound":0.6887096774,"R2":0.9055980019,"R2_lower_bound":0.8129720431,"R2_upper_bound":0.9550488346,"m":1.0708579401,"m_lower_bound":0.962675651,"m_upper_bound":1.1823049042},