{"nb011":{"name":"Jaguar","RMSE":0.3902947604,"RMSE_lower_bound":0.2183117038,"RMSE_upper_bound":0.5528019537,"MAE":0.317,"MAE_lower_bound":0.193,"MAE_upper_bound":0.482,"ME":0.153,"ME_lower_bound":-0.051,"ME_upper_bound":0.376,"R2":0.9435265901,"R2_lower_bound":0.2011143453,"R2_upper_bound":0.9903415234,"m":0.8988798664,"m_lower_bound":0.2841092031,"m_upper_bound":0.98814798},"6tvf8":{"name":"OE Gaussian Process","RMSE":0.4182224289,"RMSE_lower_bound":0.2751181564,"RMSE_upper_bound":0.5488169094,"MAE":0.369,"MAE_lower_bound":0.256,"MAE_upper_bound":0.502,"ME":-0.105,"ME_lower_bound":-0.357,"ME_upper_bound":0.146,"R2":0.9257711761,"R2_lower_bound":0.2919477159,"R2_upper_bound":0.986074365,"m":0.9106787831,"m_lower_bound":0.4963823096,"m_upper_bound":1.0942529847},"nb008":{"name":"Epik Microscopic","RMSE":0.4957261789,"RMSE_lower_bound":0.233404751,"RMSE_upper_bound":0.7083156861,"MAE":0.3855555556,"MAE_lower_bound":0.2,"MAE_upper_bound":0.6055555556,"ME":-0.0522222222,"ME_lower_bound":-0.3755555556,"ME_upper_bound":0.2555555556,"R2":0.9070806566,"R2_lower_bound":0.0717416989,"R2_upper_bound":0.9906823849,"m":0.8211109365,"m_lower_bound":0.0943408047,"m_upper_bound":1.0143399283},"nb016":{"name":"MoKa","RMSE":0.5158349681,"RMSE_lower_bound":0.2645211307,"RMSE_upper_bound":0.7147327173,"MAE":0.4285714286,"MAE_lower_bound":0.24,"MAE_upper_bound":0.6614285714,"ME":-0.0914285714,"ME_lower_bound":-0.4614285714,"ME_upper_bound":0.3157142857,"R2":0.9216489355,"R2_lower_bound":0.0269880477,"R2_upper_bound":0.9938092372,"m":0.9906728535,"m_lower_bound":0.0513790892,"m_upper_bound":1.1544748293},"v8qph":{"name":"ACD\/pKa GALAS","RMSE":0.5297483679,"RMSE_lower_bound":0.3183638729,"RMSE_upper_bound":0.7036807988,"MAE":0.4144444444,"MAE_lower_bound":0.2133333333,"MAE_upper_bound":0.6444444444,"ME":0.1988888889,"ME_lower_bound":-0.1533333333,"ME_upper_bound":0.5155555556,"R2":0.9075334336,"R2_lower_bound":0.0287878968,"R2_upper_bound":0.9895040676,"m":1.0003069916,"m_lower_bound":-0.2796702707,"m_upper_bound":1.1460192546},"ftc8w":{"name":"EC-RISM\/MP2\/cc-pVTZ-P2-q-noThiols-2par","RMSE":0.5853118827,"RMSE_lower_bound":0.3500857038,"RMSE_upper_bound":0.8288365339,"MAE":0.489,"MAE_lower_bound":0.311,"MAE_upper_bound":0.725,"ME":0.005,"ME_lower_bound":-0.337,"ME_upper_bound":0.404,"R2":0.8674391869,"R2_lower_bound":0.0136125731,"R2_upper_bound":0.9806970867,"m":1.0090318699,"m_lower_bound":-0.1828942055,"m_upper_bound":1.2039278793},"cywyk":{"name":"EC-RISM\/B3LYP\/6-311+G(d,p)-P2-phi-noThiols-2par","RMSE":0.6089663373,"RMSE_lower_bound":0.334888041,"RMSE_upper_bound":0.8138857414,"MAE":0.474,"MAE_lower_bound":0.236,"MAE_upper_bound":0.725,"ME":0.006,"ME_lower_bound":-0.379,"ME_upper_bound":0.387,"R2":0.8483520519,"R2_lower_bound":0.0992964082,"R2_upper_bound":0.9757335077,"m":0.967940611,"m_lower_bound":0.4947658984,"m_upper_bound":1.2920291234},"ktpj5":{"name":"EC-RISM\/MP2\/6-311+G(d,p)-P2-phi-all-2par","RMSE":0.6270805371,"RMSE_lower_bound":0.3537089199,"RMSE_upper_bound":0.8463332677,"MAE":0.513,"MAE_lower_bound":0.293,"MAE_upper_bound":0.74,"ME":0.151,"ME_lower_bound":-0.243,"ME_upper_bound":0.526,"R2":0.8385307762,"R2_lower_bound":0.2736957487,"R2_upper_bound":0.9689033598,"m":0.7626524568,"m_lower_bound":0.4221568161,"m_upper_bound":1.281954332},"cm2yq":{"name":"EC-RISM\/MP2\/6-311+G(d,p)-P3NI-phi-noThiols-2par","RMSE":0.6325820105,"RMSE_lower_bound":0.3151348918,"RMSE_upper_bound":0.936066237,"MAE":0.482,"MAE_lower_bound":0.257,"MAE_upper_bound":0.754,"ME":0.154,"ME_lower_bound":-0.209,"ME_upper_bound":0.576,"R2":0.8326590626,"R2_lower_bound":0.1002776602,"R2_upper_bound":0.9818822056,"m":0.7769448513,"m_lower_bound":0.3479193761,"m_upper_bound":1.1184608986},"2umai":{"name":"EC-RISM\/MP2\/6-311+G(d,p)-P3NI-phi-all-2par","RMSE":0.6344525199,"RMSE_lower_bound":0.3325357124,"RMSE_upper_bound":0.9365254935,"MAE":0.493,"MAE_lower_bound":0.276,"MAE_upper_bound":0.797,"ME":0.131,"ME_lower_bound":-0.207,"ME_upper_bound":0.547,"R2":0.8278137198,"R2_lower_bound":0.063911578,"R2_upper_bound":0.983100208,"m":0.7784940158,"m_lower_bound":0.2846654722,"m_upper_bound":1.1694348158},"gdqeg":{"name":"PCM\/B3LYP\/6-311+G(d,p)","RMSE":0.6406325,"RMSE_lower_bound":0.2857096428,"RMSE_upper_bound":0.9381417803,"MAE":0.465,"MAE_lower_bound":0.233,"MAE_upper_bound":0.755,"ME":0.105,"ME_lower_bound":-0.295,"ME_upper_bound":0.497,"R2":0.8694535531,"R2_lower_bound":0.1589927408,"R2_upper_bound":0.9803471873,"m":0.6589861311,"m_lower_bound":0.3650039101,"m_upper_bound":1.1629192469},"wuuvc":{"name":"EC-RISM\/MP2\/6-311+G(d,p)-P2-phi-noThiols-2par","RMSE":0.6470085007,"RMSE_lower_bound":0.4144755723,"RMSE_upper_bound":0.8620672828,"MAE":0.54,"MAE_lower_bound":0.338,"MAE_upper_bound":0.753,"ME":0.204,"ME_lower_bound":-0.185,"ME_upper_bound":0.597,"R2":0.8355400603,"R2_lower_bound":0.1973551948,"R2_upper_bound":0.9693374301,"m":0.7598127006,"m_lower_bound":0.3827855821,"m_upper_bound":1.3767608291},"kxztt":{"name":"EC-RISM\/MP2\/6-311+G(d,p)-P3NI-q-noThiols-2par","RMSE":0.6486216154,"RMSE_lower_bound":0.3530297438,"RMSE_upper_bound":0.9442880916,"MAE":0.493,"MAE_lower_bound":0.277,"MAE_upper_bound":0.783,"ME":0.137,"ME_lower_bound":-0.236,"ME_upper_bound":0.566,"R2":0.8229221745,"R2_lower_bound":0.0599354406,"R2_upper_bound":0.9712382861,"m":0.8906718848,"m_lower_bound":0.3919491428,"m_upper_bound":1.3302622676},"0xi4b":{"name":"EC-RISM\/B3LYP\/6-311+G(d,p)-P3NI-phi-noThiols-2par","RMSE":0.6622008759,"RMSE_lower_bound":0.3907172891,"RMSE_upper_bound":0.8921883209,"MAE":0.549,"MAE_lower_bound":0.324,"MAE_upper_bound":0.804,"ME":0.053,"ME_lower_bound":-0.354,"ME_upper_bound":0.491,"R2":0.8490184217,"R2_lower_bound":0.090852521,"R2_upper_bound":0.9761614535,"m":1.0488111787,"m_lower_bound":0.4573428851,"m_upper_bound":1.5150162},"hdiyq":{"name":"S+pKa","RMSE":0.6696192948,"RMSE_lower_bound":0.4817260632,"RMSE_upper_bound":0.8270368795,"MAE":0.561,"MAE_lower_bound":0.346,"MAE_upper_bound":0.783,"ME":0.381,"ME_lower_bound":0.037,"ME_upper_bound":0.691,"R2":0.8622073194,"R2_lower_bound":0.3745074235,"R2_upper_bound":0.9824676743,"m":0.8642411116,"m_lower_bound":0.427310414,"m_upper_bound":1.1967604266},"xnoe0":{"name":"EC-RISM\/MP2\/cc-pVTZ-P2-phi-all-2par","RMSE":0.6785499245,"RMSE_lower_bound":0.332400361,"RMSE_upper_bound":0.9552067839,"MAE":0.537,"MAE_lower_bound":0.288,"MAE_upper_bound":0.833,"ME":-0.075,"ME_lower_bound":-0.461,"ME_upper_bound":0.343,"R2":0.7979469202,"R2_lower_bound":0.0564903269,"R2_upper_bound":0.9735814952,"m":0.8587006559,"m_lower_bound":0.0859267197,"m_upper_bound":1.1526989669},"4o0ia":{"name":"EC-RISM\/MP2\/cc-pVTZ-P3NI-phi-noThiols-2par","RMSE":0.6879898255,"RMSE_lower_bound":0.3394996318,"RMSE_upper_bound":0.9981082106,"MAE":0.489,"MAE_lower_bound":0.214,"MAE_upper_bound":0.785,"ME":0.107,"ME_lower_bound":-0.282,"ME_upper_bound":0.553,"R2":0.7968086628,"R2_lower_bound":0.1224500799,"R2_upper_bound":0.9713572898,"m":0.8698906314,"m_lower_bound":0.3395907086,"m_upper_bound":1.4788903158},"z7fhp":{"name":"EC-RISM\/MP2\/6-311+G(d,p)-P2-phi-all-1par","RMSE":0.6993854445,"RMSE_lower_bound":0.4400113635,"RMSE_upper_bound":0.9549397887,"MAE":0.594,"MAE_lower_bound":0.403,"MAE_upper_bound":0.832,"ME":0.084,"ME_lower_bound":-0.341,"ME_upper_bound":0.517,"R2":0.8236555335,"R2_lower_bound":0.1309354188,"R2_upper_bound":0.9643418614,"m":1.0112599583,"m_lower_bound":0.5319794242,"m_upper_bound":1.8816360454},"epvmk":{"name":"EC-RISM\/MP2\/cc-pVTZ-P2-phi-noThiols-2par","RMSE":0.6995712973,"RMSE_lower_bound":0.3028751118,"RMSE_upper_bound":1.0138649921,"MAE":0.5133333333,"MAE_lower_bound":0.2333333333,"MAE_upper_bound":0.8311111111,"ME":0.1866666667,"ME_lower_bound":-0.2277777778,"ME_upper_bound":0.6655555556,"R2":0.8167298125,"R2_lower_bound":0.0835243611,"R2_upper_bound":0.9836279333,"m":0.8672386543,"m_lower_bound":0.2607082369,"m_upper_bound":1.2056854374},"8toyp":{"name":"EC-RISM\/MP2\/6-311+G(d,p)-P3NI-phi-all-1par","RMSE":0.7386744885,"RMSE_lower_bound":0.3137833648,