{"nb011":{"name":"Jaguar","RMSE":0.4682706689,"RMSE_lower_bound":0.3065257975,"RMSE_upper_bound":0.6505208831,"MAE":0.3290322581,"MAE_lower_bound":0.224516129,"MAE_upper_bound":0.4741935484,"ME":-0.0187096774,"ME_lower_bound":-0.1941935484,"ME_upper_bound":0.1341935484,"R2":0.971344346,"R2_lower_bound":0.9325720187,"R2_upper_bound":0.9892099847,"m":1.0103771151,"m_lower_bound":0.9668005301,"m_upper_bound":1.0576054294},"hdiyq":{"name":"S+pKa","RMSE":0.606965128,"RMSE_lower_bound":0.4577189822,"RMSE_upper_bound":0.748315887,"MAE":0.45,"MAE_lower_bound":0.3153333333,"MAE_upper_bound":0.6063333333,"ME":0.098,"ME_lower_bound":-0.1176666667,"ME_upper_bound":0.3136666667,"R2":0.9498796124,"R2_lower_bound":0.915844768,"R2_upper_bound":0.9746086146,"m":1.0114318692,"m_lower_bound":0.932760247,"m_upper_bound":1.1184131304},"epvmk":{"name":"EC-RISM\/MP2\/cc-pVTZ-P2-phi-noThiols-2par","RMSE":0.6309079391,"RMSE_lower_bound":0.4387993022,"RMSE_upper_bound":0.806687565,"MAE":0.4693103448,"MAE_lower_bound":0.3196551724,"MAE_upper_bound":0.6296551724,"ME":-0.0237931034,"ME_lower_bound":-0.2348275862,"ME_upper_bound":0.2086206897,"R2":0.9487355886,"R2_lower_bound":0.8902398988,"R2_upper_bound":0.979220474,"m":0.9816674428,"m_lower_bound":0.9039248362,"m_upper_bound":1.0478873338},"xnoe0":{"name":"EC-RISM\/MP2\/cc-pVTZ-P2-phi-all-2par","RMSE":0.6470831992,"RMSE_lower_bound":0.4804858652,"RMSE_upper_bound":0.8213586306,"MAE":0.499,"MAE_lower_bound":0.3656666667,"MAE_upper_bound":0.666,"ME":-0.099,"ME_lower_bound":-0.3346666667,"ME_upper_bound":0.132,"R2":0.9476192633,"R2_lower_bound":0.8868358341,"R2_upper_bound":0.9775942952,"m":0.9947022977,"m_lower_bound":0.9225913854,"m_upper_bound":1.0528156476},"gdqeg":{"name":"PCM\/B3LYP\/6-311+G(d,p)","RMSE":0.6631533863,"RMSE_lower_bound":0.4093729435,"RMSE_upper_bound":0.9080046331,"MAE":0.4427586207,"MAE_lower_bound":0.2831034483,"MAE_upper_bound":0.6406896552,"ME":0.1110344828,"ME_lower_bound":-0.1320689655,"ME_upper_bound":0.3455172414,"R2":0.9376646378,"R2_lower_bound":0.8653490624,"R2_upper_bound":0.978759921,"m":0.9428775858,"m_lower_bound":0.8573030156,"m_upper_bound":1.0312575485},"4o0ia":{"name":"EC-RISM\/MP2\/cc-pVTZ-P3NI-phi-noThiols-2par","RMSE":0.6638232373,"RMSE_lower_bound":0.4513956851,"RMSE_upper_bound":0.8435810763,"MAE":0.465483871,"MAE_lower_bound":0.3158064516,"MAE_upper_bound":0.6338709677,"ME":0.0029032258,"ME_lower_bound":-0.2196774194,"ME_upper_bound":0.2367741935,"R2":0.9399215806,"R2_lower_bound":0.8877229006,"R2_upper_bound":0.9753902064,"m":0.9665817004,"m_lower_bound":0.8661857293,"m_upper_bound":1.0508171992},"ftc8w":{"name":"EC-RISM\/MP2\/cc-pVTZ-P2-q-noThiols-2par","RMSE":0.7231110946,"RMSE_lower_bound":0.4130291799,"RMSE_upper_bound":1.0140087737,"MAE":0.504137931,"MAE_lower_bound":0.3344827586,"MAE_upper_bound":0.714137931,"ME":-0.0172413793,"ME_lower_bound":-0.3106896552,"ME_upper_bound":0.2551724138,"R2":0.9248919161,"R2_lower_bound":0.8180979179,"R2_upper_bound":0.9793892324,"m":0.9487516845,"m_lower_bound":0.888227761,"m_upper_bound":1.0023972931},"ccpmw":{"name":"ReSCoSS conformations \/\/ COSMOtherm pKa","RMSE":0.7595086131,"RMSE_lower_bound":0.6076429873,"RMSE_upper_bound":0.906489566,"MAE":0.596,"MAE_lower_bound":0.445,"MAE_upper_bound":0.761,"ME":-0.2213333333,"ME_lower_bound":-0.4973333333,"ME_upper_bound":0.044,"R2":0.9240113693,"R2_lower_bound":0.8571588062,"R2_upper_bound":0.9612549038,"m":0.9818119315,"m_lower_bound":0.8444552378,"m_upper_bound":1.0783606373},"nb008":{"name":"Epik Microscopic","RMSE":0.7606554191,"RMSE_lower_bound":0.4887057738,"RMSE_upper_bound":1.0247438704,"MAE":0.523,"MAE_lower_bound":0.3436666667,"MAE_upper_bound":0.752,"ME":-0.0843333333,"ME_lower_bound":-0.3663333333,"ME_upper_bound":0.1563333333,"R2":0.9300418845,"R2_lower_bound":0.8491831277,"R2_upper_bound":0.9760528452,"m":0.8529269779,"m_lower_bound":0.7835847313,"m_upper_bound":0.9287452253},"kxztt":{"name":"EC-RISM\/MP2\/6-311+G(d,p)-P3NI-q-noThiols-2par","RMSE":0.7808307542,"RMSE_lower_bound":0.502729218,"RMSE_upper_bound":1.0756997722,"MAE":0.555,"MAE_lower_bound":0.368,"MAE_upper_bound":0.772,"ME":-0.1036666667,"ME_lower_bound":-0.4076666667,"ME_upper_bound":0.179,"R2":0.9395221078,"R2_lower_bound":0.863310793,"R2_upper_bound":0.9792202195,"m":1.0774873643,"m_lower_bound":1.0164347481,"m_upper_bound":1.1452588843},"0xi4b":{"name":"EC-RISM\/B3LYP\/6-311+G(d,p)-P3NI-phi-noThiols-2par","RMSE":0.8527743769,"RMSE_lower_bound":0.5923157359,"RMSE_upper_bound":1.0948704852,"MAE":0.6327586207,"MAE_lower_bound":0.4393103448,"MAE_upper_bound":0.8631034483,"ME":0.23,"ME_lower_bound":-0.0668965517,"ME_upper_bound":0.5593103448,"R2":0.9138707714,"R2_lower_bound":0.8335358683,"R2_upper_bound":0.965186851,"m":0.9943914279,"m_lower_bound":0.9082533759,"m_upper_bound":1.0959365106},"cywyk":{"name":"EC-RISM\/B3LYP\/6-311+G(d,p)-P2-phi-noThiols-2par","RMSE":0.8603450171,"RMSE_lower_bound":0.6248715997,"RMSE_upper_bound":1.1070783986,"MAE":0.6212903226,"MAE_lower_bound":0.4306451613,"MAE_upper_bound":0.8522580645,"ME":0.1316129032,"ME_lower_bound":-0.1448387097,"ME_upper_bound":0.4629032258,"R2":0.9037683066,"R2_lower_bound":0.8276604449,"R2_upper_bound":0.9531848134,"m":0.9605288442,"m_lower_bound":0.8578067809,"m_upper_bound":1.0771236747},"nxaaw":{"name":"EC-RISM\/B3LYP\/6-311+G(d,p)-P3NI-q-noThiols-2par","RMSE":0.8940592461,"RMSE_lower_bound":0.5495071105,"RMSE_upper_bound":1.2490280092,"MAE":0.6148387097,"MAE_lower_bound":0.4025806452,"MAE_upper_bound":0.8741935484,"ME":-0.024516129,"ME_lower_bound":-0.3296774194,"ME_upper_bound":0.2970967742,"R2":0.8919381027,"R2_lower_bound":0.736118516,"R2_upper_bound":0.9676324992,"m":0.9363239269,"m_lower_bound":0.8440785345,"m_upper_bound":1.0005114782},"nb016":{"name":"MoKa","RMSE":0.9515720076,"RMSE_lower_bound":0.7260116095,"RMSE_upper_bound":1.1757915267,"MAE":0.7667857143,"MAE_lower_bound":0.5689285714,"MAE_upper_bound":0.9935714286,"ME":-0.2253571429,"ME_lower_bound":-0.5946428571,"ME_upper_bound":0.1182142857,"R2":0.8947376632,"R2_lower_bound":0.8259180973,"R2_upper_bound":0.944460583,"m":0.9353174533,"m_lower_bound":0.8267733377,"m_upper_bound":1.0779644072},"eyetm":{"name":"ReSCoSS conformations \/\/ DSD-BLYP-D3 reranking \/\/ COSMOtherm pKa","RMSE":0.9785489587,"RMSE_lower_bound":0.6812109711,"RMSE_upper_bound":1.2702971458,"MAE":0.7196774194,"MAE_lower_bound":0.495483871,"MAE_upper_bound":0.9632258065,"ME":-0.3177419355,"ME_lower_bound":-0.6367741935,"ME_upper_bound":0.0106451613,"R2":0.914922344,"R2_lower_bound":0.8504138754,"R2_upper_bound":0.9570634675,"m":1.0891567337,"m_lower_bound":0.9537725231,"m_upper_bound":1.2173034745},"cm2yq":{"name":"EC-RISM\/MP2\/6-311+G(d,p)-P3NI-phi-noThiols-2par","RMSE":0.9939533859,"RMSE_lower_bound":0.4329087664,"RMSE_upper_bound":1.5583516933,"MAE":0.561,"MAE_lower_bound":0.3126666667,"MAE_upper_bound":0.922,"ME":0.103,"ME_lower_bound":-0.1973333333,"ME_upper_bound":0.5083333333,"R2":0.9062472701,"R2_lower_bound":0.8264640574,"R2_upper_bound":0.9798840138,"m":1.0894409179,"m_lower_bound":0.9595182285,"m_upper_bound":1.2584283805},"2umai":{"name":"EC-RISM\/MP2\/6-311+G(d,p)-P3NI-phi-all-2par","RMSE":1.0038874439,"RMSE_lower_bound":0.4612952778,"RMSE_upper_bound":1.5514004426,"MAE":0.5743333333,"MAE_lower_bound":0.3213333333,"MAE_upper_bound":0.908,"ME":0.067,"ME_lower_bound":-0.2533333333,"ME_upper_bound":0.4406666667,"R2":0.9056099446,"R2_lower_bound":0.8268411447,"R2_upper_bound":0.9783912104,"m":1.0956256074,"m_lower_bound":0.9672781709,"m_upper_bound":1.2556912216},"ko8yx":{"name":"Adiabatic scheme with single point correction for type I submission","RMSE":1.0118507476,"RMSE_lower_bound":0.7612383799,"RMSE_upper_bound":1.2810404038,"MAE":0.7816129032,"MAE_lower_bound":0.5696774194,"MAE_upper_bound":1.0393548387,"ME":0.3487096774,"ME_lower_bound":0.0016129032,"ME_upper_bound":0.71,"R2":0.9055980019,"R2_lower_bound":0.8215864438,"R2_upper_bound":0.9559133625,"m":1.0708579401,"m_lower_bound":0.9681292878,