{"hm001":{"name":"ACD Labs","RMSE":0.6768653239,"RMSE_lower_bound":0.4165533179,"RMSE_upper_bound":0.9146347176,"MAE":0.452,"MAE_lower_bound":0.288,"MAE_upper_bound":0.6446666667,"ME":-0.0893333333,"ME_lower_bound":-0.3366666667,"ME_upper_bound":0.1386666667,"R2":0.9375001745,"R2_lower_bound":0.8748705385,"R2_upper_bound":0.9779920374,"m":0.9319926404,"m_lower_bound":0.8379554024,"m_upper_bound":1.0221878289},"xvxzd":{"name":"Full quantum chemical calculation of free energies and fit to experimental pKa","RMSE":0.6800760607,"RMSE_lower_bound":0.5450909446,"RMSE_upper_bound":0.8116033514,"MAE":0.5786206897,"MAE_lower_bound":0.4503448276,"MAE_upper_bound":0.7120689655,"ME":0.2351724138,"ME_lower_bound":-0.0020689655,"ME_upper_bound":0.4617241379,"R2":0.9373019916,"R2_lower_bound":0.8783536257,"R2_upper_bound":0.9723666965,"m":0.9231109184,"m_lower_bound":0.8383969089,"m_upper_bound":1.0137752022},"gyuhx":{"name":"S+pKa","RMSE":0.7299817349,"RMSE_lower_bound":0.5458540709,"RMSE_upper_bound":0.9158293145,"MAE":0.5786666667,"MAE_lower_bound":0.426,"MAE_upper_bound":0.75,"ME":0.0093333333,"ME_lower_bound":-0.2676666667,"ME_upper_bound":0.263,"R2":0.9251270636,"R2_lower_bound":0.8681021289,"R2_upper_bound":0.9638348964,"m":0.9962866624,"m_lower_bound":0.9115735176,"m_upper_bound":1.1086584376},"xmyhm":{"name":"ACD\/pKa Classic","RMSE":0.7739142933,"RMSE_lower_bound":0.4938859517,"RMSE_upper_bound":1.030221659,"MAE":0.5456666667,"MAE_lower_bound":0.3643333333,"MAE_upper_bound":0.756,"ME":0.1016666667,"ME_lower_bound":-0.1766666667,"ME_upper_bound":0.3706666667,"R2":0.9158505204,"R2_lower_bound":0.8313692083,"R2_upper_bound":0.9685895424,"m":0.9808632721,"m_lower_bound":0.8688998127,"m_upper_bound":1.1031272897},"yqkga":{"name":"ReSCoSS conformations \/\/ COSMOtherm pKa","RMSE":0.9025944087,"RMSE_lower_bound":0.6847383929,"RMSE_upper_bound":1.1201279689,"MAE":0.7096666667,"MAE_lower_bound":0.5166666667,"MAE_upper_bound":0.9176666667,"ME":-0.2883333333,"ME_lower_bound":-0.584,"ME_upper_bound":0.0356666667,"R2":0.9006140699,"R2_lower_bound":0.8224834944,"R2_upper_bound":0.9534411358,"m":0.9998455094,"m_lower_bound":0.8688047386,"m_upper_bound":1.1245181188},"nb007":{"name":"Epik-sequential","RMSE":0.9682075224,"RMSE_lower_bound":0.7618949212,"RMSE_upper_bound":1.1666812595,"MAE":0.8103225806,"MAE_lower_bound":0.6270967742,"MAE_upper_bound":1.0006451613,"ME":0.0251612903,"ME_lower_bound":-0.3261290323,"ME_upper_bound":0.3635483871,"R2":0.8706802643,"R2_lower_bound":0.7638234831,"R2_upper_bound":0.9349633085,"m":0.8735985126,"m_lower_bound":0.7865896207,"m_upper_bound":0.9780295384},"8xt50":{"name":"ReSCoSS conformations \/\/ DSD-BLYP-D3 reranking \/\/ COSMOtherm pKa","RMSE":1.0714295545,"RMSE_lower_bound":0.7787272494,"RMSE_upper_bound":1.3618973956,"MAE":0.8141935484,"MAE_lower_bound":0.5774193548,"MAE_upper_bound":1.0687096774,"ME":-0.4748387097,"ME_lower_bound":-0.8193548387,"ME_upper_bound":-0.1374193548,"R2":0.9055345285,"R2_lower_bound":0.8376943921,"R2_upper_bound":0.9513584859,"m":1.0781105731,"m_lower_bound":0.9322160761,"m_upper_bound":1.2147948118},"nb009":{"name":"Chemicalize","RMSE":1.2777988887,"RMSE_lower_bound":0.9804046784,"RMSE_upper_bound":1.5854526168,"MAE":1.033,"MAE_lower_bound":0.781,"MAE_upper_bound":1.317,"ME":0.165,"ME_lower_bound":-0.295,"ME_upper_bound":0.6,"R2":0.8768740759,"R2_lower_bound":0.7942189743,"R2_upper_bound":0.9348671244,"m":1.199899618,"m_lower_bound":0.9609369439,"m_upper_bound":1.3892311032},"p0jba":{"name":"macroscopic pKa prediction from microscopic pKa predicted with Gaussian and separate fitting for neutral to negative and for positive to neutral transformations","RMSE":1.314747124,"RMSE_lower_bound":0.6874881817,"RMSE_upper_bound":1.72756476,"MAE":1.084,"MAE_lower_bound":0.428,"MAE_upper_bound":1.72,"ME":-0.924,"ME_lower_bound":-1.72,"ME_upper_bound":-0.108,"R2":0.9099462335,"R2_lower_bound":0.5085281288,"R2_upper_bound":1.0,"m":1.184586283,"m_lower_bound":0.3388955204,"m_upper_bound":1.7240765465},"37xm8":{"name":"ACD\/pKa GALAS","RMSE":1.3576704186,"RMSE_lower_bound":0.8410256464,"RMSE_upper_bound":1.8149218659,"MAE":0.9551724138,"MAE_lower_bound":0.6317241379,"MAE_upper_bound":1.3351724138,"ME":-0.1013793103,"ME_lower_bound":-0.5927586207,"ME_upper_bound":0.3951724138,"R2":0.8536244441,"R2_lower_bound":0.7316653904,"R2_upper_bound":0.9406077894,"m":1.1708690403,"m_lower_bound":0.997676714,"m_upper_bound":1.3531302966},"hytjn":{"name":"OE Gaussian Process","RMSE":1.4336741012,"RMSE_lower_bound":0.9801056794,"RMSE_upper_bound":1.8341658283,"MAE":1.0335714286,"MAE_lower_bound":0.6839285714,"MAE_upper_bound":1.4310714286,"ME":0.24,"ME_lower_bound":-0.285,"ME_upper_bound":0.7735714286,"R2":0.6754901214,"R2_lower_bound":0.4147556324,"R2_upper_bound":0.8546129246,"m":0.8494819276,"m_lower_bound":0.5519093971,"m_upper_bound":1.0995431191},"q3pfp":{"name":"OE Gaussian Process Resampled","RMSE":1.4837416506,"RMSE_lower_bound":1.0654174232,"RMSE_upper_bound":1.8733306855,"MAE":1.1403571429,"MAE_lower_bound":0.8110714286,"MAE_upper_bound":1.5128571429,"ME":0.0903571429,"ME_lower_bound":-0.4432142857,"ME_upper_bound":0.6589285714,"R2":0.6668527012,"R2_lower_bound":0.430529163,"R2_upper_bound":0.8368723117,"m":0.8864599159,"m_lower_bound":0.587111263,"m_upper_bound":1.1754198391},"mkhqa":{"name":"EC-RISM\/MP2\/cc-pVTZ-P2-phi-all-2par","RMSE":1.59610817,"RMSE_lower_bound":1.1413461209,"RMSE_upper_bound":2.0463649913,"MAE":1.2387096774,"MAE_lower_bound":0.9061290323,"MAE_upper_bound":1.6190322581,"ME":-0.3161290323,"ME_lower_bound":-0.8661290323,"ME_upper_bound":0.2141935484,"R2":0.8031710687,"R2_lower_bound":0.6725077892,"R2_upper_bound":0.9037155428,"m":1.1397878132,"m_lower_bound":0.9764008057,"m_upper_bound":1.3417994762},"2ii2g":{"name":"EC-RISM\/MP2\/cc-pVTZ-P2-q-noThiols-2par","RMSE":1.6829448397,"RMSE_lower_bound":1.2008510871,"RMSE_upper_bound":2.1403839219,"MAE":1.3043333333,"MAE_lower_bound":0.944,"MAE_upper_bound":1.71,"ME":-1.061,"ME_lower_bound":-1.5436666667,"ME_upper_bound":-0.5993333333,"R2":0.8366160062,"R2_lower_bound":0.7285685652,"R2_upper_bound":0.9163861566,"m":1.0727716623,"m_lower_bound":0.933070958,"m_upper_bound":1.2481829921},"nb001":{"name":"EC-RISM\/MP2\/6-311+G(d,p)-P2-phi-all-2par","RMSE":1.7019361523,"RMSE_lower_bound":1.0552408888,"RMSE_upper_bound":2.4024751126,"MAE":1.2186666667,"MAE_lower_bound":0.841,"MAE_upper_bound":1.6903333333,"ME":0.422,"ME_lower_bound":-0.1293333333,"ME_upper_bound":1.0493333333,"R2":0.7920874494,"R2_lower_bound":0.6839821218,"R2_upper_bound":0.8985646114,"m":1.1921383249,"m_lower_bound":0.970645466,"m_upper_bound":1.4809255742},"35bdm":{"name":"macroscopic pKa prediction from microscopic pKa predicted with Gaussian and global fitting","RMSE":1.718644815,"RMSE_lower_bound":0.6645750522,"RMSE_upper_bound":2.3379093225,"MAE":1.442,"MAE_lower_bound":0.622,"MAE_upper_bound":2.262,"ME":-1.006,"ME_lower_bound":-2.178,"ME_upper_bound":0.134,"R2":0.9187503813,"R2_lower_bound":0.4629084321,"R2_upper_bound":1.0,"m":1.4460442407,"m_lower_bound":0.7345644469,"m_upper_bound":2.1473876953},"nb002":{"name":"EC-RISM\/MP2\/6-311+G(d,p)-P2-phi-noThiols-2par","RMSE":1.7196598501,"RMSE_lower_bound":1.0831881954,"RMSE_upper_bound":2.4134629339,"MAE":1.2503333333,"MAE_lower_bound":0.8826666667,"MAE_upper_bound":1.7223333333,"ME":0.467,"ME_lower_bound":-0.0893333333,"ME_upper_bound":1.0893333333,"R2":0.794416453,"R2_lower_bound":0.6841833996,"R2_upper_bound":0.8999838405,"m":1.2004139611,"m_lower_bound":0.9739257109,"m_upper_bound":1.4928393376},"ryzue":{"name":"Adiabatic scheme with single point correction for type III submission","RMSE":1.7448056243,"RMSE_lower_bound":1.3703527526,"RMSE_upper_bound":2.1043874802,"MAE":1.436,"MAE_lower_bound":1.0956666667,"MAE_upper_bound":1.8003333333,"ME":1.2266666667,"ME_lower_bound":0.7873333333,"ME_upper_bound":1.664,"R2":0.9221684516,"R2_lower_bound":0.8621252908,"R2_upper_bound":0.961888525,"m":1.2994463606,"m_lower_bound":1.1285425416,