{"xvxzd":{"name":"Full quantum chemical calculation of free energies and fit to experimental pKa","RMSE":0.6800760607,"RMSE_lower_bound":0.5498495092,"RMSE_upper_bound":0.8111379831,"MAE":0.5786206897,"MAE_lower_bound":0.4531034483,"MAE_upper_bound":0.7127586207,"ME":0.2351724138,"ME_lower_bound":-0.0020689655,"ME_upper_bound":0.4606896552,"R2":0.9373019916,"R2_lower_bound":0.878958735,"R2_upper_bound":0.9724251157,"m":0.9231109184,"m_lower_bound":0.8373830759,"m_upper_bound":1.0155307019},"gyuhx":{"name":"S+pKa","RMSE":0.7319946236,"RMSE_lower_bound":0.5552709307,"RMSE_upper_bound":0.9088276745,"MAE":0.585483871,"MAE_lower_bound":0.4358064516,"MAE_upper_bound":0.7474193548,"ME":0.034516129,"ME_lower_bound":-0.2338709677,"ME_upper_bound":0.2874193548,"R2":0.9289338327,"R2_lower_bound":0.8769334906,"R2_upper_bound":0.9653941681,"m":0.9794011218,"m_lower_bound":0.9025607345,"m_upper_bound":1.084604149},"xmyhm":{"name":"ACD\/pKa Classic","RMSE":0.7865461453,"RMSE_lower_bound":0.5236195368,"RMSE_upper_bound":1.0362821262,"MAE":0.5635483871,"MAE_lower_bound":0.385483871,"MAE_upper_bound":0.7722580645,"ME":0.1338709677,"ME_lower_bound":-0.1377419355,"ME_upper_bound":0.3996774194,"R2":0.9189786969,"R2_lower_bound":0.8472798283,"R2_upper_bound":0.967227331,"m":0.9609109035,"m_lower_bound":0.8581426596,"m_upper_bound":1.082290766},"nb007":{"name":"Epik-sequential","RMSE":0.9682075224,"RMSE_lower_bound":0.7586001539,"RMSE_upper_bound":1.1723508228,"MAE":0.8103225806,"MAE_lower_bound":0.6274193548,"MAE_upper_bound":1.0003225806,"ME":0.0251612903,"ME_lower_bound":-0.3251612903,"ME_upper_bound":0.3625806452,"R2":0.8706802643,"R2_lower_bound":0.7637248515,"R2_upper_bound":0.935938516,"m":0.8735985126,"m_lower_bound":0.7871141428,"m_upper_bound":0.9783065186},"yqkga":{"name":"ReSCoSS conformations \/\/ COSMOtherm pKa","RMSE":1.0102379151,"RMSE_lower_bound":0.7794187247,"RMSE_upper_bound":1.2263254843,"MAE":0.7993548387,"MAE_lower_bound":0.5890322581,"MAE_upper_bound":1.0248387097,"ME":-0.1664516129,"ME_lower_bound":-0.504516129,"ME_upper_bound":0.185483871,"R2":0.8670924761,"R2_lower_bound":0.7838509776,"R2_upper_bound":0.9344238577,"m":0.9271834081,"m_lower_bound":0.7683007548,"m_upper_bound":1.0794509385},"8xt50":{"name":"ReSCoSS conformations \/\/ DSD-BLYP-D3 reranking \/\/ COSMOtherm pKa","RMSE":1.0714295545,"RMSE_lower_bound":0.7780185751,"RMSE_upper_bound":1.3619909526,"MAE":0.8141935484,"MAE_lower_bound":0.5783870968,"MAE_upper_bound":1.07,"ME":-0.4748387097,"ME_lower_bound":-0.8183870968,"ME_upper_bound":-0.1419354839,"R2":0.9055345285,"R2_lower_bound":0.8411772947,"R2_upper_bound":0.9519985774,"m":1.0781105731,"m_lower_bound":0.9350120289,"m_upper_bound":1.2176590548},"nb015":{"name":"Chemicalize v18.23","RMSE":1.2722560607,"RMSE_lower_bound":0.9875515503,"RMSE_upper_bound":1.568816073,"MAE":1.0441935484,"MAE_lower_bound":0.8003225806,"MAE_upper_bound":1.3067741935,"ME":0.1287096774,"ME_lower_bound":-0.3374193548,"ME_upper_bound":0.5635483871,"R2":0.8737053783,"R2_lower_bound":0.7961608214,"R2_upper_bound":0.9326683301,"m":1.1616241785,"m_lower_bound":0.9392800535,"m_upper_bound":1.3435142362},"nb014":{"name":"Chemicalize v18.12","RMSE":1.3003758762,"RMSE_lower_bound":1.0137585766,"RMSE_upper_bound":1.5874436744,"MAE":1.0732258065,"MAE_lower_bound":0.8196774194,"MAE_upper_bound":1.3480645161,"ME":0.2558064516,"ME_lower_bound":-0.2161290323,"ME_upper_bound":0.6896774194,"R2":0.859043903,"R2_lower_bound":0.7926178627,"R2_upper_bound":0.9183509838,"m":1.1268029118,"m_lower_bound":0.9062113675,"m_upper_bound":1.330359615},"p0jba":{"name":"macroscopic pKa prediction from microscopic pKa predicted with Gaussian and separate fitting for neutral to negative and for positive to neutral transformations","RMSE":1.314747124,"RMSE_lower_bound":0.6874881817,"RMSE_upper_bound":1.72756476,"MAE":1.084,"MAE_lower_bound":0.428,"MAE_upper_bound":1.72,"ME":-0.924,"ME_lower_bound":-1.72,"ME_upper_bound":-0.108,"R2":0.9099462335,"R2_lower_bound":0.5085281288,"R2_upper_bound":1.0,"m":1.184586283,"m_lower_bound":0.3388955204,"m_upper_bound":1.7240765465},"37xm8":{"name":"ACD\/pKa GALAS","RMSE":1.4131100453,"RMSE_lower_bound":0.9290227841,"RMSE_upper_bound":1.8469632734,"MAE":1.008,"MAE_lower_bound":0.6836666667,"MAE_upper_bound":1.389,"ME":-0.1826666667,"ME_lower_bound":-0.6876666667,"ME_upper_bound":0.3236666667,"R2":0.8335134007,"R2_lower_bound":0.6971935839,"R2_upper_bound":0.9270567366,"m":1.1553428028,"m_lower_bound":0.9801429601,"m_upper_bound":1.3333232515},"mkhqa":{"name":"EC-RISM\/MP2\/cc-pVTZ-P2-phi-all-2par","RMSE":1.59610817,"RMSE_lower_bound":1.1471858977,"RMSE_upper_bound":2.0436747421,"MAE":1.2387096774,"MAE_lower_bound":0.9119354839,"MAE_upper_bound":1.6129032258,"ME":-0.3161290323,"ME_lower_bound":-0.8796774194,"ME_upper_bound":0.2241935484,"R2":0.8031710687,"R2_lower_bound":0.6670588429,"R2_upper_bound":0.902206503,"m":1.1397878132,"m_lower_bound":0.9809561568,"m_upper_bound":1.3374514953},"ttjd0":{"name":"EC-RISM\/MP2\/cc-pVTZ-P2-phi-noThiols-2par","RMSE":1.6417329554,"RMSE_lower_bound":1.200417938,"RMSE_upper_bound":2.0611224627,"MAE":1.2958064516,"MAE_lower_bound":0.9535483871,"MAE_upper_bound":1.6677419355,"ME":-0.1216129032,"ME_lower_bound":-0.7106451613,"ME_upper_bound":0.4467741935,"R2":0.8127154848,"R2_lower_bound":0.6827658539,"R2_upper_bound":0.9083228577,"m":1.1981278133,"m_lower_bound":1.0263124716,"m_upper_bound":1.4055533444},"nb001":{"name":"EC-RISM\/MP2\/6-311+G(d,p)-P2-phi-all-2par","RMSE":1.6848480356,"RMSE_lower_bound":1.0676806337,"RMSE_upper_bound":2.3478239754,"MAE":1.2132258065,"MAE_lower_bound":0.855483871,"MAE_upper_bound":1.6551612903,"ME":0.4422580645,"ME_lower_bound":-0.0941935484,"ME_upper_bound":1.0235483871,"R2":0.7970369577,"R2_lower_bound":0.6992886065,"R2_upper_bound":0.8973496391,"m":1.1562971989,"m_lower_bound":0.953878281,"m_upper_bound":1.4278612477},"nb002":{"name":"EC-RISM\/MP2\/6-311+G(d,p)-P2-phi-noThiols-2par","RMSE":1.703466106,"RMSE_lower_bound":1.0776452825,"RMSE_upper_bound":2.3741477248,"MAE":1.2461290323,"MAE_lower_bound":0.8803225806,"MAE_upper_bound":1.6929032258,"ME":0.5093548387,"ME_lower_bound":-0.0274193548,"ME_upper_bound":1.1148387097,"R2":0.795563712,"R2_lower_bound":0.6988345168,"R2_upper_bound":0.8954194411,"m":1.1527375183,"m_lower_bound":0.9486946607,"m_upper_bound":1.423305291},"35bdm":{"name":"macroscopic pKa prediction from microscopic pKa predicted with Gaussian and global fitting","RMSE":1.718644815,"RMSE_lower_bound":0.6645750522,"RMSE_upper_bound":2.3379093225,"MAE":1.442,"MAE_lower_bound":0.622,"MAE_upper_bound":2.262,"ME":-1.006,"ME_lower_bound":-2.178,"ME_upper_bound":0.136,"R2":0.9187503813,"R2_lower_bound":0.4568461698,"R2_upper_bound":1.0,"m":1.4460442407,"m_lower_bound":0.7198754383,"m_upper_bound":2.1473876953},"ryzue":{"name":"Adiabatic scheme with single point correction for type III submission","RMSE":1.7740576781,"RMSE_lower_bound":1.4184111966,"RMSE_upper_bound":2.1120056207,"MAE":1.5003225806,"MAE_lower_bound":1.1732258065,"MAE_upper_bound":1.8364516129,"ME":1.2977419355,"ME_lower_bound":0.8677419355,"ME_upper_bound":1.7164516129,"R2":0.9098100812,"R2_lower_bound":0.8609918153,"R2_upper_bound":0.9479087697,"m":1.2287488843,"m_lower_bound":1.0597461673,"m_upper_bound":1.4020553278},"2ii2g":{"name":"EC-RISM\/MP2\/cc-pVTZ-P2-q-noThiols-2par","RMSE":1.7952661767,"RMSE_lower_bound":1.2980009444,"RMSE_upper_bound":2.2518594467,"MAE":1.3890322581,"MAE_lower_bound":1.0090322581,"MAE_upper_bound":1.8080645161,"ME":-0.7438709677,"ME_lower_bound":-1.3032258065,"ME_upper_bound":-0.1777419355,"R2":0.7923065576,"R2_lower_bound":0.6597529717,"R2_upper_bound":0.8923617747,"m":1.1493140545,"m_lower_bound":0.9608499784,"m_upper_bound":1.3777978028},"mpwiy":{"name":"EC-RISM\/MP2\/cc-pVTZ-P3NI-phi-noThiols-2par","RMSE":1.8161684233,"RMSE_lower_bound":1.3915030166,"RMSE_upper_bound":2.2288106187,"MAE":1.4822580645,"MAE_lower_bound":1.1296774194,"MAE_upper_bound":1.8696774194,"ME":0.1029032258,