{"hdiyq":{"name":"S+pKa","RMSE":0.6272344673,"RMSE_lower_bound":0.4525780851,"RMSE_upper_bound":0.7706790213,"MAE":0.4776923077,"MAE_lower_bound":0.3146153846,"MAE_upper_bound":0.6334615385,"ME":0.1515384615,"ME_lower_bound":-0.0896153846,"ME_upper_bound":0.3780769231,"R2":0.9481165538,"R2_lower_bound":0.9096998864,"R2_upper_bound":0.9764637133,"m":1.0377981556,"m_lower_bound":0.9502691378,"m_upper_bound":1.160686921},"ccpmw":{"name":"ReSCoSS conformations \/\/ COSMOtherm pKa","RMSE":0.7978745805,"RMSE_lower_bound":0.6264122506,"RMSE_upper_bound":0.957153231,"MAE":0.6388461538,"MAE_lower_bound":0.4634615385,"MAE_upper_bound":0.8319230769,"ME":-0.2426923077,"ME_lower_bound":-0.5230769231,"ME_upper_bound":0.0442307692,"R2":0.9111975461,"R2_lower_bound":0.8202541364,"R2_upper_bound":0.9571512564,"m":0.9809169766,"m_lower_bound":0.8164463603,"m_upper_bound":1.0978201319},"nb016":{"name":"moka","RMSE":1.0099031378,"RMSE_lower_bound":0.7414644733,"RMSE_upper_bound":1.2662302833,"MAE":0.8147826087,"MAE_lower_bound":0.5860869565,"MAE_upper_bound":1.08,"ME":-0.272173913,"ME_lower_bound":-0.6769565217,"ME_upper_bound":0.1017391304,"R2":0.8716647559,"R2_lower_bound":0.7784264622,"R2_upper_bound":0.9384441274,"m":0.959844907,"m_lower_bound":0.8050409183,"m_upper_bound":1.1472808882},"0wfzo":{"name":"Explicit solvent submission 1","RMSE":2.9683386962,"RMSE_lower_bound":1.7259267299,"RMSE_upper_bound":4.055158633,"MAE":1.9565384615,"MAE_lower_bound":1.2007692308,"MAE_upper_bound":2.8323076923,"ME":0.6419230769,"ME_lower_bound":-0.36,"ME_upper_bound":1.7803846154,"R2":0.3549348783,"R2_lower_bound":0.0850878679,"R2_upper_bound":0.6844314491,"m":0.8617014309,"m_lower_bound":0.3741876012,"m_upper_bound":1.3488159125}}