{"nb011":{"name":"Jaguar","RMSE":0.5091886457,"RMSE_lower_bound":0.3352955069,"RMSE_upper_bound":0.6878673844,"MAE":0.3773076923,"MAE_lower_bound":0.2584615385,"MAE_upper_bound":0.5084615385,"ME":-0.0119230769,"ME_lower_bound":-0.2315384615,"ME_upper_bound":0.1884615385,"R2":0.9613752538,"R2_lower_bound":0.9031323574,"R2_upper_bound":0.9863379455,"m":1.0202105127,"m_lower_bound":0.9561291689,"m_upper_bound":1.0892051553},"hdiyq":{"name":"S+pKa","RMSE":0.6272344673,"RMSE_lower_bound":0.4599414678,"RMSE_upper_bound":0.7862716305,"MAE":0.4776923077,"MAE_lower_bound":0.3257692308,"MAE_upper_bound":0.6461538462,"ME":0.1515384615,"ME_lower_bound":-0.0869230769,"ME_upper_bound":0.3873076923,"R2":0.9481165538,"R2_lower_bound":0.913494407,"R2_upper_bound":0.9762726253,"m":1.0377981556,"m_lower_bound":0.9467149869,"m_upper_bound":1.160364753},"epvmk":{"name":"EC-RISM\/MP2\/cc-pVTZ-P2-phi-noThiols-2par","RMSE":0.6522557014,"RMSE_lower_bound":0.4275170562,"RMSE_upper_bound":0.8381924998,"MAE":0.4945833333,"MAE_lower_bound":0.32875,"MAE_upper_bound":0.6691666667,"ME":0.02625,"ME_lower_bound":-0.23625,"ME_upper_bound":0.2695833333,"R2":0.9361368094,"R2_lower_bound":0.8524451452,"R2_upper_bound":0.9776114401,"m":0.9783570667,"m_lower_bound":0.9071444727,"m_upper_bound":1.0502972995},"xnoe0":{"name":"EC-RISM\/MP2\/cc-pVTZ-P2-phi-all-2par","RMSE":0.6553685986,"RMSE_lower_bound":0.4521548407,"RMSE_upper_bound":0.8349419141,"MAE":0.5204,"MAE_lower_bound":0.3728,"MAE_upper_bound":0.68,"ME":-0.0892,"ME_lower_bound":-0.3672,"ME_upper_bound":0.166,"R2":0.9434042587,"R2_lower_bound":0.8506632636,"R2_upper_bound":0.9813434168,"m":1.0385547269,"m_lower_bound":0.9612035897,"m_upper_bound":1.0899915509},"4o0ia":{"name":"EC-RISM\/MP2\/cc-pVTZ-P3NI-phi-noThiols-2par","RMSE":0.6910916671,"RMSE_lower_bound":0.4391293834,"RMSE_upper_bound":0.9118388015,"MAE":0.4946153846,"MAE_lower_bound":0.3196153846,"MAE_upper_bound":0.6976923077,"ME":0.0576923077,"ME_lower_bound":-0.2284615385,"ME_upper_bound":0.3184615385,"R2":0.9242026575,"R2_lower_bound":0.8520998283,"R2_upper_bound":0.9729967218,"m":0.961268015,"m_lower_bound":0.8438456435,"m_upper_bound":1.067174583},"gdqeg":{"name":"PCM\/B3LYP\/6-311+G(d,p)","RMSE":0.7033349131,"RMSE_lower_bound":0.4162547297,"RMSE_upper_bound":0.9969092236,"MAE":0.48,"MAE_lower_bound":0.2768,"MAE_upper_bound":0.7288,"ME":0.1592,"ME_lower_bound":-0.128,"ME_upper_bound":0.446,"R2":0.9199853181,"R2_lower_bound":0.8059319036,"R2_upper_bound":0.9743836659,"m":0.939420173,"m_lower_bound":0.8290072665,"m_upper_bound":1.0658279091},"ccpmw":{"name":"ReSCoSS conformations \/\/ COSMOtherm pKa","RMSE":0.7978745805,"RMSE_lower_bound":0.6259331495,"RMSE_upper_bound":0.9608029495,"MAE":0.6388461538,"MAE_lower_bound":0.4588461538,"MAE_upper_bound":0.8338461538,"ME":-0.2426923077,"ME_lower_bound":-0.5584615385,"ME_upper_bound":0.0742307692,"R2":0.9111975461,"R2_lower_bound":0.8198970635,"R2_upper_bound":0.9592950753,"m":0.9809169766,"m_lower_bound":0.820590182,"m_upper_bound":1.0929350639},"nb008":{"name":"Epik Microscopic","RMSE":0.8152054956,"RMSE_lower_bound":0.5066833331,"RMSE_upper_bound":1.1258863175,"MAE":0.5712,"MAE_lower_bound":0.3648,"MAE_upper_bound":0.8248,"ME":-0.08,"ME_lower_bound":-0.4088,"ME_upper_bound":0.2328,"R2":0.9048706477,"R2_lower_bound":0.7738122239,"R2_upper_bound":0.9733688993,"m":0.8198150024,"m_lower_bound":0.7466849467,"m_upper_bound":0.9108889856},"0xi4b":{"name":"EC-RISM\/B3LYP\/6-311+G(d,p)-P3NI-phi-noThiols-2par","RMSE":0.911918856,"RMSE_lower_bound":0.6386955456,"RMSE_upper_bound":1.1690919553,"MAE":0.698,"MAE_lower_bound":0.4708,"MAE_upper_bound":0.9488,"ME":0.2756,"ME_lower_bound":-0.0796,"ME_upper_bound":0.63,"R2":0.8922983646,"R2_lower_bound":0.7688933955,"R2_upper_bound":0.9584415184,"m":0.9970824905,"m_lower_bound":0.8810542059,"m_upper_bound":1.1190445362},"ftc8w":{"name":"EC-RISM\/MP2\/cc-pVTZ-P2-q-noThiols-2par","RMSE":0.9318468015,"RMSE_lower_bound":0.5559883784,"RMSE_upper_bound":1.2787689393,"MAE":0.6553846154,"MAE_lower_bound":0.4211538462,"MAE_upper_bound":0.9423076923,"ME":0.1176923077,"ME_lower_bound":-0.2146153846,"ME_upper_bound":0.4761538462,"R2":0.8610850419,"R2_lower_bound":0.6697415906,"R2_upper_bound":0.9603601505,"m":0.8777824121,"m_lower_bound":0.763150891,"m_upper_bound":0.952768254},"cywyk":{"name":"EC-RISM\/B3LYP\/6-311+G(d,p)-P2-phi-noThiols-2par","RMSE":0.9331378,"RMSE_lower_bound":0.6617866261,"RMSE_upper_bound":1.2003797476,"MAE":0.7107692308,"MAE_lower_bound":0.4815384615,"MAE_upper_bound":0.9796153846,"ME":0.1715384615,"ME_lower_bound":-0.1588461538,"ME_upper_bound":0.5784615385,"R2":0.8702898268,"R2_lower_bound":0.7451015138,"R2_upper_bound":0.9378801125,"m":0.9504487552,"m_lower_bound":0.8131982941,"m_upper_bound":1.1239432355},"nxaaw":{"name":"EC-RISM\/B3LYP\/6-311+G(d,p)-P3NI-q-noThiols-2par","RMSE":0.965194281,"RMSE_lower_bound":0.5856653022,"RMSE_upper_bound":1.3810726043,"MAE":0.6938461538,"MAE_lower_bound":0.4488461538,"MAE_upper_bound":0.9873076923,"ME":-0.0030769231,"ME_lower_bound":-0.4011538462,"ME_upper_bound":0.3669230769,"R2":0.8534403805,"R2_lower_bound":0.6476867521,"R2_upper_bound":0.958107434,"m":0.9203336967,"m_lower_bound":0.8003523084,"m_upper_bound":1.0125444532},"nb016":{"name":"MoKa","RMSE":1.0099031378,"RMSE_lower_bound":0.7455170368,"RMSE_upper_bound":1.2605744032,"MAE":0.8147826087,"MAE_lower_bound":0.5691304348,"MAE_upper_bound":1.062173913,"ME":-0.272173913,"ME_lower_bound":-0.6669565217,"ME_upper_bound":0.1339130435,"R2":0.8716647559,"R2_lower_bound":0.7704994963,"R2_upper_bound":0.936951925,"m":0.959844907,"m_lower_bound":0.8083916382,"m_upper_bound":1.1665967069},"kxztt":{"name":"EC-RISM\/MP2\/6-311+G(d,p)-P3NI-q-noThiols-2par","RMSE":1.0408483966,"RMSE_lower_bound":0.5890376767,"RMSE_upper_bound":1.4591673073,"MAE":0.7296153846,"MAE_lower_bound":0.4480769231,"MAE_upper_bound":1.0538461538,"ME":0.0357692308,"ME_lower_bound":-0.3665384615,"ME_upper_bound":0.4696153846,"R2":0.87125049,"R2_lower_bound":0.6498135159,"R2_upper_bound":0.9717276592,"m":1.0748458006,"m_lower_bound":0.9126667143,"m_upper_bound":1.1680327348},"eyetm":{"name":"ReSCoSS conformations \/\/ DSD-BLYP-D3 reranking \/\/ COSMOtherm pKa","RMSE":1.043492656,"RMSE_lower_bound":0.7313606918,"RMSE_upper_bound":1.3565737384,"MAE":0.7661538462,"MAE_lower_bound":0.5111538462,"MAE_upper_bound":1.0565384615,"ME":-0.4092307692,"ME_lower_bound":-0.7707692308,"ME_upper_bound":-0.0565384615,"R2":0.9151839371,"R2_lower_bound":0.8236301632,"R2_upper_bound":0.9637430585,"m":1.1596967373,"m_lower_bound":0.9934153758,"m_upper_bound":1.299039828},"cm2yq":{"name":"EC-RISM\/MP2\/6-311+G(d,p)-P3NI-phi-noThiols-2par","RMSE":1.0733648029,"RMSE_lower_bound":0.4612938326,"RMSE_upper_bound":1.6609611675,"MAE":0.6112,"MAE_lower_bound":0.3172,"MAE_upper_bound":0.992,"ME":0.1264,"ME_lower_bound":-0.2592,"ME_upper_bound":0.5516,"R2":0.8923920318,"R2_lower_bound":0.8047078109,"R2_upper_bound":0.9773557057,"m":1.1437320289,"m_lower_bound":0.9645480931,"m_upper_bound":1.3371221988},"2umai":{"name":"EC-RISM\/MP2\/6-311+G(d,p)-P3NI-phi-all-2par","RMSE":1.0847727873,"RMSE_lower_bound":0.4896284305,"RMSE_upper_bound":1.6586572883,"MAE":0.6292,"MAE_lower_bound":0.3428,"MAE_upper_bound":1.016,"ME":0.0852,"ME_lower_bound":-0.288,"ME_upper_bound":0.5764,"R2":0.8919511172,"R2_lower_bound":0.7941475397,"R2_upper_bound":0.9737973734,"m":1.1515979102,"m_lower_bound":0.9675329035,"m_upper_bound":1.3686324112},"wuuvc":{"name":"EC-RISM\/MP2\/6-311+G(d,p)-P2-phi-noThiols-2par","RMSE":1.0858424592,"RMSE_lower_bound":0.5255290375,"RMSE_upper_bound":1.6645673959,"MAE":0.6653846154,"MAE_lower_bound":0.3926923077,"MAE_upper_bound":1.0623076923,"ME":0.2384615385,"ME_lower_bound":-0.1415384615,"ME_upper_bound":0.6826923077,"R2":0.850875436,"R2_lower_bound":0.7631108513,"R2_upper_bound":0.9583283348,"m":1.0203023288,"m_lower_bound":0.8205416455,"m_upper_bound":1.3004675204},"ktpj5":{"name":"EC-RISM\/MP2\/6-311+G(d,p)-P2-phi-all-2par","RMSE":1.0946561104,