{"hdiyq":{"name":"S+pKa","RMSE":0.6272344673,"RMSE_lower_bound":0.4613942082,"RMSE_upper_bound":0.7723017545,"MAE":0.4776923077,"MAE_lower_bound":0.3265384615,"MAE_upper_bound":0.6376923077,"ME":0.1515384615,"ME_lower_bound":-0.0896153846,"ME_upper_bound":0.3823076923,"R2":0.9481165538,"R2_lower_bound":0.9098271995,"R2_upper_bound":0.975501121,"m":1.0377981556,"m_lower_bound":0.9479376893,"m_upper_bound":1.1617875886},"epvmk":{"name":"EC-RISM\/MP2\/cc-pVTZ-P2-phi-noThiols-2par","RMSE":0.6522557014,"RMSE_lower_bound":0.4305955179,"RMSE_upper_bound":0.8480639716,"MAE":0.4945833333,"MAE_lower_bound":0.33875,"MAE_upper_bound":0.6745833333,"ME":0.02625,"ME_lower_bound":-0.2329166667,"ME_upper_bound":0.29125,"R2":0.9361368094,"R2_lower_bound":0.8488006528,"R2_upper_bound":0.9772939569,"m":0.9783570667,"m_lower_bound":0.9005053194,"m_upper_bound":1.0511021766},"xnoe0":{"name":"EC-RISM\/MP2\/cc-pVTZ-P2-phi-all-2par","RMSE":0.6553685986,"RMSE_lower_bound":0.462043288,"RMSE_upper_bound":0.83541367,"MAE":0.5204,"MAE_lower_bound":0.3772,"MAE_upper_bound":0.682,"ME":-0.0892,"ME_lower_bound":-0.3432,"ME_upper_bound":0.166,"R2":0.9434042587,"R2_lower_bound":0.860004415,"R2_upper_bound":0.9802926244,"m":1.0385547269,"m_lower_bound":0.9693936862,"m_upper_bound":1.090866163},"4o0ia":{"name":"EC-RISM\/MP2\/cc-pVTZ-P3NI-phi-noThiols-2par","RMSE":0.6910916671,"RMSE_lower_bound":0.4312459587,"RMSE_upper_bound":0.9046418756,"MAE":0.4946153846,"MAE_lower_bound":0.3173076923,"MAE_upper_bound":0.6880769231,"ME":0.0576923077,"ME_lower_bound":-0.1988461538,"ME_upper_bound":0.3307692308,"R2":0.9242026575,"R2_lower_bound":0.8443253804,"R2_upper_bound":0.9741860718,"m":0.961268015,"m_lower_bound":0.8467232931,"m_upper_bound":1.0638995094},"gdqeg":{"name":"PCM\/B3LYP\/6-311+G(d,p)","RMSE":0.7033349131,"RMSE_lower_bound":0.4263660399,"RMSE_upper_bound":0.9611056133,"MAE":0.48,"MAE_lower_bound":0.2936,"MAE_upper_bound":0.696,"ME":0.1592,"ME_lower_bound":-0.0984,"ME_upper_bound":0.4396,"R2":0.9199853181,"R2_lower_bound":0.8267592752,"R2_upper_bound":0.9741785119,"m":0.939420173,"m_lower_bound":0.8337699252,"m_upper_bound":1.0513825855},"ccpmw":{"name":"ReSCoSS conformations \/\/ COSMOtherm pKa","RMSE":0.7978745805,"RMSE_lower_bound":0.6177533737,"RMSE_upper_bound":0.9561219748,"MAE":0.6388461538,"MAE_lower_bound":0.4611538462,"MAE_upper_bound":0.8284615385,"ME":-0.2426923077,"ME_lower_bound":-0.5365384615,"ME_upper_bound":0.0507692308,"R2":0.9111975461,"R2_lower_bound":0.8189418761,"R2_upper_bound":0.9577233668,"m":0.9809169766,"m_lower_bound":0.8213361342,"m_upper_bound":1.0880097421},"0xi4b":{"name":"EC-RISM\/B3LYP\/6-311+G(d,p)-P3NI-phi-noThiols-2par","RMSE":0.911918856,"RMSE_lower_bound":0.6382977362,"RMSE_upper_bound":1.1617951627,"MAE":0.698,"MAE_lower_bound":0.476,"MAE_upper_bound":0.942,"ME":0.2756,"ME_lower_bound":-0.0604,"ME_upper_bound":0.6184,"R2":0.8922983646,"R2_lower_bound":0.7724068758,"R2_upper_bound":0.9551498875,"m":0.9970824905,"m_lower_bound":0.8761143764,"m_upper_bound":1.117258318},"ftc8w":{"name":"EC-RISM\/MP2\/cc-pVTZ-P2-q-noThiols-2par","RMSE":0.9318468015,"RMSE_lower_bound":0.5491426885,"RMSE_upper_bound":1.2593664463,"MAE":0.6553846154,"MAE_lower_bound":0.4234615385,"MAE_upper_bound":0.925,"ME":0.1176923077,"ME_lower_bound":-0.2280769231,"ME_upper_bound":0.4803846154,"R2":0.8610850419,"R2_lower_bound":0.6698605419,"R2_upper_bound":0.9611596226,"m":0.8777824121,"m_lower_bound":0.7642016692,"m_upper_bound":0.9550587646},"cywyk":{"name":"EC-RISM\/B3LYP\/6-311+G(d,p)-P2-phi-noThiols-2par","RMSE":0.9331378,"RMSE_lower_bound":0.6636553786,"RMSE_upper_bound":1.1832110807,"MAE":0.7107692308,"MAE_lower_bound":0.4861538462,"MAE_upper_bound":0.9496153846,"ME":0.1715384615,"ME_lower_bound":-0.1665384615,"ME_upper_bound":0.5276923077,"R2":0.8702898268,"R2_lower_bound":0.7559959164,"R2_upper_bound":0.939198791,"m":0.9504487552,"m_lower_bound":0.8177858068,"m_upper_bound":1.1231103146},"nxaaw":{"name":"EC-RISM\/B3LYP\/6-311+G(d,p)-P3NI-q-noThiols-2par","RMSE":0.965194281,"RMSE_lower_bound":0.5935745692,"RMSE_upper_bound":1.3482709725,"MAE":0.6938461538,"MAE_lower_bound":0.46,"MAE_upper_bound":0.9711538462,"ME":-0.0030769231,"ME_lower_bound":-0.3842307692,"ME_upper_bound":0.3526923077,"R2":0.8534403805,"R2_lower_bound":0.6571836956,"R2_upper_bound":0.9548900721,"m":0.9203336967,"m_lower_bound":0.8005557456,"m_upper_bound":1.0106853358},"kxztt":{"name":"EC-RISM\/MP2\/6-311+G(d,p)-P3NI-q-noThiols-2par","RMSE":1.0408483966,"RMSE_lower_bound":0.6022298309,"RMSE_upper_bound":1.4342687764,"MAE":0.7296153846,"MAE_lower_bound":0.4684615385,"MAE_upper_bound":1.0373076923,"ME":0.0357692308,"ME_lower_bound":-0.3546153846,"ME_upper_bound":0.4534615385,"R2":0.87125049,"R2_lower_bound":0.6823462245,"R2_upper_bound":0.9680492079,"m":1.0748458006,"m_lower_bound":0.9316296343,"m_upper_bound":1.1695404005},"eyetm":{"name":"ReSCoSS conformations \/\/ DSD-BLYP-D3 reranking \/\/ COSMOtherm pKa","RMSE":1.043492656,"RMSE_lower_bound":0.728758164,"RMSE_upper_bound":1.3552036463,"MAE":0.7661538462,"MAE_lower_bound":0.5092307692,"MAE_upper_bound":1.05,"ME":-0.4092307692,"ME_lower_bound":-0.7853846154,"ME_upper_bound":-0.0576923077,"R2":0.9151839371,"R2_lower_bound":0.82129603,"R2_upper_bound":0.9631076786,"m":1.1596967373,"m_lower_bound":0.9952524961,"m_upper_bound":1.2964514981},"cm2yq":{"name":"EC-RISM\/MP2\/6-311+G(d,p)-P3NI-phi-noThiols-2par","RMSE":1.0733648029,"RMSE_lower_bound":0.4557192118,"RMSE_upper_bound":1.6713886442,"MAE":0.6112,"MAE_lower_bound":0.3292,"MAE_upper_bound":1.0088,"ME":0.1264,"ME_lower_bound":-0.2384,"ME_upper_bound":0.588,"R2":0.8923920318,"R2_lower_bound":0.7995522842,"R2_upper_bound":0.9749859536,"m":1.1437320289,"m_lower_bound":0.9684532257,"m_upper_bound":1.3608007839},"2umai":{"name":"EC-RISM\/MP2\/6-311+G(d,p)-P3NI-phi-all-2par","RMSE":1.0847727873,"RMSE_lower_bound":0.4820539389,"RMSE_upper_bound":1.6725118834,"MAE":0.6292,"MAE_lower_bound":0.3452,"MAE_upper_bound":1.0196,"ME":0.0852,"ME_lower_bound":-0.2952,"ME_upper_bound":0.5508,"R2":0.8919511172,"R2_lower_bound":0.8016978229,"R2_upper_bound":0.9730982016,"m":1.1515979102,"m_lower_bound":0.9711085762,"m_upper_bound":1.3563325531},"wuuvc":{"name":"EC-RISM\/MP2\/6-311+G(d,p)-P2-phi-noThiols-2par","RMSE":1.0858424592,"RMSE_lower_bound":0.5157928922,"RMSE_upper_bound":1.6652996958,"MAE":0.6653846154,"MAE_lower_bound":0.3923076923,"MAE_upper_bound":1.0488461538,"ME":0.2384615385,"ME_lower_bound":-0.1230769231,"ME_upper_bound":0.6903846154,"R2":0.850875436,"R2_lower_bound":0.7651914666,"R2_upper_bound":0.9557733328,"m":1.0203023288,"m_lower_bound":0.8213231712,"m_upper_bound":1.2940027481},"ktpj5":{"name":"EC-RISM\/MP2\/6-311+G(d,p)-P2-phi-all-2par","RMSE":1.0946561104,"RMSE_lower_bound":0.5122889809,"RMSE_upper_bound":1.6781990347,"MAE":0.6592,"MAE_lower_bound":0.3756,"MAE_upper_bound":1.0432,"ME":0.2248,"ME_lower_bound":-0.1472,"ME_upper_bound":0.6828,"R2":0.8584845967,"R2_lower_bound":0.7809753946,"R2_upper_bound":0.9583767693,"m":1.0500939602,"m_lower_bound":0.8463583858,"m_upper_bound":1.3235621677},"arcko":{"name":"Vertical scheme for type I submission","RMSE":1.0951325877,"RMSE_lower_bound":0.745739179,"RMSE_upper_bound":1.4096016895,"MAE":0.8153846154,"MAE_lower_bound":0.5476923077,"MAE_upper_bound":1.1115384615,"ME":0.4338461538,"ME_lower_bound":0.0611538462,"ME_upper_bound":0.8265384615,"R2":0.8646248293,"R2_lower_bound":0.7587573466,"R2_upper_bound":0.9327187359,"m":1.0240138307,"m_lower_bound":0.8963994688,"m_upper_bound":1.201600363},"ko8yx":{"name":"Adiabatic scheme with single point correction for type I submission","RMSE":1.0984236957,"RMSE_lower_bound":0.8262007579,"RMSE_upper_bound":1.3537398341,"MAE":0.8926923077,"MAE_lower_bound":0.6526923077,"MAE_upper_bound":1.1492307692,"ME":0.4403846154,"ME_lower_bound":0.0480769231,"ME_upper_bound":0.8246153846,"R2":0.890331357,"R2_lower_bound":0.7587124207,"R2_upper_bound":0.9567484767,"m":1.1122898531,"m_lower_bound":0.9642363188,