{"nb011":{"name":"Jaguar","RMSE":0.5091886457,"RMSE_lower_bound":0.3355535037,"RMSE_upper_bound":0.69679486,"MAE":0.3773076923,"MAE_lower_bound":0.2680769231,"MAE_upper_bound":0.5215384615,"ME":-0.0119230769,"ME_lower_bound":-0.2065384615,"ME_upper_bound":0.1723076923,"R2":0.9613752538,"R2_lower_bound":0.9117290813,"R2_upper_bound":0.9859744333,"m":1.0202105127,"m_lower_bound":0.9567671825,"m_upper_bound":1.0887085638},"hdiyq":{"name":"S+pKa","RMSE":0.6272344673,"RMSE_lower_bound":0.4588991845,"RMSE_upper_bound":0.7696502702,"MAE":0.4776923077,"MAE_lower_bound":0.3346153846,"MAE_upper_bound":0.6388461538,"ME":0.1515384615,"ME_lower_bound":-0.0953846154,"ME_upper_bound":0.3873076923,"R2":0.9481165538,"R2_lower_bound":0.9078841885,"R2_upper_bound":0.9746172768,"m":1.0377981556,"m_lower_bound":0.948453985,"m_upper_bound":1.1577214416},"epvmk":{"name":"EC-RISM\/MP2\/cc-pVTZ-P2-phi-noThiols-2par","RMSE":0.6522557014,"RMSE_lower_bound":0.4404779601,"RMSE_upper_bound":0.8623296933,"MAE":0.4945833333,"MAE_lower_bound":0.3366666667,"MAE_upper_bound":0.685,"ME":0.02625,"ME_lower_bound":-0.2408333333,"ME_upper_bound":0.2875,"R2":0.9361368094,"R2_lower_bound":0.8520681068,"R2_upper_bound":0.9774556026,"m":0.9783570667,"m_lower_bound":0.9065321491,"m_upper_bound":1.0554719691},"xnoe0":{"name":"EC-RISM\/MP2\/cc-pVTZ-P2-phi-all-2par","RMSE":0.6553685986,"RMSE_lower_bound":0.4640948179,"RMSE_upper_bound":0.8384008588,"MAE":0.5204,"MAE_lower_bound":0.378,"MAE_upper_bound":0.6824,"ME":-0.0892,"ME_lower_bound":-0.3312,"ME_upper_bound":0.1776,"R2":0.9434042587,"R2_lower_bound":0.8674756456,"R2_upper_bound":0.979883834,"m":1.0385547269,"m_lower_bound":0.9748101767,"m_upper_bound":1.0918238293},"4o0ia":{"name":"EC-RISM\/MP2\/cc-pVTZ-P3NI-phi-noThiols-2par","RMSE":0.6910916671,"RMSE_lower_bound":0.4571525583,"RMSE_upper_bound":0.9110095837,"MAE":0.4946153846,"MAE_lower_bound":0.3303846154,"MAE_upper_bound":0.6861538462,"ME":0.0576923077,"ME_lower_bound":-0.2038461538,"ME_upper_bound":0.3192307692,"R2":0.9242026575,"R2_lower_bound":0.8472168685,"R2_upper_bound":0.9701216536,"m":0.961268015,"m_lower_bound":0.8559307704,"m_upper_bound":1.0642508731},"gdqeg":{"name":"PCM\/B3LYP\/6-311+G(d,p)","RMSE":0.7033349131,"RMSE_lower_bound":0.416850093,"RMSE_upper_bound":0.9624198668,"MAE":0.48,"MAE_lower_bound":0.2892,"MAE_upper_bound":0.6964,"ME":0.1592,"ME_lower_bound":-0.0952,"ME_upper_bound":0.4552,"R2":0.9199853181,"R2_lower_bound":0.817215994,"R2_upper_bound":0.9759351313,"m":0.939420173,"m_lower_bound":0.8274009851,"m_upper_bound":1.0584831904},"ccpmw":{"name":"ReSCoSS conformations \/\/ COSMOtherm pKa","RMSE":0.7978745805,"RMSE_lower_bound":0.6182512559,"RMSE_upper_bound":0.954843926,"MAE":0.6388461538,"MAE_lower_bound":0.4569230769,"MAE_upper_bound":0.8242307692,"ME":-0.2426923077,"ME_lower_bound":-0.5334615385,"ME_upper_bound":0.0615384615,"R2":0.9111975461,"R2_lower_bound":0.824903193,"R2_upper_bound":0.9583572031,"m":0.9809169766,"m_lower_bound":0.8296671554,"m_upper_bound":1.0933012904},"nb008":{"name":"Epik Microscopic","RMSE":0.8152054956,"RMSE_lower_bound":0.51423341,"RMSE_upper_bound":1.0877922596,"MAE":0.5712,"MAE_lower_bound":0.3636,"MAE_upper_bound":0.806,"ME":-0.08,"ME_lower_bound":-0.4096,"ME_upper_bound":0.2472,"R2":0.9048706477,"R2_lower_bound":0.7803387581,"R2_upper_bound":0.9726273112,"m":0.8198150024,"m_lower_bound":0.7423241925,"m_upper_bound":0.9123400041},"0xi4b":{"name":"EC-RISM\/B3LYP\/6-311+G(d,p)-P3NI-phi-noThiols-2par","RMSE":0.911918856,"RMSE_lower_bound":0.6348133584,"RMSE_upper_bound":1.150107821,"MAE":0.698,"MAE_lower_bound":0.4748,"MAE_upper_bound":0.9368,"ME":0.2756,"ME_lower_bound":-0.0764,"ME_upper_bound":0.6208,"R2":0.8922983646,"R2_lower_bound":0.7912806097,"R2_upper_bound":0.9585447573,"m":0.9970824905,"m_lower_bound":0.8800636666,"m_upper_bound":1.1160137845},"ftc8w":{"name":"EC-RISM\/MP2\/cc-pVTZ-P2-q-noThiols-2par","RMSE":0.9318468015,"RMSE_lower_bound":0.5426182962,"RMSE_upper_bound":1.2630335887,"MAE":0.6553846154,"MAE_lower_bound":0.4292307692,"MAE_upper_bound":0.9326923077,"ME":0.1176923077,"ME_lower_bound":-0.2746153846,"ME_upper_bound":0.4469230769,"R2":0.8610850419,"R2_lower_bound":0.6597135404,"R2_upper_bound":0.9627423728,"m":0.8777824121,"m_lower_bound":0.7664033288,"m_upper_bound":0.9564882557},"cywyk":{"name":"EC-RISM\/B3LYP\/6-311+G(d,p)-P2-phi-noThiols-2par","RMSE":0.9331378,"RMSE_lower_bound":0.6887000017,"RMSE_upper_bound":1.1851695757,"MAE":0.7107692308,"MAE_lower_bound":0.4984615385,"MAE_upper_bound":0.9519230769,"ME":0.1715384615,"ME_lower_bound":-0.1530769231,"ME_upper_bound":0.5026923077,"R2":0.8702898268,"R2_lower_bound":0.7629438682,"R2_upper_bound":0.939200157,"m":0.9504487552,"m_lower_bound":0.820323217,"m_upper_bound":1.1242982373},"nxaaw":{"name":"EC-RISM\/B3LYP\/6-311+G(d,p)-P3NI-q-noThiols-2par","RMSE":0.965194281,"RMSE_lower_bound":0.5921505786,"RMSE_upper_bound":1.360298327,"MAE":0.6938461538,"MAE_lower_bound":0.4642307692,"MAE_upper_bound":0.9792307692,"ME":-0.0030769231,"ME_lower_bound":-0.4265384615,"ME_upper_bound":0.3569230769,"R2":0.8534403805,"R2_lower_bound":0.6456897351,"R2_upper_bound":0.9580461082,"m":0.9203336967,"m_lower_bound":0.7961961664,"m_upper_bound":1.015333659},"nb016":{"name":"MoKa","RMSE":1.0099031378,"RMSE_lower_bound":0.7466504915,"RMSE_upper_bound":1.2638657056,"MAE":0.8147826087,"MAE_lower_bound":0.5826086957,"MAE_upper_bound":1.0734782609,"ME":-0.272173913,"ME_lower_bound":-0.6813043478,"ME_upper_bound":0.1404347826,"R2":0.8716647559,"R2_lower_bound":0.7854546851,"R2_upper_bound":0.9366759918,"m":0.959844907,"m_lower_bound":0.7957286023,"m_upper_bound":1.1523806817},"kxztt":{"name":"EC-RISM\/MP2\/6-311+G(d,p)-P3NI-q-noThiols-2par","RMSE":1.0408483966,"RMSE_lower_bound":0.6015109181,"RMSE_upper_bound":1.4357469243,"MAE":0.7296153846,"MAE_lower_bound":0.4715384615,"MAE_upper_bound":1.0526923077,"ME":0.0357692308,"ME_lower_bound":-0.3434615385,"ME_upper_bound":0.4626923077,"R2":0.87125049,"R2_lower_bound":0.664294194,"R2_upper_bound":0.9687184038,"m":1.0748458006,"m_lower_bound":0.9419724598,"m_upper_bound":1.1668498605},"eyetm":{"name":"ReSCoSS conformations \/\/ DSD-BLYP-D3 reranking \/\/ COSMOtherm pKa","RMSE":1.043492656,"RMSE_lower_bound":0.7310161526,"RMSE_upper_bound":1.3461626373,"MAE":0.7661538462,"MAE_lower_bound":0.505,"MAE_upper_bound":1.0419230769,"ME":-0.4092307692,"ME_lower_bound":-0.7930769231,"ME_upper_bound":-0.0569230769,"R2":0.9151839371,"R2_lower_bound":0.8333258625,"R2_upper_bound":0.9632405611,"m":1.1596967373,"m_lower_bound":0.9944721968,"m_upper_bound":1.2951896642},"cm2yq":{"name":"EC-RISM\/MP2\/6-311+G(d,p)-P3NI-phi-noThiols-2par","RMSE":1.0733648029,"RMSE_lower_bound":0.4646245796,"RMSE_upper_bound":1.7185156386,"MAE":0.6112,"MAE_lower_bound":0.328,"MAE_upper_bound":1.0596,"ME":0.1264,"ME_lower_bound":-0.2284,"ME_upper_bound":0.6352,"R2":0.8923920318,"R2_lower_bound":0.7998061086,"R2_upper_bound":0.9734275505,"m":1.1437320289,"m_lower_bound":0.9648842997,"m_upper_bound":1.3754392768},"2umai":{"name":"EC-RISM\/MP2\/6-311+G(d,p)-P3NI-phi-all-2par","RMSE":1.0847727873,"RMSE_lower_bound":0.5116834959,"RMSE_upper_bound":1.6712450449,"MAE":0.6292,"MAE_lower_bound":0.362,"MAE_upper_bound":1.0136,"ME":0.0852,"ME_lower_bound":-0.3332,"ME_upper_bound":0.5648,"R2":0.8919511172,"R2_lower_bound":0.7994261354,"R2_upper_bound":0.9721751997,"m":1.1515979102,"m_lower_bound":0.9698748392,"m_upper_bound":1.3684083649},"wuuvc":{"name":"EC-RISM\/MP2\/6-311+G(d,p)-P2-phi-noThiols-2par","RMSE":1.0858424592,"RMSE_lower_bound":0.5165156934,"RMSE_upper_bound":1.6503903967,"MAE":0.6653846154,"MAE_lower_bound":0.3942307692,"MAE_upper_bound":1.035,"ME":0.2384615385,"ME_lower_bound":-0.1234615385,"ME_upper_bound":0.68,"R2":0.850875436,"R2_lower_bound":0.7704117837,"R2_upper_bound":0.9579811091,"m":1.0203023288,"m_lower_bound":0.8203086593,"m_upper_bound":1.2877928263},"ktpj5":{"name":"EC-RISM\/MP2\/6-311+G(d,p)-P2-phi-all-2par","RMSE":1.0946561104,"RMSE_lower_bound":0.532154113,