ID,name,RMSE,RMSE_lower_bound,RMSE_upper_bound,MAE,MAE_lower_bound,MAE_upper_bound,ME,ME_lower_bound,ME_upper_bound,R2,R2_lower_bound,R2_upper_bound,m,m_lower_bound,m_upper_bound
hdiyq,S+pKa,0.6240424923497312,0.477574517070204,0.7612765170973492,0.4680645161290321,0.32838709677419337,0.6225806451612902,0.12741935483870961,-0.0948387096774192,0.34,0.9501427068429652,0.9196045923944957,0.9740717326482478,0.9899067824192567,0.9178983693800615,1.095636572636917
ccpmw,ReSCoSS conformations // COSMOtherm pKa,0.7883342994833697,0.6234632720641234,0.9305929431316634,0.6219354838709676,0.44870967741935475,0.7903225806451611,-0.1690322580645162,-0.4383870967741937,0.09967741935483858,0.9190546673650506,0.8617930040303294,0.9564172043601167,0.9479380549951608,0.818971865041062,1.0583287805893768
0wfzo,Explicit solvent submission 1,2.8941955258647414,1.7132594854592604,3.9975908067315387,1.8800000000000003,1.1616129032258065,2.7690322580645157,0.7619354838709677,-0.17548387096774198,1.8348387096774192,0.4789367405546034,0.20228845845882784,0.7610430134334669,0.9945943531709761,0.5857440332584712,1.3707815032024873
