{"hdiyq":{"name":"S+pKa","RMSE":0.6240424923,"RMSE_lower_bound":0.4775745171,"RMSE_upper_bound":0.7612765171,"MAE":0.4680645161,"MAE_lower_bound":0.3283870968,"MAE_upper_bound":0.6225806452,"ME":0.1274193548,"ME_lower_bound":-0.0948387097,"ME_upper_bound":0.34,"R2":0.9501427068,"R2_lower_bound":0.9196045924,"R2_upper_bound":0.9740717326,"m":0.9899067824,"m_lower_bound":0.9178983694,"m_upper_bound":1.0956365726},"ccpmw":{"name":"ReSCoSS conformations \/\/ COSMOtherm pKa","RMSE":0.7883342995,"RMSE_lower_bound":0.6234632721,"RMSE_upper_bound":0.9305929431,"MAE":0.6219354839,"MAE_lower_bound":0.4487096774,"MAE_upper_bound":0.7903225806,"ME":-0.1690322581,"ME_lower_bound":-0.4383870968,"ME_upper_bound":0.0996774194,"R2":0.9190546674,"R2_lower_bound":0.861793004,"R2_upper_bound":0.9564172044,"m":0.947938055,"m_lower_bound":0.818971865,"m_upper_bound":1.0583287806},"0wfzo":{"name":"Explicit solvent submission 1","RMSE":2.8941955259,"RMSE_lower_bound":1.7132594855,"RMSE_upper_bound":3.9975908067,"MAE":1.88,"MAE_lower_bound":1.1616129032,"MAE_upper_bound":2.7690322581,"ME":0.7619354839,"ME_lower_bound":-0.175483871,"ME_upper_bound":1.8348387097,"R2":0.4789367406,"R2_lower_bound":0.2022884585,"R2_upper_bound":0.7610430134,"m":0.9945943532,"m_lower_bound":0.5857440333,"m_upper_bound":1.3707815032}}