ID,name,RMSE,RMSE_lower_bound,RMSE_upper_bound,MAE,MAE_lower_bound,MAE_upper_bound,ME,ME_lower_bound,ME_upper_bound,R2,R2_lower_bound,R2_upper_bound,m,m_lower_bound,m_upper_bound
hdiyq,S+pKa,0.6272344672633008,0.45257808506038244,0.7706790212832795,0.4776923076923075,0.31461538461538446,0.6334615384615383,0.15153846153846148,-0.08961538461538451,0.37807692307692276,0.9481165538376808,0.9096998864041959,0.9764637132623545,1.0377981555929021,0.9502691377697544,1.1606869210313555
ccpmw,ReSCoSS conformations // COSMOtherm pKa,0.7978745804660318,0.6264122505924573,0.9571532310410426,0.6388461538461537,0.46346153846153837,0.8319230769230768,-0.24269230769230773,-0.5230769230769231,0.04423076923076914,0.9111975461251963,0.8202541364134298,0.9571512564485166,0.9809169766113334,0.8164463602766892,1.0978201319495349
nb016,moka,1.0099031378434702,0.7414644733346241,1.2662302833350587,0.8147826086956522,0.5860869565217394,1.08,-0.2721739130434785,-0.6769565217391307,0.10173913043478229,0.8716647558792276,0.7784264622425651,0.9384441274287124,0.9598449070389751,0.8050409182855577,1.1472808882266414
0wfzo,Explicit solvent submission 1,2.96833869620443,1.7259267298825514,4.055158632958954,1.9565384615384618,1.2007692307692306,2.832307692307693,0.6419230769230768,-0.3600000000000002,1.7803846153846155,0.3549348782825898,0.08508786785373718,0.684431449136499,0.8617014309212225,0.3741876011887394,1.3488159124574046
