ID,name,RMSE,RMSE_lower_bound,RMSE_upper_bound,MAE,MAE_lower_bound,MAE_upper_bound,ME,ME_lower_bound,ME_upper_bound,R2,R2_lower_bound,R2_upper_bound,m,m_lower_bound,m_upper_bound,unmatched exp pKas,unmatched pred pKas,"unmatched pred pKas [2,12]","unmatched pred pKas [4,10]"
hdiyq,S+pKa,0.6272344672633008,0.4525780850603824,0.7706790212832795,0.4776923076923075,0.3146153846153845,0.6334615384615383,0.15153846153846148,-0.08961538461538451,0.3780769230769228,0.9481165538376808,0.909699886404196,0.9764637132623544,1.037798155592902,0.9502691377697544,1.1606869210313555,0,251,80,26
ccpmw,ReSCoSS conformations // COSMOtherm pKa,0.7978745804660318,0.6264122505924573,0.9571532310410426,0.6388461538461537,0.4634615384615384,0.8319230769230768,-0.2426923076923077,-0.5230769230769231,0.044230769230769136,0.9111975461251964,0.8202541364134298,0.9571512564485166,0.9809169766113334,0.8164463602766892,1.0978201319495349,0,76,10,5
nb016,moka,1.0099031378434702,0.7414644733346241,1.2662302833350587,0.8147826086956522,0.5860869565217394,1.08,-0.2721739130434785,-0.6769565217391307,0.10173913043478228,0.8716647558792276,0.7784264622425651,0.9384441274287124,0.9598449070389752,0.8050409182855577,1.1472808882266414,0,22,8,3
0wfzo,Explicit solvent submission 1,2.9683386962044302,1.7259267298825514,4.055158632958953,1.9565384615384616,1.2007692307692306,2.8323076923076935,0.6419230769230768,-0.3600000000000002,1.7803846153846157,0.3549348782825898,0.08508786785373718,0.684431449136499,0.8617014309212225,0.3741876011887394,1.3488159124574046,0,476,52,30
