,MAE,MAE_lower_CI,MAE_upper_CI,Molecule ID,RMSE,RMSE_lower_CI,RMSE_upper_CI
0,0.20600000000000004,0.06799999999999998,0.36999999999999994,SM02,0.26791789787171744,0.07745966692414843,0.4088275920238261
3,0.35750000000000015,0.10499999999999998,0.6975,SM09,0.47767666888806715,0.12903487900563923,0.7587983921965045
7,0.3666666666666665,0.18777777777777724,0.583333333333333,SM15,0.47691135910611776,0.2110818693198344,0.6861324782997652
4,0.4225000000000001,0.13000000000000012,0.8475000000000001,SM12,0.560245481909493,0.16643316977093228,0.9107277309931877
2,0.4833333333333334,0.3799999999999999,0.5700000000000003,SM07,0.489659745809952,0.3799999999999999,0.5700000000000003
6,0.507,0.31499999999999984,0.7000000000000002,SM14,0.5931525941947822,0.4052283306976451,0.7451241507292595
5,0.5279999999999998,0.22799999999999992,0.8279999999999996,SM13,0.6270885104991157,0.258302148655407,0.8483867042805416
1,0.5779999999999997,0.32200000000000006,0.7939999999999996,SM04,0.6411084151686044,0.42199526063689335,0.808616101744208
