,MAE,MAE_lower_CI,MAE_upper_CI,Molecule ID,RMSE,RMSE_lower_CI,RMSE_upper_CI
7,2.280833333333333,1.5060000000000002,3.239,SM15,4.16650593023299,2.1878661598309286,5.829847911109403
6,3.3425454545454536,2.3145454545454545,4.509818181818182,SM14,5.3001406499347645,3.514587005350958,6.886328748786514
3,3.4437931034482756,1.6024137931034483,5.781724137931035,SM09,6.7132480961156205,2.6500390367977085,9.672485505911547
5,4.210344827586207,1.7393103448275862,7.193793103448278,SM13,8.677583884294378,3.6944949727193124,12.269973442345426
4,4.5321428571428575,1.8842857142857146,7.862499999999999,SM12,9.41490194167887,3.9013152544091736,13.351630451532344
2,4.644137931034483,2.3806896551724135,7.388275862068967,SM07,8.30066013162144,3.895920943756431,11.734663505452847
0,6.358620689655172,2.353793103448276,11.495862068965518,SM02,14.386720409389037,6.275791748374504,20.400418944312108
1,6.438275862068965,2.3334482758620685,11.791379310344826,SM04,14.680977487892282,6.448776948998239,20.91810336229989
