,MAE,MAE_lower_CI,MAE_upper_CI,Molecule ID,RMSE,RMSE_lower_CI,RMSE_upper_CI
7,2.280833333333333,1.498666666666667,3.2545,SM15,4.16650593023299,2.184944698003438,5.865621024239463
6,3.3425454545454536,2.3223636363636366,4.503454545454546,SM14,5.3001406499347645,3.5139752159316404,6.860879349948187
3,3.4437931034482756,1.6079310344827584,5.747241379310346,SM09,6.7132480961156205,2.6559432378645864,9.636905176419987
5,4.210344827586207,1.7968965517241382,7.2106896551724144,SM13,8.677583884294378,3.766269992336239,12.40857920678409
4,4.5321428571428575,1.8664285714285713,7.944642857142859,SM12,9.41490194167887,3.9050603617065165,13.49819710183549
2,4.644137931034483,2.4224137931034484,7.335517241379312,SM07,8.30066013162144,3.8706147600464784,11.638743711089003
0,6.358620689655172,2.3958620689655175,11.470344827586205,SM02,14.386720409389037,6.29216864100896,20.304513597074745
1,6.438275862068965,2.3351724137931034,11.801034482758622,SM04,14.680977487892282,6.446482601468376,20.963513459144295
