,MAE,MAE_lower_CI,MAE_upper_CI,Molecule ID,RMSE,RMSE_lower_CI,RMSE_upper_CI
7,2.280833333333333,1.5011666666666672,3.246666666666667,SM15,4.16650593023299,2.1662079001487062,5.861507485280557
6,3.3425454545454536,2.3169090909090913,4.508727272727273,SM14,5.3001406499347645,3.521568348955283,6.878607417202992
3,3.4437931034482756,1.6031034482758622,5.780689655172413,SM09,6.7132480961156205,2.6389326473484274,9.740881854860207
5,4.210344827586207,1.7827586206896553,7.192068965517241,SM13,8.677583884294378,3.7168544357496325,12.28880019956495
4,4.5321428571428575,1.8785714285714288,7.95107142857143,SM12,9.41490194167887,3.902698242425178,13.479776651392582
2,4.644137931034483,2.394827586206897,7.3131034482758634,SM07,8.30066013162144,3.8703278841765436,11.653116942807989
0,6.358620689655172,2.3675862068965516,11.49413793103448,SM02,14.386720409389037,6.277927947208761,20.350158010061808
1,6.438275862068965,2.372413793103448,11.740689655172414,SM04,14.680977487892282,6.459332195652513,20.797951656435984
