,MAE,MAE_lower_CI,MAE_upper_CI,Molecule ID,RMSE,RMSE_lower_CI,RMSE_upper_CI
7,2.280833333333333,1.491666666666667,3.260166666666666,SM15,4.16650593023299,2.1135590047752784,5.861258397306845
6,3.3425454545454536,2.3330909090909095,4.508545454545454,SM14,5.3001406499347645,3.543251973181493,6.862269303954779
3,3.4437931034482756,1.6137931034482758,5.725172413793103,SM09,6.7132480961156205,2.643141417276824,9.64351291694631
5,4.210344827586207,1.8124137931034479,7.231034482758623,SM13,8.677583884294378,3.871305134999805,12.34735305991559
4,4.5321428571428575,1.8953571428571425,7.926785714285716,SM12,9.41490194167887,3.9434353225147665,13.47198269955625
2,4.644137931034483,2.403103448275862,7.305862068965518,SM07,8.30066013162144,3.8635502701084627,11.58899046509229
0,6.358620689655172,2.3831034482758624,11.55448275862069,SM02,14.386720409389037,6.283672602810425,20.478020597367482
1,6.438275862068965,2.3496551724137933,11.71,SM04,14.680977487892282,6.452267711486378,20.79958752906678
