,MAE,MAE_lower_CI,MAE_upper_CI,Molecule ID,RMSE,RMSE_lower_CI,RMSE_upper_CI
7,2.280833333333333,1.5113333333333334,3.2386666666666666,SM15,4.16650593023299,2.239048905227396,5.827265081780074
6,3.3425454545454536,2.3299999999999996,4.51090909090909,SM14,5.3001406499347645,3.5321654444933253,6.868640860659937
3,3.4437931034482756,1.5941379310344828,5.768275862068966,SM09,6.7132480961156205,2.634428551527532,9.657676239387381
5,4.210344827586207,1.7348275862068965,7.193448275862069,SM13,8.677583884294378,3.6632423926879594,12.318901512828107
4,4.5321428571428575,1.8771428571428574,7.911428571428572,SM12,9.41490194167887,3.911977943262389,13.41965190095694
2,4.644137931034483,2.405172413793104,7.34793103448276,SM07,8.30066013162144,3.889935288886454,11.693887439524799
0,6.358620689655172,2.3693103448275865,11.570689655172414,SM02,14.386720409389037,6.276949346892028,20.434370639887003
1,6.438275862068965,2.352758620689654,11.657931034482758,SM04,14.680977487892282,6.44898628762157,20.755151749335177
