,MAE,MAE_lower_CI,MAE_upper_CI,Molecule ID,RMSE,RMSE_lower_CI,RMSE_upper_CI
7,2.280833333333333,1.4981666666666669,3.2404999999999995,SM15,4.16650593023299,2.203028218914441,5.8335610907917985
6,3.3425454545454536,2.3440000000000003,4.511636363636363,SM14,5.3001406499347645,3.543701967768119,6.871245090295433
3,3.4437931034482756,1.622758620689655,5.716206896551723,SM09,6.7132480961156205,2.6620837055157405,9.63365472955492
5,4.210344827586207,1.8137931034482757,7.276206896551725,SM13,8.677583884294378,3.9235860620364753,12.425346036949273
4,4.5321428571428575,1.8882142857142858,7.871428571428573,SM12,9.41490194167887,3.93751235825725,13.392473632604249
2,4.644137931034483,2.431724137931034,7.38655172413793,SM07,8.30066013162144,3.9166320859319583,11.767709178525141
0,6.358620689655172,2.3637931034482764,11.40758620689655,SM02,14.386720409389037,6.279703210645636,20.24655466646286
1,6.438275862068965,2.3355172413793106,11.799310344827589,SM04,14.680977487892282,6.446164055815114,20.91632756056114
