,MAE,MAE_lower_CI,MAE_upper_CI,Molecule ID,RMSE,RMSE_lower_CI,RMSE_upper_CI
7,2.280833333333333,1.4943333333333335,3.2236666666666665,SM15,4.16650593023299,2.1611594110569445,5.848391944229912
6,3.3425454545454536,2.346545454545454,4.501090909090909,SM14,5.3001406499347645,3.5423382108432278,6.819782187937463
3,3.4437931034482756,1.6258620689655172,5.796551724137931,SM09,6.7132480961156205,2.6800315232320013,9.715420199619388
5,4.210344827586207,1.7606896551724138,7.214137931034483,SM13,8.677583884294378,3.7088412541218125,12.36306038442608
4,4.5321428571428575,1.865357142857143,7.865714285714287,SM12,9.41490194167887,3.910430191898877,13.482549170793229
2,4.644137931034483,2.440689655172414,7.346896551724138,SM07,8.30066013162144,3.977233486595494,11.640721034665187
0,6.358620689655172,2.3686206896551725,11.599310344827586,SM02,14.386720409389037,6.281084630693255,20.50409496527042
1,6.438275862068965,2.3520689655172418,11.65896551724138,SM04,14.680977487892282,6.4549131247659615,20.759408253475886
