,MAE,MAE_lower_CI,MAE_upper_CI,Molecule ID,RMSE,RMSE_lower_CI,RMSE_upper_CI
7,2.280833333333333,1.4898333333333333,3.2093333333333334,SM15,4.16650593023299,2.12750440657593,5.817717049381713
6,3.3425454545454536,2.3267272727272728,4.495272727272727,SM14,5.3001406499347645,3.538019990693305,6.874417132316813
3,3.4437931034482756,1.6158620689655172,5.796551724137931,SM09,6.7132480961156205,2.653969051088941,9.713715152760322
5,4.210344827586207,1.7672413793103448,7.243793103448276,SM13,8.677583884294378,3.7606226557075213,12.364565471958358
4,4.5321428571428575,1.9132142857142858,7.807499999999999,SM12,9.41490194167887,3.945118593183951,13.400069429457659
2,4.644137931034483,2.4124137931034486,7.364827586206896,SM07,8.30066013162144,3.9203909903530514,11.776870083579816
0,6.358620689655172,2.348965517241379,11.597586206896553,SM02,14.386720409389037,6.271798675076365,20.501862741274735
1,6.438275862068965,2.3496551724137933,11.782413793103448,SM04,14.680977487892282,6.451096137813352,20.920110107180403
