,MAE,MAE_lower_CI,MAE_upper_CI,Molecule ID,RMSE,RMSE_lower_CI,RMSE_upper_CI
7,2.280833333333333,1.4991666666666668,3.2626666666666666,SM15,4.16650593023299,2.1875751415665703,5.878673036210355
6,3.3425454545454536,2.3376363636363635,4.512909090909091,SM14,5.3001406499347645,3.5479930306378207,6.900569014746012
3,3.4437931034482756,1.646551724137931,5.717241379310345,SM09,6.7132480961156205,2.7719493949702367,9.647625757595529
5,4.210344827586207,1.7641379310344827,7.3310344827586205,SM13,8.677583884294378,3.787519887281349,12.430787419229281
4,4.5321428571428575,1.8896428571428576,7.960000000000001,SM12,9.41490194167887,3.922024349745932,13.508347419281161
2,4.644137931034483,2.4082758620689657,7.307241379310344,SM07,8.30066013162144,3.9300004387119176,11.628322587841144
0,6.358620689655172,2.385172413793104,11.61758620689655,SM02,14.386720409389037,6.28796579134329,20.533965218296416
1,6.438275862068965,2.350344827586207,11.738275862068962,SM04,14.680977487892282,6.44887587103365,20.839317614084433
