,MAE,MAE_lower_CI,MAE_upper_CI,Molecule ID,RMSE,RMSE_lower_CI,RMSE_upper_CI
7,2.280833333333333,1.4936666666666671,3.2260000000000004,SM15,4.16650593023299,2.1918922570844277,5.826025946846901
6,3.3425454545454536,2.3299999999999996,4.506545454545455,SM14,5.3001406499347645,3.551206965116354,6.88182415035168
3,3.4437931034482756,1.6279310344827584,5.806206896551725,SM09,6.7132480961156205,2.6896775861135067,9.740035580194165
5,4.210344827586207,1.8065517241379316,7.2317241379310335,SM13,8.677583884294378,3.938933428191461,12.332282977951644
4,4.5321428571428575,1.8864285714285711,7.835,SM12,9.41490194167887,3.903506665258084,13.419101923324508
2,4.644137931034483,2.4096551724137933,7.314482758620689,SM07,8.30066013162144,3.8809001799706926,11.616963814864107
0,6.358620689655172,2.3713793103448277,11.567931034482758,SM02,14.386720409389037,6.280092246192697,20.455513715849584
1,6.438275862068965,2.333103448275862,11.772413793103446,SM04,14.680977487892282,6.444259139891021,20.893049248411582
