,MAE,MAE_lower_CI,MAE_upper_CI,Molecule ID,RMSE,RMSE_lower_CI,RMSE_upper_CI
0,0.39000000000000024,0.13000000000000025,0.7040000000000003,SM02,0.5129717341140739,0.15905973720586886,0.7915554307816987
3,0.54,0.03000000000000025,0.8700000000000001,SM09,0.652226954364813,0.03000000000000025,0.8700000000000001
4,0.5733333333333333,0.07000000000000028,1.04,SM12,0.6972804313904125,0.07000000000000028,1.04
7,0.6379999999999999,0.2919999999999999,1.115,SM15,0.9432815062323653,0.3139904457145155,1.4836576424499015
1,0.6459999999999997,0.5079999999999995,0.7939999999999996,SM04,0.667098193671666,0.5126792369503568,0.808616101744208
2,0.68,0.5,0.9699999999999998,SM07,0.7108211214269499,0.5,0.9699999999999998
6,0.8150000000000001,0.46800000000000014,1.222,SM14,1.020886869344493,0.5933127337248039,1.4428790663115187
5,0.994,0.5500000000000002,1.3319999999999999,SM13,1.0982986843295406,0.7327482514479303,1.3435773144854748
