{"xvxzd":{"name":"Full quantum chemical calculation of free energies and fit to experimental pKa","RMSE":0.6800760607,"RMSE_lower_bound":0.5419791318,"RMSE_upper_bound":0.8147265249,"MAE":0.5786206897,"MAE_lower_bound":0.4475862069,"MAE_upper_bound":0.714137931,"ME":0.2351724138,"ME_lower_bound":0.0006896552,"ME_upper_bound":0.4575862069,"R2":0.9373019916,"R2_lower_bound":0.876853202,"R2_upper_bound":0.9724320287,"m":0.9231109184,"m_lower_bound":0.836433781,"m_upper_bound":1.0151534173},"gyuhx":{"name":"S+pKa","RMSE":0.7299817349,"RMSE_lower_bound":0.5484128615,"RMSE_upper_bound":0.9177980896,"MAE":0.5786666667,"MAE_lower_bound":0.4266666667,"MAE_upper_bound":0.7483333333,"ME":0.0093333333,"ME_lower_bound":-0.2663333333,"ME_upper_bound":0.2663333333,"R2":0.9251270636,"R2_lower_bound":0.8676276423,"R2_upper_bound":0.9632251522,"m":0.9962866624,"m_lower_bound":0.9115955363,"m_upper_bound":1.1119450322},"xmyhm":{"name":"ACD\/pKa Classic","RMSE":0.7739142933,"RMSE_lower_bound":0.4942131794,"RMSE_upper_bound":1.0293104488,"MAE":0.5456666667,"MAE_lower_bound":0.363,"MAE_upper_bound":0.7566666667,"ME":0.1016666667,"ME_lower_bound":-0.1663333333,"ME_upper_bound":0.3723333333,"R2":0.9158505204,"R2_lower_bound":0.8304457611,"R2_upper_bound":0.9683600388,"m":0.9808632721,"m_lower_bound":0.8694261934,"m_upper_bound":1.1060816579},"yqkga":{"name":"ReSCoSS conformations \/\/ COSMOtherm pKa","RMSE":0.9025944087,"RMSE_lower_bound":0.6842002631,"RMSE_upper_bound":1.1205251745,"MAE":0.7096666667,"MAE_lower_bound":0.5166666667,"MAE_upper_bound":0.917,"ME":-0.2883333333,"ME_lower_bound":-0.5803333333,"ME_upper_bound":0.0266666667,"R2":0.9006140699,"R2_lower_bound":0.8226836819,"R2_upper_bound":0.9543465882,"m":0.9998455094,"m_lower_bound":0.8669195041,"m_upper_bound":1.1253635706},"nb007":{"name":"Epik-sequential","RMSE":0.9682075224,"RMSE_lower_bound":0.7627179752,"RMSE_upper_bound":1.1698497284,"MAE":0.8103225806,"MAE_lower_bound":0.6264516129,"MAE_upper_bound":1.0003225806,"ME":0.0251612903,"ME_lower_bound":-0.3225806452,"ME_upper_bound":0.3558064516,"R2":0.8706802643,"R2_lower_bound":0.7621197718,"R2_upper_bound":0.934195377,"m":0.8735985126,"m_lower_bound":0.787460663,"m_upper_bound":0.9787894959},"8xt50":{"name":"ReSCoSS conformations \/\/ DSD-BLYP-D3 reranking \/\/ COSMOtherm pKa","RMSE":1.0714295545,"RMSE_lower_bound":0.7788163061,"RMSE_upper_bound":1.3571352656,"MAE":0.8141935484,"MAE_lower_bound":0.5735483871,"MAE_upper_bound":1.0648387097,"ME":-0.4748387097,"ME_lower_bound":-0.8119354839,"ME_upper_bound":-0.1480645161,"R2":0.9055345285,"R2_lower_bound":0.8420453982,"R2_upper_bound":0.9521427301,"m":1.0781105731,"m_lower_bound":0.9352787537,"m_upper_bound":1.2186384444},"nb015":{"name":"Chemicalize v18.23","RMSE":1.2722560607,"RMSE_lower_bound":0.9853785911,"RMSE_upper_bound":1.5667770494,"MAE":1.0441935484,"MAE_lower_bound":0.7967741935,"MAE_upper_bound":1.31,"ME":0.1287096774,"ME_lower_bound":-0.3312903226,"ME_upper_bound":0.5651612903,"R2":0.8737053783,"R2_lower_bound":0.7959893256,"R2_upper_bound":0.9314377914,"m":1.1616241785,"m_lower_bound":0.934667143,"m_upper_bound":1.3375332107},"nb014":{"name":"Chemicalize v18.12","RMSE":1.2777988887,"RMSE_lower_bound":0.9763640032,"RMSE_upper_bound":1.5849237626,"MAE":1.033,"MAE_lower_bound":0.7746666667,"MAE_upper_bound":1.3143333333,"ME":0.165,"ME_lower_bound":-0.3066666667,"ME_upper_bound":0.6143333333,"R2":0.8768740759,"R2_lower_bound":0.7935401484,"R2_upper_bound":0.9355684879,"m":1.199899618,"m_lower_bound":0.9651282737,"m_upper_bound":1.3842950714},"p0jba":{"name":"macroscopic pKa prediction from microscopic pKa predicted with Gaussian and separate fitting for neutral to negative and for positive to neutral transformations","RMSE":1.314747124,"RMSE_lower_bound":0.7081242829,"RMSE_upper_bound":1.72756476,"MAE":1.084,"MAE_lower_bound":0.428,"MAE_upper_bound":1.72,"ME":-0.924,"ME_lower_bound":-1.72,"ME_upper_bound":-0.108,"R2":0.9099462335,"R2_lower_bound":0.5221912357,"R2_upper_bound":1.0,"m":1.184586283,"m_lower_bound":0.3553387266,"m_upper_bound":1.7240765465},"37xm8":{"name":"ACD\/pKa GALAS","RMSE":1.3576704186,"RMSE_lower_bound":0.8475237765,"RMSE_upper_bound":1.816188696,"MAE":0.9551724138,"MAE_lower_bound":0.6324137931,"MAE_upper_bound":1.3431034483,"ME":-0.1013793103,"ME_lower_bound":-0.5934482759,"ME_upper_bound":0.39,"R2":0.8536244441,"R2_lower_bound":0.7256892784,"R2_upper_bound":0.9381112389,"m":1.1708690403,"m_lower_bound":0.99638027,"m_upper_bound":1.3553472099},"hytjn":{"name":"OE Gaussian Process","RMSE":1.4336741012,"RMSE_lower_bound":0.9756609481,"RMSE_upper_bound":1.8251213267,"MAE":1.0335714286,"MAE_lower_bound":0.6839285714,"MAE_upper_bound":1.4110714286,"ME":0.24,"ME_lower_bound":-0.27,"ME_upper_bound":0.7646428571,"R2":0.6754901214,"R2_lower_bound":0.4222011282,"R2_upper_bound":0.8539333559,"m":0.8494819276,"m_lower_bound":0.5514858218,"m_upper_bound":1.1009842362},"q3pfp":{"name":"OE Gaussian Process Resampled","RMSE":1.4837416506,"RMSE_lower_bound":1.0496547051,"RMSE_upper_bound":1.8680710066,"MAE":1.1403571429,"MAE_lower_bound":0.8064285714,"MAE_upper_bound":1.5035714286,"ME":0.0903571429,"ME_lower_bound":-0.4464285714,"ME_upper_bound":0.6485714286,"R2":0.6668527012,"R2_lower_bound":0.4293807233,"R2_upper_bound":0.8385126507,"m":0.8864599159,"m_lower_bound":0.5868021522,"m_upper_bound":1.1735856827},"mkhqa":{"name":"EC-RISM\/MP2\/cc-pVTZ-P2-phi-all-2par","RMSE":1.59610817,"RMSE_lower_bound":1.1435146726,"RMSE_upper_bound":2.0412717415,"MAE":1.2387096774,"MAE_lower_bound":0.9061290323,"MAE_upper_bound":1.6132258065,"ME":-0.3161290323,"ME_lower_bound":-0.8835483871,"ME_upper_bound":0.2241935484,"R2":0.8031710687,"R2_lower_bound":0.6657900005,"R2_upper_bound":0.9036220403,"m":1.1397878132,"m_lower_bound":0.978049841,"m_upper_bound":1.3410008389},"2ii2g":{"name":"EC-RISM\/MP2\/cc-pVTZ-P2-q-noThiols-2par","RMSE":1.6829448397,"RMSE_lower_bound":1.2055510497,"RMSE_upper_bound":2.1390862535,"MAE":1.3043333333,"MAE_lower_bound":0.954,"MAE_upper_bound":1.6993333333,"ME":-1.061,"ME_lower_bound":-1.5426666667,"ME_upper_bound":-0.6163333333,"R2":0.8366160062,"R2_lower_bound":0.7306878395,"R2_upper_bound":0.9160879985,"m":1.0727716623,"m_lower_bound":0.9349578703,"m_upper_bound":1.2516486506},"nb001":{"name":"EC-RISM\/MP2\/6-311+G(d,p)-P2-phi-all-2par","RMSE":1.7019361523,"RMSE_lower_bound":1.0541694993,"RMSE_upper_bound":2.3932509271,"MAE":1.2186666667,"MAE_lower_bound":0.8393333333,"MAE_upper_bound":1.6883333333,"ME":0.422,"ME_lower_bound":-0.1393333333,"ME_upper_bound":1.0493333333,"R2":0.7920874494,"R2_lower_bound":0.6800130276,"R2_upper_bound":0.8985917811,"m":1.1921383249,"m_lower_bound":0.9698909605,"m_upper_bound":1.4903202946},"35bdm":{"name":"macroscopic pKa prediction from microscopic pKa predicted with Gaussian and global fitting","RMSE":1.718644815,"RMSE_lower_bound":0.6645750522,"RMSE_upper_bound":2.3379093225,"MAE":1.442,"MAE_lower_bound":0.622,"MAE_upper_bound":2.262,"ME":-1.006,"ME_lower_bound":-2.178,"ME_upper_bound":0.134,"R2":0.9187503813,"R2_lower_bound":0.4629084321,"R2_upper_bound":1.0,"m":1.4460442407,"m_lower_bound":0.7198754383,"m_upper_bound":2.1473876953},"nb002":{"name":"EC-RISM\/MP2\/6-311+G(d,p)-P2-phi-noThiols-2par","RMSE":1.7196598501,"RMSE_lower_bound":1.0726540293,"RMSE_upper_bound":2.4199717629,"MAE":1.2503333333,"MAE_lower_bound":0.8713333333,"MAE_upper_bound":1.721,"ME":0.467,"ME_lower_bound":-0.0963333333,"ME_upper_bound":1.093,"R2":0.794416453,"R2_lower_bound":0.6877019187,"R2_upper_bound":0.9018570387,"m":1.2004139611,"m_lower_bound":0.9736223613,"m_upper_bound":1.4850443234},"ryzue":{"name":"Adiabatic scheme with single point correction for type III submission","RMSE":1.7448056243,"RMSE_lower_bound":1.3641578599,"RMSE_upper_bound":2.105550601,"MAE":1.436,"MAE_lower_bound":1.0883333333,"MAE_upper_bound":1.8023333333,"ME":1.2266666667,"ME_lower_bound":0.775,"ME_upper_bound":1.67,"R2":0.9221684516,"R2_lower_bound":0.8614506997,"R2_upper_bound":0.9622874265,