{"xvxzd":{"name":"Full quantum chemical calculation of free energies and fit to experimental pKa","RMSE":0.6800760607,"RMSE_lower_bound":0.5529014379,"RMSE_upper_bound":0.8178314471,"MAE":0.5786206897,"MAE_lower_bound":0.4548275862,"MAE_upper_bound":0.7131034483,"ME":0.2351724138,"ME_lower_bound":-1.071939472e-16,"ME_upper_bound":0.4696551724,"R2":0.9373019916,"R2_lower_bound":0.8746935883,"R2_upper_bound":0.9726942453,"m":0.9231109184,"m_lower_bound":0.8379411241,"m_upper_bound":1.0214241903},"gyuhx":{"name":"S+pKa","RMSE":0.7299817349,"RMSE_lower_bound":0.5474577609,"RMSE_upper_bound":0.9239246001,"MAE":0.5786666667,"MAE_lower_bound":0.4183333333,"MAE_upper_bound":0.7493333333,"ME":0.0093333333,"ME_lower_bound":-0.2673333333,"ME_upper_bound":0.2826666667,"R2":0.9251270636,"R2_lower_bound":0.8637255258,"R2_upper_bound":0.9639624941,"m":0.9962866624,"m_lower_bound":0.905699098,"m_upper_bound":1.1171955221},"xmyhm":{"name":"ACD\/pKa Classic","RMSE":0.7739142933,"RMSE_lower_bound":0.4988887652,"RMSE_upper_bound":1.0229874551,"MAE":0.5456666667,"MAE_lower_bound":0.369,"MAE_upper_bound":0.7506666667,"ME":0.1016666667,"ME_lower_bound":-0.1836666667,"ME_upper_bound":0.349,"R2":0.9158505204,"R2_lower_bound":0.8177042518,"R2_upper_bound":0.9678506714,"m":0.9808632721,"m_lower_bound":0.870713664,"m_upper_bound":1.112293504},"yqkga":{"name":"ReSCoSS conformations \/\/ COSMOtherm pKa","RMSE":0.9025944087,"RMSE_lower_bound":0.6749493808,"RMSE_upper_bound":1.1245710293,"MAE":0.7096666667,"MAE_lower_bound":0.5116666667,"MAE_upper_bound":0.908,"ME":-0.2883333333,"ME_lower_bound":-0.571,"ME_upper_bound":0.0326666667,"R2":0.9006140699,"R2_lower_bound":0.8208278536,"R2_upper_bound":0.9549840656,"m":0.9998455094,"m_lower_bound":0.8547039817,"m_upper_bound":1.1401429961},"nb007":{"name":"Epik-sequential","RMSE":0.9682075224,"RMSE_lower_bound":0.7549278966,"RMSE_upper_bound":1.1989255943,"MAE":0.8103225806,"MAE_lower_bound":0.6216129032,"MAE_upper_bound":1.0229032258,"ME":0.0251612903,"ME_lower_bound":-0.3341935484,"ME_upper_bound":0.3529032258,"R2":0.8706802643,"R2_lower_bound":0.748132498,"R2_upper_bound":0.9332893014,"m":0.8735985126,"m_lower_bound":0.7901465418,"m_upper_bound":0.9794855725},"8xt50":{"name":"ReSCoSS conformations \/\/ DSD-BLYP-D3 reranking \/\/ COSMOtherm pKa","RMSE":1.0714295545,"RMSE_lower_bound":0.7647643533,"RMSE_upper_bound":1.3617315827,"MAE":0.8141935484,"MAE_lower_bound":0.5748387097,"MAE_upper_bound":1.0725806452,"ME":-0.4748387097,"ME_lower_bound":-0.804516129,"ME_upper_bound":-0.1248387097,"R2":0.9055345285,"R2_lower_bound":0.8441153344,"R2_upper_bound":0.9510094647,"m":1.0781105731,"m_lower_bound":0.9383071676,"m_upper_bound":1.2166915013},"nb015":{"name":"Chemicalize v18.23","RMSE":1.2722560607,"RMSE_lower_bound":0.9915806866,"RMSE_upper_bound":1.597878634,"MAE":1.0441935484,"MAE_lower_bound":0.8025806452,"MAE_upper_bound":1.3448387097,"ME":0.1287096774,"ME_lower_bound":-0.3290322581,"ME_upper_bound":0.5777419355,"R2":0.8737053783,"R2_lower_bound":0.799384501,"R2_upper_bound":0.9337002128,"m":1.1616241785,"m_lower_bound":0.924194344,"m_upper_bound":1.370637626},"p0jba":{"name":"macroscopic pKa prediction from microscopic pKa predicted with Gaussian and separate fitting for neutral to negative and for positive to neutral transformations","RMSE":1.314747124,"RMSE_lower_bound":0.7081242829,"RMSE_upper_bound":1.72756476,"MAE":1.084,"MAE_lower_bound":0.448,"MAE_upper_bound":1.72,"ME":-0.924,"ME_lower_bound":-1.72,"ME_upper_bound":-0.108,"R2":0.9099462335,"R2_lower_bound":0.5085281288,"R2_upper_bound":1.0,"m":1.184586283,"m_lower_bound":0.3388955204,"m_upper_bound":1.7169354839},"37xm8":{"name":"ACD\/pKa GALAS","RMSE":1.3576704186,"RMSE_lower_bound":0.8163649454,"RMSE_upper_bound":1.8356160293,"MAE":0.9551724138,"MAE_lower_bound":0.6231034483,"MAE_upper_bound":1.3417241379,"ME":-0.1013793103,"ME_lower_bound":-0.5796551724,"ME_upper_bound":0.4489655172,"R2":0.8536244441,"R2_lower_bound":0.7372184192,"R2_upper_bound":0.939903857,"m":1.1708690403,"m_lower_bound":1.0094965107,"m_upper_bound":1.3780507545},"hytjn":{"name":"OE Gaussian Process","RMSE":1.4336741012,"RMSE_lower_bound":0.9779953988,"RMSE_upper_bound":1.8179884881,"MAE":1.0335714286,"MAE_lower_bound":0.6803571429,"MAE_upper_bound":1.4110714286,"ME":0.24,"ME_lower_bound":-0.3085714286,"ME_upper_bound":0.7942857143,"R2":0.6754901214,"R2_lower_bound":0.432692531,"R2_upper_bound":0.8578662062,"m":0.8494819276,"m_lower_bound":0.566287581,"m_upper_bound":1.0869918116},"q3pfp":{"name":"OE Gaussian Process Resampled","RMSE":1.4837416506,"RMSE_lower_bound":1.0411034668,"RMSE_upper_bound":1.8499913127,"MAE":1.1403571429,"MAE_lower_bound":0.7885714286,"MAE_upper_bound":1.4964285714,"ME":0.0903571429,"ME_lower_bound":-0.485,"ME_upper_bound":0.6075,"R2":0.6668527012,"R2_lower_bound":0.4307943482,"R2_upper_bound":0.844083236,"m":0.8864599159,"m_lower_bound":0.5962564326,"m_upper_bound":1.164036911},"mkhqa":{"name":"EC-RISM\/MP2\/cc-pVTZ-P2-phi-all-2par","RMSE":1.59610817,"RMSE_lower_bound":1.1105868835,"RMSE_upper_bound":2.070666092,"MAE":1.2387096774,"MAE_lower_bound":0.8964516129,"MAE_upper_bound":1.6183870968,"ME":-0.3161290323,"ME_lower_bound":-0.8961290323,"ME_upper_bound":0.2406451613,"R2":0.8031710687,"R2_lower_bound":0.6675759871,"R2_upper_bound":0.9073988845,"m":1.1397878132,"m_lower_bound":0.9641557472,"m_upper_bound":1.333107434},"2ii2g":{"name":"EC-RISM\/MP2\/cc-pVTZ-P2-q-noThiols-2par","RMSE":1.6829448397,"RMSE_lower_bound":1.1900938338,"RMSE_upper_bound":2.1565721257,"MAE":1.3043333333,"MAE_lower_bound":0.946,"MAE_upper_bound":1.729,"ME":-1.061,"ME_lower_bound":-1.5103333333,"ME_upper_bound":-0.5776666667,"R2":0.8366160062,"R2_lower_bound":0.7275946304,"R2_upper_bound":0.9183104482,"m":1.0727716623,"m_lower_bound":0.9292460307,"m_upper_bound":1.2665580581},"nb001":{"name":"EC-RISM\/MP2\/6-311+G(d,p)-P2-phi-all-2par","RMSE":1.7019361523,"RMSE_lower_bound":1.0503380408,"RMSE_upper_bound":2.426877967,"MAE":1.2186666667,"MAE_lower_bound":0.8456666667,"MAE_upper_bound":1.702,"ME":0.422,"ME_lower_bound":-0.1063333333,"ME_upper_bound":1.0153333333,"R2":0.7920874494,"R2_lower_bound":0.6905004908,"R2_upper_bound":0.8951914003,"m":1.1921383249,"m_lower_bound":0.9611261939,"m_upper_bound":1.4794767054},"35bdm":{"name":"macroscopic pKa prediction from microscopic pKa predicted with Gaussian and global fitting","RMSE":1.718644815,"RMSE_lower_bound":0.6660930866,"RMSE_upper_bound":2.3722773868,"MAE":1.442,"MAE_lower_bound":0.624,"MAE_upper_bound":2.262,"ME":-1.006,"ME_lower_bound":-2.178,"ME_upper_bound":0.134,"R2":0.9187503813,"R2_lower_bound":0.4629084321,"R2_upper_bound":1.0,"m":1.4460442407,"m_lower_bound":0.7345644469,"m_upper_bound":2.3046357616},"nb002":{"name":"EC-RISM\/MP2\/6-311+G(d,p)-P2-phi-noThiols-2par","RMSE":1.7196598501,"RMSE_lower_bound":1.0741213463,"RMSE_upper_bound":2.4213171347,"MAE":1.2503333333,"MAE_lower_bound":0.872,"MAE_upper_bound":1.7366666667,"ME":0.467,"ME_lower_bound":-0.0543333333,"ME_upper_bound":1.134,"R2":0.794416453,"R2_lower_bound":0.6897917444,"R2_upper_bound":0.9029163707,"m":1.2004139611,"m_lower_bound":0.9786902123,"m_upper_bound":1.4915038442},"ryzue":{"name":"Adiabatic scheme with single point correction for type III submission","RMSE":1.7448056243,"RMSE_lower_bound":1.364496244,"RMSE_upper_bound":2.0978806766,"MAE":1.436,"MAE_lower_bound":1.109,"MAE_upper_bound":1.78,"ME":1.2266666667,"ME_lower_bound":0.786,"ME_upper_bound":1.6573333333,"R2":0.9221684516,"R2_lower_bound":0.8571904103,"R2_upper_bound":0.9636052126,"m":1.2994463606,"m_lower_bound":1.1254657948,"m_upper_bound":1.4754117644},"yc70m":{"name":"PCM\/B3LYP\/6-311+G(d,p)","RMSE":1.8777269825,"RMSE_lower_bound":1.5944732132,"RMSE_upper_bound":2.1450665129,"MAE":1.674137931,"MAE_lower_bound":1.3817241379,"MAE_upper_bound":1.985862069,"ME":-0.6879310345,"ME_lower_bound":-1.2924137931,"ME_upper_bound":-0.094137931,"R2":0.5313500782,"R2_lower_bound":0.3297921999,"R2_upper_bound":0.7230336649,