{"xvxzd":{"name":"Full quantum chemical calculation of free energies and fit to experimental pKa","RMSE":0.6800760607,"RMSE_lower_bound":0.5359876478,"RMSE_upper_bound":0.8089094404,"MAE":0.5786206897,"MAE_lower_bound":0.4475862069,"MAE_upper_bound":0.7117241379,"ME":0.2351724138,"ME_lower_bound":0.0117241379,"ME_upper_bound":0.4527586207,"R2":0.9373019916,"R2_lower_bound":0.8816380291,"R2_upper_bound":0.9722883789,"m":0.9231109184,"m_lower_bound":0.8367586502,"m_upper_bound":1.016593779},"gyuhx":{"name":"S+pKa","RMSE":0.7299817349,"RMSE_lower_bound":0.5546320101,"RMSE_upper_bound":0.9150264113,"MAE":0.5786666667,"MAE_lower_bound":0.429,"MAE_upper_bound":0.75,"ME":0.0093333333,"ME_lower_bound":-0.2603333333,"ME_upper_bound":0.2713333333,"R2":0.9251270636,"R2_lower_bound":0.8706300698,"R2_upper_bound":0.96315358,"m":0.9962866624,"m_lower_bound":0.9110757649,"m_upper_bound":1.1095877191},"xmyhm":{"name":"ACD\/pKa Classic","RMSE":0.7739142933,"RMSE_lower_bound":0.4928657694,"RMSE_upper_bound":1.0499555546,"MAE":0.5456666667,"MAE_lower_bound":0.3626666667,"MAE_upper_bound":0.771,"ME":0.1016666667,"ME_lower_bound":-0.1936666667,"ME_upper_bound":0.3706666667,"R2":0.9158505204,"R2_lower_bound":0.8327727476,"R2_upper_bound":0.9707301311,"m":0.9808632721,"m_lower_bound":0.8684758433,"m_upper_bound":1.1157867485},"yqkga":{"name":"ReSCoSS conformations \/\/ COSMOtherm pKa","RMSE":0.9025944087,"RMSE_lower_bound":0.6800196076,"RMSE_upper_bound":1.1271749347,"MAE":0.7096666667,"MAE_lower_bound":0.524,"MAE_upper_bound":0.9346666667,"ME":-0.2883333333,"ME_lower_bound":-0.5993333333,"ME_upper_bound":0.0296666667,"R2":0.9006140699,"R2_lower_bound":0.8180784176,"R2_upper_bound":0.9526710987,"m":0.9998455094,"m_lower_bound":0.8804161139,"m_upper_bound":1.1416045083},"nb007":{"name":"Epik-sequential","RMSE":0.9682075224,"RMSE_lower_bound":0.7633605667,"RMSE_upper_bound":1.1934931112,"MAE":0.8103225806,"MAE_lower_bound":0.6325806452,"MAE_upper_bound":1.0035483871,"ME":0.0251612903,"ME_lower_bound":-0.3406451613,"ME_upper_bound":0.3751612903,"R2":0.8706802643,"R2_lower_bound":0.764520134,"R2_upper_bound":0.9344179082,"m":0.8735985126,"m_lower_bound":0.7840121467,"m_upper_bound":0.9788482511},"8xt50":{"name":"ReSCoSS conformations \/\/ DSD-BLYP-D3 reranking \/\/ COSMOtherm pKa","RMSE":1.0714295545,"RMSE_lower_bound":0.7725178774,"RMSE_upper_bound":1.3663809038,"MAE":0.8141935484,"MAE_lower_bound":0.5719354839,"MAE_upper_bound":1.065483871,"ME":-0.4748387097,"ME_lower_bound":-0.8222580645,"ME_upper_bound":-0.1509677419,"R2":0.9055345285,"R2_lower_bound":0.8374455683,"R2_upper_bound":0.9517325549,"m":1.0781105731,"m_lower_bound":0.9322367924,"m_upper_bound":1.2239298256},"p0jba":{"name":"macroscopic pKa prediction from microscopic pKa predicted with Gaussian and separate fitting for neutral to negative and for positive to neutral transformations","RMSE":1.314747124,"RMSE_lower_bound":0.6874881817,"RMSE_upper_bound":1.72756476,"MAE":1.084,"MAE_lower_bound":0.428,"MAE_upper_bound":1.72,"ME":-0.924,"ME_lower_bound":-1.72,"ME_upper_bound":-0.056,"R2":0.9099462335,"R2_lower_bound":0.5085281288,"R2_upper_bound":1.0,"m":1.184586283,"m_lower_bound":0.3388955204,"m_upper_bound":1.7240765465},"37xm8":{"name":"ACD\/pKa GALAS","RMSE":1.3576704186,"RMSE_lower_bound":0.8707468059,"RMSE_upper_bound":1.835332348,"MAE":0.9551724138,"MAE_lower_bound":0.6675862069,"MAE_upper_bound":1.3520689655,"ME":-0.1013793103,"ME_lower_bound":-0.58,"ME_upper_bound":0.4337931034,"R2":0.8536244441,"R2_lower_bound":0.7295448511,"R2_upper_bound":0.9392344972,"m":1.1708690403,"m_lower_bound":1.0102009033,"m_upper_bound":1.3680749188},"hytjn":{"name":"OE Gaussian Process","RMSE":1.4336741012,"RMSE_lower_bound":0.9561940927,"RMSE_upper_bound":1.8187417157,"MAE":1.0335714286,"MAE_lower_bound":0.6710714286,"MAE_upper_bound":1.4139285714,"ME":0.24,"ME_lower_bound":-0.2953571429,"ME_upper_bound":0.7871428571,"R2":0.6754901214,"R2_lower_bound":0.4216114903,"R2_upper_bound":0.8655574667,"m":0.8494819276,"m_lower_bound":0.5339895691,"m_upper_bound":1.1074091097},"q3pfp":{"name":"OE Gaussian Process Resampled","RMSE":1.4837416506,"RMSE_lower_bound":1.0724438047,"RMSE_upper_bound":1.8648573289,"MAE":1.1403571429,"MAE_lower_bound":0.8089285714,"MAE_upper_bound":1.5085714286,"ME":0.0903571429,"ME_lower_bound":-0.4314285714,"ME_upper_bound":0.6810714286,"R2":0.6668527012,"R2_lower_bound":0.415737986,"R2_upper_bound":0.8406352036,"m":0.8864599159,"m_lower_bound":0.5599479959,"m_upper_bound":1.1748392214},"mkhqa":{"name":"EC-RISM\/MP2\/cc-pVTZ-P2-phi-all-2par","RMSE":1.59610817,"RMSE_lower_bound":1.1228649992,"RMSE_upper_bound":2.0810814496,"MAE":1.2387096774,"MAE_lower_bound":0.8938709677,"MAE_upper_bound":1.6609677419,"ME":-0.3161290323,"ME_lower_bound":-0.9006451613,"ME_upper_bound":0.2080645161,"R2":0.8031710687,"R2_lower_bound":0.6686275533,"R2_upper_bound":0.9051265702,"m":1.1397878132,"m_lower_bound":0.9799884828,"m_upper_bound":1.3454075202},"2ii2g":{"name":"EC-RISM\/MP2\/cc-pVTZ-P2-q-noThiols-2par","RMSE":1.6829448397,"RMSE_lower_bound":1.2023754267,"RMSE_upper_bound":2.1307932795,"MAE":1.3043333333,"MAE_lower_bound":0.9536666667,"MAE_upper_bound":1.7003333333,"ME":-1.061,"ME_lower_bound":-1.5166666667,"ME_upper_bound":-0.6383333333,"R2":0.8366160062,"R2_lower_bound":0.7272365292,"R2_upper_bound":0.9207416712,"m":1.0727716623,"m_lower_bound":0.9238967235,"m_upper_bound":1.2676171922},"nb001":{"name":"EC-RISM\/MP2\/6-311+G(d,p)-P2-phi-all-2par","RMSE":1.7019361523,"RMSE_lower_bound":1.0773671612,"RMSE_upper_bound":2.4711023181,"MAE":1.2186666667,"MAE_lower_bound":0.8473333333,"MAE_upper_bound":1.7143333333,"ME":0.422,"ME_lower_bound":-0.1466666667,"ME_upper_bound":1.0783333333,"R2":0.7920874494,"R2_lower_bound":0.6790718477,"R2_upper_bound":0.8937318902,"m":1.1921383249,"m_lower_bound":0.973475696,"m_upper_bound":1.4952335379},"35bdm":{"name":"macroscopic pKa prediction from microscopic pKa predicted with Gaussian and global fitting","RMSE":1.718644815,"RMSE_lower_bound":0.6645750522,"RMSE_upper_bound":2.3379093225,"MAE":1.442,"MAE_lower_bound":0.622,"MAE_upper_bound":2.262,"ME":-1.006,"ME_lower_bound":-2.146,"ME_upper_bound":0.136,"R2":0.9187503813,"R2_lower_bound":0.4629084321,"R2_upper_bound":1.0,"m":1.4460442407,"m_lower_bound":0.7345644469,"m_upper_bound":2.3046357616},"nb002":{"name":"EC-RISM\/MP2\/6-311+G(d,p)-P2-phi-noThiols-2par","RMSE":1.7196598501,"RMSE_lower_bound":1.0986279322,"RMSE_upper_bound":2.473617459,"MAE":1.2503333333,"MAE_lower_bound":0.8823333333,"MAE_upper_bound":1.7396666667,"ME":0.467,"ME_lower_bound":-0.0976666667,"ME_upper_bound":1.1493333333,"R2":0.794416453,"R2_lower_bound":0.6935858633,"R2_upper_bound":0.9023699111,"m":1.2004139611,"m_lower_bound":0.9723657714,"m_upper_bound":1.5046608849},"ryzue":{"name":"Adiabatic scheme with single point correction for type III submission","RMSE":1.7448056243,"RMSE_lower_bound":1.377569115,"RMSE_upper_bound":2.098636065,"MAE":1.436,"MAE_lower_bound":1.076,"MAE_upper_bound":1.8146666667,"ME":1.2266666667,"ME_lower_bound":0.7796666667,"ME_upper_bound":1.66,"R2":0.9221684516,"R2_lower_bound":0.8657245346,"R2_upper_bound":0.9632996886,"m":1.2994463606,"m_lower_bound":1.1293706054,"m_upper_bound":1.4769071213},"yc70m":{"name":"PCM\/B3LYP\/6-311+G(d,p)","RMSE":1.8777269825,"RMSE_lower_bound":1.5905160733,"RMSE_upper_bound":2.1354673235,"MAE":1.674137931,"MAE_lower_bound":1.3534482759,"MAE_upper_bound":1.9768965517,"ME":-0.6879310345,"ME_lower_bound":-1.3075862069,"ME_upper_bound":-0.0024137931,"R2":0.5313500782,"R2_lower_bound":0.3502812097,"R2_upper_bound":0.7323344719,"m":0.6700437459,"m_lower_bound":0.4211980467,"m_upper_bound":0.9938590864},"5byn6":{"name":"Adiabatic scheme for type III submission","RMSE":1.8907635142,"RMSE_lower_bound":1.469911562,"RMSE_upper_bound":2.2705175621,"MAE":1.5533333333,"MAE_lower_bound":1.1503333333,"MAE_upper_bound":1.9533333333,"ME":1.2733333333,"ME_lower_bound":0.7373333333,"ME_upper_bound":1.7866666667,