{"xvxzd":{"name":"Full quantum chemical calculation of free energies and fit to experimental pKa","RMSE":0.6800760607,"RMSE_lower_bound":0.5461084899,"RMSE_upper_bound":0.8115098742,"MAE":0.5786206897,"MAE_lower_bound":0.4510344828,"MAE_upper_bound":0.7117241379,"ME":0.2351724138,"ME_lower_bound":-0.0020689655,"ME_upper_bound":0.4606896552,"R2":0.9373019916,"R2_lower_bound":0.8780903746,"R2_upper_bound":0.9724172827,"m":0.9231109184,"m_lower_bound":0.8370109947,"m_upper_bound":1.0161125919},"gyuhx":{"name":"S+pKa","RMSE":0.7299817349,"RMSE_lower_bound":0.5462844192,"RMSE_upper_bound":0.912717554,"MAE":0.5786666667,"MAE_lower_bound":0.427,"MAE_upper_bound":0.749,"ME":0.0093333333,"ME_lower_bound":-0.2543333333,"ME_upper_bound":0.2633333333,"R2":0.9251270636,"R2_lower_bound":0.8667974291,"R2_upper_bound":0.9636830227,"m":0.9962866624,"m_lower_bound":0.9099514726,"m_upper_bound":1.1089516921},"xmyhm":{"name":"ACD\/pKa Classic","RMSE":0.7739142933,"RMSE_lower_bound":0.4931970532,"RMSE_upper_bound":1.0301779782,"MAE":0.5456666667,"MAE_lower_bound":0.3596666667,"MAE_upper_bound":0.759,"ME":0.1016666667,"ME_lower_bound":-0.1803333333,"ME_upper_bound":0.3743333333,"R2":0.9158505204,"R2_lower_bound":0.8307197179,"R2_upper_bound":0.9701860026,"m":0.9808632721,"m_lower_bound":0.869497595,"m_upper_bound":1.105815266},"yqkga":{"name":"ReSCoSS conformations \/\/ COSMOtherm pKa","RMSE":0.9025944087,"RMSE_lower_bound":0.6806443026,"RMSE_upper_bound":1.117362967,"MAE":0.7096666667,"MAE_lower_bound":0.5166666667,"MAE_upper_bound":0.915,"ME":-0.2883333333,"ME_lower_bound":-0.5816666667,"ME_upper_bound":0.023,"R2":0.9006140699,"R2_lower_bound":0.821308868,"R2_upper_bound":0.9528499175,"m":0.9998455094,"m_lower_bound":0.8675806361,"m_upper_bound":1.1225210595},"nb007":{"name":"nb007-976-typeIII-epik_scan-1","RMSE":0.9457511096,"RMSE_lower_bound":0.7311391907,"RMSE_upper_bound":1.1595716673,"MAE":0.7761290323,"MAE_lower_bound":0.5938709677,"MAE_upper_bound":0.9732258065,"ME":0.0451612903,"ME_lower_bound":-0.2967741935,"ME_upper_bound":0.3703225806,"R2":0.8785159089,"R2_lower_bound":0.7595543866,"R2_upper_bound":0.9444147847,"m":0.839671562,"m_lower_bound":0.768617872,"m_upper_bound":0.921801354},"nb010":{"name":"nb010-976-typeIII-epik_microscopic-1","RMSE":1.0280611253,"RMSE_lower_bound":0.7689037022,"RMSE_upper_bound":1.2685132268,"MAE":0.8141935484,"MAE_lower_bound":0.604516129,"MAE_upper_bound":1.044516129,"ME":0.2432258065,"ME_lower_bound":-0.1229032258,"ME_upper_bound":0.5941935484,"R2":0.8690285543,"R2_lower_bound":0.7685847734,"R2_upper_bound":0.9398189855,"m":0.9457522794,"m_lower_bound":0.8233338725,"m_upper_bound":1.0771622623},"8xt50":{"name":"ReSCoSS conformations \/\/ DSD-BLYP-D3 reranking \/\/ COSMOtherm pKa","RMSE":1.0714295545,"RMSE_lower_bound":0.781196353,"RMSE_upper_bound":1.361977926,"MAE":0.8141935484,"MAE_lower_bound":0.5764516129,"MAE_upper_bound":1.0725806452,"ME":-0.4748387097,"ME_lower_bound":-0.8229032258,"ME_upper_bound":-0.1429032258,"R2":0.9055345285,"R2_lower_bound":0.8409050609,"R2_upper_bound":0.9514902077,"m":1.0781105731,"m_lower_bound":0.9355894925,"m_upper_bound":1.2168066041},"nb013":{"name":"nb013-976-typeIII-jaguar-1","RMSE":1.1031158217,"RMSE_lower_bound":0.7104269502,"RMSE_upper_bound":1.4747170314,"MAE":0.8032258065,"MAE_lower_bound":0.5580645161,"MAE_upper_bound":1.0903225806,"ME":-0.1483870968,"ME_lower_bound":-0.555483871,"ME_upper_bound":0.2190322581,"R2":0.883942373,"R2_lower_bound":0.7838310026,"R2_upper_bound":0.9462846358,"m":1.0918429143,"m_lower_bound":0.903977417,"m_upper_bound":1.253921386},"nb015":{"name":"Chemicalize v18.23","RMSE":1.2722560607,"RMSE_lower_bound":0.979990125,"RMSE_upper_bound":1.5685086403,"MAE":1.0441935484,"MAE_lower_bound":0.7958064516,"MAE_upper_bound":1.3080645161,"ME":0.1287096774,"ME_lower_bound":-0.3303225806,"ME_upper_bound":0.5493548387,"R2":0.8737053783,"R2_lower_bound":0.7978409653,"R2_upper_bound":0.9326340345,"m":1.1616241785,"m_lower_bound":0.9420094919,"m_upper_bound":1.3369815937},"p0jba":{"name":"macroscopic pKa prediction from microscopic pKa predicted with Gaussian and separate fitting for neutral to negative and for positive to neutral transformations","RMSE":1.314747124,"RMSE_lower_bound":0.6874881817,"RMSE_upper_bound":1.7175796925,"MAE":1.084,"MAE_lower_bound":0.428,"MAE_upper_bound":1.704,"ME":-0.924,"ME_lower_bound":-1.704,"ME_upper_bound":-0.108,"R2":0.9099462335,"R2_lower_bound":0.5085281288,"R2_upper_bound":1.0,"m":1.184586283,"m_lower_bound":0.3388955204,"m_upper_bound":1.7240765465},"37xm8":{"name":"ACD\/pKa GALAS","RMSE":1.3576704186,"RMSE_lower_bound":0.8458111797,"RMSE_upper_bound":1.8162000877,"MAE":0.9551724138,"MAE_lower_bound":0.64,"MAE_upper_bound":1.3282758621,"ME":-0.1013793103,"ME_lower_bound":-0.5944827586,"ME_upper_bound":0.3875862069,"R2":0.8536244441,"R2_lower_bound":0.7313951929,"R2_upper_bound":0.9393717296,"m":1.1708690403,"m_lower_bound":0.9962735646,"m_upper_bound":1.349609173},"hytjn":{"name":"OE Gaussian Process","RMSE":1.4336741012,"RMSE_lower_bound":0.9848749014,"RMSE_upper_bound":1.8282954591,"MAE":1.0335714286,"MAE_lower_bound":0.6871428571,"MAE_upper_bound":1.4217857143,"ME":0.24,"ME_lower_bound":-0.2803571429,"ME_upper_bound":0.7667857143,"R2":0.6754901214,"R2_lower_bound":0.4224298706,"R2_upper_bound":0.8509136044,"m":0.8494819276,"m_lower_bound":0.5578685992,"m_upper_bound":1.1001721569},"q3pfp":{"name":"OE Gaussian Process Resampled","RMSE":1.4837416506,"RMSE_lower_bound":1.0609109967,"RMSE_upper_bound":1.8666318024,"MAE":1.1403571429,"MAE_lower_bound":0.8085714286,"MAE_upper_bound":1.5035714286,"ME":0.0903571429,"ME_lower_bound":-0.4428571429,"ME_upper_bound":0.6410714286,"R2":0.6668527012,"R2_lower_bound":0.4298525993,"R2_upper_bound":0.8380282349,"m":0.8864599159,"m_lower_bound":0.58709534,"m_upper_bound":1.1780743916},"mkhqa":{"name":"EC-RISM\/MP2\/cc-pVTZ-P2-phi-all-2par","RMSE":1.59610817,"RMSE_lower_bound":1.1367440771,"RMSE_upper_bound":2.0422623445,"MAE":1.2387096774,"MAE_lower_bound":0.9029032258,"MAE_upper_bound":1.6148387097,"ME":-0.3161290323,"ME_lower_bound":-0.8790322581,"ME_upper_bound":0.215483871,"R2":0.8031710687,"R2_lower_bound":0.6715213065,"R2_upper_bound":0.9033545808,"m":1.1397878132,"m_lower_bound":0.9776930853,"m_upper_bound":1.3377334994},"2ii2g":{"name":"EC-RISM\/MP2\/cc-pVTZ-P2-q-noThiols-2par","RMSE":1.6829448397,"RMSE_lower_bound":1.2000847192,"RMSE_upper_bound":2.125379966,"MAE":1.3043333333,"MAE_lower_bound":0.9523333333,"MAE_upper_bound":1.6943333333,"ME":-1.061,"ME_lower_bound":-1.5276666667,"ME_upper_bound":-0.616,"R2":0.8366160062,"R2_lower_bound":0.7293004211,"R2_upper_bound":0.915687894,"m":1.0727716623,"m_lower_bound":0.9323599656,"m_upper_bound":1.2495583969},"nb001":{"name":"EC-RISM\/MP2\/6-311+G(d,p)-P2-phi-all-2par","RMSE":1.7019361523,"RMSE_lower_bound":1.0566771819,"RMSE_upper_bound":2.3998152707,"MAE":1.2186666667,"MAE_lower_bound":0.844,"MAE_upper_bound":1.6883333333,"ME":0.422,"ME_lower_bound":-0.1366666667,"ME_upper_bound":1.027,"R2":0.7920874494,"R2_lower_bound":0.6884488552,"R2_upper_bound":0.8992155165,"m":1.1921383249,"m_lower_bound":0.9698716856,"m_upper_bound":1.4824853023},"35bdm":{"name":"macroscopic pKa prediction from microscopic pKa predicted with Gaussian and global fitting","RMSE":1.718644815,"RMSE_lower_bound":0.6645750522,"RMSE_upper_bound":2.3379093225,"MAE":1.442,"MAE_lower_bound":0.622,"MAE_upper_bound":2.262,"ME":-1.006,"ME_lower_bound":-2.178,"ME_upper_bound":0.134,"R2":0.9187503813,"R2_lower_bound":0.4629084321,"R2_upper_bound":1.0,"m":1.4460442407,"m_lower_bound":0.7198754383,"m_upper_bound":2.1473876953},"nb002":{"name":"EC-RISM\/MP2\/6-311+G(d,p)-P2-phi-noThiols-2par","RMSE":1.7196598501,"RMSE_lower_bound":1.0825078907,"RMSE_upper_bound":2.3976502386,"MAE":1.2503333333,"MAE_lower_bound":0.8833333333,"MAE_upper_bound":1.7206666667,"ME":0.467,"ME_lower_bound":-0.0946666667,"ME_upper_bound":1.086,"R2":0.794416453,"R2_lower_bound":0.6839770645,