{"xvxzd":{"name":"Full quantum chemical calculation of free energies and fit to experimental pKa","RMSE":0.6800760607,"RMSE_lower_bound":0.5461621586,"RMSE_upper_bound":0.8113632632,"MAE":0.5786206897,"MAE_lower_bound":0.4520689655,"MAE_upper_bound":0.7117241379,"ME":0.2351724138,"ME_lower_bound":-0.0006896552,"ME_upper_bound":0.4637931034,"R2":0.9373019916,"R2_lower_bound":0.878021596,"R2_upper_bound":0.9728928077,"m":0.9231109184,"m_lower_bound":0.8360880353,"m_upper_bound":1.01558499},"gyuhx":{"name":"S+pKa","RMSE":0.7299817349,"RMSE_lower_bound":0.5471044995,"RMSE_upper_bound":0.91141648,"MAE":0.5786666667,"MAE_lower_bound":0.4243333333,"MAE_upper_bound":0.7446666667,"ME":0.0093333333,"ME_lower_bound":-0.263,"ME_upper_bound":0.26,"R2":0.9251270636,"R2_lower_bound":0.8707362274,"R2_upper_bound":0.9632274213,"m":0.9962866624,"m_lower_bound":0.9104066742,"m_upper_bound":1.1082838028},"xmyhm":{"name":"ACD\/pKa Classic","RMSE":0.7739142933,"RMSE_lower_bound":0.4944525592,"RMSE_upper_bound":1.0338681412,"MAE":0.5456666667,"MAE_lower_bound":0.367,"MAE_upper_bound":0.7583333333,"ME":0.1016666667,"ME_lower_bound":-0.1776666667,"ME_upper_bound":0.376,"R2":0.9158505204,"R2_lower_bound":0.8311373877,"R2_upper_bound":0.9681586206,"m":0.9808632721,"m_lower_bound":0.8697674437,"m_upper_bound":1.1054888889},"yqkga":{"name":"ReSCoSS conformations \/\/ COSMOtherm pKa","RMSE":0.9025944087,"RMSE_lower_bound":0.6791416151,"RMSE_upper_bound":1.1259795735,"MAE":0.7096666667,"MAE_lower_bound":0.514,"MAE_upper_bound":0.9203333333,"ME":-0.2883333333,"ME_lower_bound":-0.579,"ME_upper_bound":0.0383333333,"R2":0.9006140699,"R2_lower_bound":0.8211993546,"R2_upper_bound":0.953717306,"m":0.9998455094,"m_lower_bound":0.8655895,"m_upper_bound":1.1270981506},"nb007":{"name":"Epik Scan","RMSE":0.9457511096,"RMSE_lower_bound":0.7261275992,"RMSE_upper_bound":1.1522110582,"MAE":0.7761290323,"MAE_lower_bound":0.5870967742,"MAE_upper_bound":0.9674193548,"ME":0.0451612903,"ME_lower_bound":-0.2964516129,"ME_upper_bound":0.3690322581,"R2":0.8785159089,"R2_lower_bound":0.7650040683,"R2_upper_bound":0.9450900634,"m":0.839671562,"m_lower_bound":0.7677930958,"m_upper_bound":0.9231695238},"nb010":{"name":"Epik Microscopic","RMSE":1.0280611253,"RMSE_lower_bound":0.7628110154,"RMSE_upper_bound":1.267183822,"MAE":0.8141935484,"MAE_lower_bound":0.5967741935,"MAE_upper_bound":1.0396774194,"ME":0.2432258065,"ME_lower_bound":-0.1138709677,"ME_upper_bound":0.5941935484,"R2":0.8690285543,"R2_lower_bound":0.7714354739,"R2_upper_bound":0.9404621969,"m":0.9457522794,"m_lower_bound":0.8276987587,"m_upper_bound":1.0798385798},"8xt50":{"name":"ReSCoSS conformations \/\/ DSD-BLYP-D3 reranking \/\/ COSMOtherm pKa","RMSE":1.0714295545,"RMSE_lower_bound":0.784651145,"RMSE_upper_bound":1.366323062,"MAE":0.8141935484,"MAE_lower_bound":0.5806451613,"MAE_upper_bound":1.0761290323,"ME":-0.4748387097,"ME_lower_bound":-0.8193548387,"ME_upper_bound":-0.1409677419,"R2":0.9055345285,"R2_lower_bound":0.8394904928,"R2_upper_bound":0.951768292,"m":1.0781105731,"m_lower_bound":0.9386930179,"m_upper_bound":1.2206237974},"nb013":{"name":"Jaguar","RMSE":1.1031158217,"RMSE_lower_bound":0.7155800715,"RMSE_upper_bound":1.477518626,"MAE":0.8032258065,"MAE_lower_bound":0.5609677419,"MAE_upper_bound":1.0912903226,"ME":-0.1483870968,"ME_lower_bound":-0.5587096774,"ME_upper_bound":0.2122580645,"R2":0.883942373,"R2_lower_bound":0.7829253318,"R2_upper_bound":0.946930923,"m":1.0918429143,"m_lower_bound":0.9041887543,"m_upper_bound":1.2539146935},"nb015":{"name":"Chemicalize v18.23 (ChemAxon MarvinSketch v18.23)","RMSE":1.2722560607,"RMSE_lower_bound":0.9872591581,"RMSE_upper_bound":1.5812438958,"MAE":1.0441935484,"MAE_lower_bound":0.8032258065,"MAE_upper_bound":1.3180645161,"ME":0.1287096774,"ME_lower_bound":-0.3348387097,"ME_upper_bound":0.5596774194,"R2":0.8737053783,"R2_lower_bound":0.7948349438,"R2_upper_bound":0.9327789283,"m":1.1616241785,"m_lower_bound":0.9436481189,"m_upper_bound":1.3405623762},"p0jba":{"name":"macroscopic pKa prediction from microscopic pKa predicted with Gaussian and separate fitting for neutral to negative and for positive to neutral transformations","RMSE":1.314747124,"RMSE_lower_bound":0.6874881817,"RMSE_upper_bound":1.72756476,"MAE":1.084,"MAE_lower_bound":0.428,"MAE_upper_bound":1.72,"ME":-0.924,"ME_lower_bound":-1.72,"ME_upper_bound":-0.108,"R2":0.9099462335,"R2_lower_bound":0.5085281288,"R2_upper_bound":1.0,"m":1.184586283,"m_lower_bound":0.3553387266,"m_upper_bound":1.7240765465},"37xm8":{"name":"ACD\/pKa GALAS","RMSE":1.3576704186,"RMSE_lower_bound":0.8394066049,"RMSE_upper_bound":1.8252170395,"MAE":0.9551724138,"MAE_lower_bound":0.6306896552,"MAE_upper_bound":1.344137931,"ME":-0.1013793103,"ME_lower_bound":-0.5927586207,"ME_upper_bound":0.4068965517,"R2":0.8536244441,"R2_lower_bound":0.7325720941,"R2_upper_bound":0.9388420998,"m":1.1708690403,"m_lower_bound":1.0005536613,"m_upper_bound":1.3547166879},"hytjn":{"name":"OE Gaussian Process","RMSE":1.4336741012,"RMSE_lower_bound":0.9833978994,"RMSE_upper_bound":1.825703387,"MAE":1.0335714286,"MAE_lower_bound":0.6846428571,"MAE_upper_bound":1.4196428571,"ME":0.24,"ME_lower_bound":-0.2767857143,"ME_upper_bound":0.7710714286,"R2":0.6754901214,"R2_lower_bound":0.4205597218,"R2_upper_bound":0.8539542063,"m":0.8494819276,"m_lower_bound":0.5555807822,"m_upper_bound":1.0998295626},"q3pfp":{"name":"OE Gaussian Process Resampled","RMSE":1.4837416506,"RMSE_lower_bound":1.0525716806,"RMSE_upper_bound":1.8630639127,"MAE":1.1403571429,"MAE_lower_bound":0.8046428571,"MAE_upper_bound":1.5046428571,"ME":0.0903571429,"ME_lower_bound":-0.4464285714,"ME_upper_bound":0.64,"R2":0.6668527012,"R2_lower_bound":0.4324668261,"R2_upper_bound":0.8382402175,"m":0.8864599159,"m_lower_bound":0.5882152828,"m_upper_bound":1.1713869319},"mkhqa":{"name":"EC-RISM\/MP2\/cc-pVTZ-P2-phi-all-2par","RMSE":1.59610817,"RMSE_lower_bound":1.1403692102,"RMSE_upper_bound":2.0398798194,"MAE":1.2387096774,"MAE_lower_bound":0.9067741935,"MAE_upper_bound":1.614516129,"ME":-0.3161290323,"ME_lower_bound":-0.8787096774,"ME_upper_bound":0.2290322581,"R2":0.8031710687,"R2_lower_bound":0.6638093139,"R2_upper_bound":0.9029526376,"m":1.1397878132,"m_lower_bound":0.981183473,"m_upper_bound":1.3443881131},"2ii2g":{"name":"EC-RISM\/MP2\/cc-pVTZ-P2-q-noThiols-2par","RMSE":1.6829448397,"RMSE_lower_bound":1.212687099,"RMSE_upper_bound":2.141244965,"MAE":1.3043333333,"MAE_lower_bound":0.9583333333,"MAE_upper_bound":1.7083333333,"ME":-1.061,"ME_lower_bound":-1.5366666667,"ME_upper_bound":-0.6066666667,"R2":0.8366160062,"R2_lower_bound":0.7265975683,"R2_upper_bound":0.9138692668,"m":1.0727716623,"m_lower_bound":0.932755686,"m_upper_bound":1.2473141647},"nb001":{"name":"EC-RISM\/MP2\/6-311+G(d,p)-P2-phi-all-2par","RMSE":1.7019361523,"RMSE_lower_bound":1.0525888719,"RMSE_upper_bound":2.3945013399,"MAE":1.2186666667,"MAE_lower_bound":0.838,"MAE_upper_bound":1.6966666667,"ME":0.422,"ME_lower_bound":-0.1413333333,"ME_upper_bound":1.0513333333,"R2":0.7920874494,"R2_lower_bound":0.6809363568,"R2_upper_bound":0.8995313,"m":1.1921383249,"m_lower_bound":0.9711631852,"m_upper_bound":1.4842666494},"35bdm":{"name":"macroscopic pKa prediction from microscopic pKa predicted with Gaussian and global fitting","RMSE":1.718644815,"RMSE_lower_bound":0.6645750522,"RMSE_upper_bound":2.3379093225,"MAE":1.442,"MAE_lower_bound":0.622,"MAE_upper_bound":2.262,"ME":-1.006,"ME_lower_bound":-2.178,"ME_upper_bound":0.134,"R2":0.9187503813,"R2_lower_bound":0.4629084321,"R2_upper_bound":1.0,"m":1.4460442407,"m_lower_bound":0.7345644469,"m_upper_bound":2.1473876953},"nb002":{"name":"EC-RISM\/MP2\/6-311+G(d,p)-P2-phi-noThiols-2par","RMSE":1.7196598501,"RMSE_lower_bound":1.0894356337,"RMSE_upper_bound":2.4001166638,"MAE":1.2503333333,"MAE_lower_bound":0.8806666667,"MAE_upper_bound":1.7163333333,"ME":0.467,"ME_lower_bound":-0.1026666667,"ME_upper_bound":1.0973333333,"R2":0.794416453,"R2_lower_bound":0.6843794778,"R2_upper_bound":0.8975113705,"m":1.2004139611,