{"xvxzd":{"name":"Full quantum chemical calculation of free energies and fit to experimental pKa","RMSE":0.6800760607,"RMSE_lower_bound":0.5445561305,"RMSE_upper_bound":0.809872276,"MAE":0.5786206897,"MAE_lower_bound":0.4427586207,"MAE_upper_bound":0.7120689655,"ME":0.2351724138,"ME_lower_bound":0.0075862069,"ME_upper_bound":0.4589655172,"R2":0.9373019916,"R2_lower_bound":0.8832352203,"R2_upper_bound":0.9733371515,"m":0.9231109184,"m_lower_bound":0.841054472,"m_upper_bound":1.0217488104},"gyuhx":{"name":"S+pKa","RMSE":0.7299817349,"RMSE_lower_bound":0.5410083179,"RMSE_upper_bound":0.9200289851,"MAE":0.5786666667,"MAE_lower_bound":0.4223333333,"MAE_upper_bound":0.763,"ME":0.0093333333,"ME_lower_bound":-0.245,"ME_upper_bound":0.2593333333,"R2":0.9251270636,"R2_lower_bound":0.8676856869,"R2_upper_bound":0.9640043584,"m":0.9962866624,"m_lower_bound":0.908540025,"m_upper_bound":1.1064909762},"xmyhm":{"name":"ACD\/pKa Classic","RMSE":0.7739142933,"RMSE_lower_bound":0.4798715106,"RMSE_upper_bound":1.0196764193,"MAE":0.5456666667,"MAE_lower_bound":0.358,"MAE_upper_bound":0.7516666667,"ME":0.1016666667,"ME_lower_bound":-0.1906666667,"ME_upper_bound":0.3753333333,"R2":0.9158505204,"R2_lower_bound":0.8423204693,"R2_upper_bound":0.9724788924,"m":0.9808632721,"m_lower_bound":0.8691433525,"m_upper_bound":1.1078099468},"yqkga":{"name":"ReSCoSS conformations \/\/ COSMOtherm pKa","RMSE":0.9025944087,"RMSE_lower_bound":0.678594135,"RMSE_upper_bound":1.1100435427,"MAE":0.7096666667,"MAE_lower_bound":0.5113333333,"MAE_upper_bound":0.917,"ME":-0.2883333333,"ME_lower_bound":-0.5786666667,"ME_upper_bound":0.0316666667,"R2":0.9006140699,"R2_lower_bound":0.8174764208,"R2_upper_bound":0.9533440324,"m":0.9998455094,"m_lower_bound":0.8683858102,"m_upper_bound":1.1283605893},"nb007":{"name":"Epik Scan","RMSE":0.9457511096,"RMSE_lower_bound":0.7258343364,"RMSE_upper_bound":1.1487552871,"MAE":0.7761290323,"MAE_lower_bound":0.5948387097,"MAE_upper_bound":0.9722580645,"ME":0.0451612903,"ME_lower_bound":-0.2696774194,"ME_upper_bound":0.3680645161,"R2":0.8785159089,"R2_lower_bound":0.7595156608,"R2_upper_bound":0.9437199934,"m":0.839671562,"m_lower_bound":0.7701291297,"m_upper_bound":0.9245745645},"nb010":{"name":"Epik Microscopic","RMSE":1.0280611253,"RMSE_lower_bound":0.7675621232,"RMSE_upper_bound":1.2605746258,"MAE":0.8141935484,"MAE_lower_bound":0.5987096774,"MAE_upper_bound":1.0496774194,"ME":0.2432258065,"ME_lower_bound":-0.0987096774,"ME_upper_bound":0.584516129,"R2":0.8690285543,"R2_lower_bound":0.7722246198,"R2_upper_bound":0.9416533793,"m":0.9457522794,"m_lower_bound":0.835491991,"m_upper_bound":1.0812562036},"8xt50":{"name":"ReSCoSS conformations \/\/ DSD-BLYP-D3 reranking \/\/ COSMOtherm pKa","RMSE":1.0714295545,"RMSE_lower_bound":0.7966826381,"RMSE_upper_bound":1.3756476481,"MAE":0.8141935484,"MAE_lower_bound":0.5825806452,"MAE_upper_bound":1.0903225806,"ME":-0.4748387097,"ME_lower_bound":-0.8209677419,"ME_upper_bound":-0.1541935484,"R2":0.9055345285,"R2_lower_bound":0.8381706265,"R2_upper_bound":0.9529140341,"m":1.0781105731,"m_lower_bound":0.9396041043,"m_upper_bound":1.2237458897},"nb013":{"name":"Jaguar","RMSE":1.1031158217,"RMSE_lower_bound":0.7095705198,"RMSE_upper_bound":1.4670103459,"MAE":0.8032258065,"MAE_lower_bound":0.5712903226,"MAE_upper_bound":1.0967741935,"ME":-0.1483870968,"ME_lower_bound":-0.534516129,"ME_upper_bound":0.2306451613,"R2":0.883942373,"R2_lower_bound":0.7863302234,"R2_upper_bound":0.9508982931,"m":1.0918429143,"m_lower_bound":0.9122914841,"m_upper_bound":1.25343934},"nb015":{"name":"Chemicalize v18.23 (ChemAxon MarvinSketch v18.23)","RMSE":1.2722560607,"RMSE_lower_bound":0.9918409082,"RMSE_upper_bound":1.5841045094,"MAE":1.0441935484,"MAE_lower_bound":0.7970967742,"MAE_upper_bound":1.2951612903,"ME":0.1287096774,"ME_lower_bound":-0.3338709677,"ME_upper_bound":0.5632258065,"R2":0.8737053783,"R2_lower_bound":0.7957275393,"R2_upper_bound":0.9320606152,"m":1.1616241785,"m_lower_bound":0.9418645081,"m_upper_bound":1.3463712409},"p0jba":{"name":"macroscopic pKa prediction from microscopic pKa predicted with Gaussian and separate fitting for neutral to negative and for positive to neutral transformations","RMSE":1.314747124,"RMSE_lower_bound":0.6874881817,"RMSE_upper_bound":1.72756476,"MAE":1.084,"MAE_lower_bound":0.376,"MAE_upper_bound":1.72,"ME":-0.924,"ME_lower_bound":-1.704,"ME_upper_bound":-0.056,"R2":0.9099462335,"R2_lower_bound":0.5085281288,"R2_upper_bound":1.0,"m":1.184586283,"m_lower_bound":0.3388955204,"m_upper_bound":1.7913043478},"37xm8":{"name":"ACD\/pKa GALAS","RMSE":1.3576704186,"RMSE_lower_bound":0.8393470369,"RMSE_upper_bound":1.7674909159,"MAE":0.9551724138,"MAE_lower_bound":0.6337931034,"MAE_upper_bound":1.3406896552,"ME":-0.1013793103,"ME_lower_bound":-0.6024137931,"ME_upper_bound":0.3789655172,"R2":0.8536244441,"R2_lower_bound":0.7357793704,"R2_upper_bound":0.9399347824,"m":1.1708690403,"m_lower_bound":0.9886174693,"m_upper_bound":1.3725155787},"hytjn":{"name":"OE Gaussian Process","RMSE":1.4336741012,"RMSE_lower_bound":0.9859241495,"RMSE_upper_bound":1.8314455649,"MAE":1.0335714286,"MAE_lower_bound":0.6725,"MAE_upper_bound":1.4307142857,"ME":0.24,"ME_lower_bound":-0.2785714286,"ME_upper_bound":0.7978571429,"R2":0.6754901214,"R2_lower_bound":0.4145174181,"R2_upper_bound":0.8518825932,"m":0.8494819276,"m_lower_bound":0.5280449103,"m_upper_bound":1.0939992631},"q3pfp":{"name":"OE Gaussian Process Resampled","RMSE":1.4837416506,"RMSE_lower_bound":1.0362828489,"RMSE_upper_bound":1.8794984133,"MAE":1.1403571429,"MAE_lower_bound":0.7971428571,"MAE_upper_bound":1.5128571429,"ME":0.0903571429,"ME_lower_bound":-0.4328571429,"ME_upper_bound":0.6492857143,"R2":0.6668527012,"R2_lower_bound":0.4428082284,"R2_upper_bound":0.8430286251,"m":0.8864599159,"m_lower_bound":0.6066516865,"m_upper_bound":1.1794789929},"mkhqa":{"name":"EC-RISM\/MP2\/cc-pVTZ-P2-phi-all-2par","RMSE":1.59610817,"RMSE_lower_bound":1.1418250812,"RMSE_upper_bound":2.0669620843,"MAE":1.2387096774,"MAE_lower_bound":0.9138709677,"MAE_upper_bound":1.6312903226,"ME":-0.3161290323,"ME_lower_bound":-0.8770967742,"ME_upper_bound":0.215483871,"R2":0.8031710687,"R2_lower_bound":0.6626718171,"R2_upper_bound":0.9054432651,"m":1.1397878132,"m_lower_bound":0.9765326801,"m_upper_bound":1.3561350648},"2ii2g":{"name":"EC-RISM\/MP2\/cc-pVTZ-P2-q-noThiols-2par","RMSE":1.6829448397,"RMSE_lower_bound":1.2107834929,"RMSE_upper_bound":2.1472719126,"MAE":1.3043333333,"MAE_lower_bound":0.9516666667,"MAE_upper_bound":1.7226666667,"ME":-1.061,"ME_lower_bound":-1.5133333333,"ME_upper_bound":-0.6283333333,"R2":0.8366160062,"R2_lower_bound":0.7351028947,"R2_upper_bound":0.9168520327,"m":1.0727716623,"m_lower_bound":0.9272846769,"m_upper_bound":1.247508607},"nb001":{"name":"EC-RISM\/MP2\/6-311+G(d,p)-P2-phi-all-2par","RMSE":1.7019361523,"RMSE_lower_bound":1.0666411455,"RMSE_upper_bound":2.4042115825,"MAE":1.2186666667,"MAE_lower_bound":0.8553333333,"MAE_upper_bound":1.6956666667,"ME":0.422,"ME_lower_bound":-0.1366666667,"ME_upper_bound":1.032,"R2":0.7920874494,"R2_lower_bound":0.6839820897,"R2_upper_bound":0.90154276,"m":1.1921383249,"m_lower_bound":0.9617334188,"m_upper_bound":1.49221906},"35bdm":{"name":"macroscopic pKa prediction from microscopic pKa predicted with Gaussian and global fitting","RMSE":1.718644815,"RMSE_lower_bound":0.6645750522,"RMSE_upper_bound":2.3379093225,"MAE":1.442,"MAE_lower_bound":0.622,"MAE_upper_bound":2.262,"ME":-1.006,"ME_lower_bound":-2.146,"ME_upper_bound":0.134,"R2":0.9187503813,"R2_lower_bound":0.4629084321,"R2_upper_bound":1.0,"m":1.4460442407,"m_lower_bound":0.7345644469,"m_upper_bound":2.1473876953},"nb002":{"name":"EC-RISM\/MP2\/6-311+G(d,p)-P2-phi-noThiols-2par","RMSE":1.7196598501,"RMSE_lower_bound":1.0711924819,"RMSE_upper_bound":2.4391767737,"MAE":1.2503333333,"MAE_lower_bound":0.8723333333,"MAE_upper_bound":1.7586666667,"ME":0.467,"ME_lower_bound":-0.0713333333,"ME_upper_bound":1.0676666667,"R2":0.794416453,"R2_lower_bound":0.689385671,