{"xvxzd":{"name":"Full quantum chemical calculation of free energies and fit to experimental pKa","RMSE":0.6800760607,"RMSE_lower_bound":0.5412405928,"RMSE_upper_bound":0.809203525,"MAE":0.5786206897,"MAE_lower_bound":0.4472413793,"MAE_upper_bound":0.71,"ME":0.2351724138,"ME_lower_bound":-0.0037931034,"ME_upper_bound":0.4593103448,"R2":0.9373019916,"R2_lower_bound":0.8774695762,"R2_upper_bound":0.9725598294,"m":0.9231109184,"m_lower_bound":0.836370002,"m_upper_bound":1.0148080743},"gyuhx":{"name":"S+pKa","RMSE":0.7299817349,"RMSE_lower_bound":0.5467875883,"RMSE_upper_bound":0.9099175787,"MAE":0.5786666667,"MAE_lower_bound":0.426,"MAE_upper_bound":0.742,"ME":0.0093333333,"ME_lower_bound":-0.259,"ME_upper_bound":0.2663333333,"R2":0.9251270636,"R2_lower_bound":0.8679272216,"R2_upper_bound":0.9635552113,"m":0.9962866624,"m_lower_bound":0.9131148891,"m_upper_bound":1.1121067633},"xmyhm":{"name":"ACD\/pKa Classic","RMSE":0.7739142933,"RMSE_lower_bound":0.495519929,"RMSE_upper_bound":1.0263641329,"MAE":0.5456666667,"MAE_lower_bound":0.3653333333,"MAE_upper_bound":0.755,"ME":0.1016666667,"ME_lower_bound":-0.1803333333,"ME_upper_bound":0.3716666667,"R2":0.9158505204,"R2_lower_bound":0.8305550584,"R2_upper_bound":0.9689390365,"m":0.9808632721,"m_lower_bound":0.8710578041,"m_upper_bound":1.1071151709},"yqkga":{"name":"ReSCoSS conformations \/\/ COSMOtherm pKa","RMSE":0.9025944087,"RMSE_lower_bound":0.6857599191,"RMSE_upper_bound":1.1127413596,"MAE":0.7096666667,"MAE_lower_bound":0.517,"MAE_upper_bound":0.9116666667,"ME":-0.2883333333,"ME_lower_bound":-0.582,"ME_upper_bound":0.0276666667,"R2":0.9006140699,"R2_lower_bound":0.8219264805,"R2_upper_bound":0.952889431,"m":0.9998455094,"m_lower_bound":0.8681263794,"m_upper_bound":1.1276898131},"nb007":{"name":"Epik Scan","RMSE":0.9457511096,"RMSE_lower_bound":0.7282945168,"RMSE_upper_bound":1.1517322157,"MAE":0.7761290323,"MAE_lower_bound":0.5925806452,"MAE_upper_bound":0.9667741935,"ME":0.0451612903,"ME_lower_bound":-0.2941935484,"ME_upper_bound":0.3664516129,"R2":0.8785159089,"R2_lower_bound":0.7633514384,"R2_upper_bound":0.9456792729,"m":0.839671562,"m_lower_bound":0.7674031398,"m_upper_bound":0.9190312152},"nb010":{"name":"Epik Microscopic","RMSE":1.0280611253,"RMSE_lower_bound":0.7710654547,"RMSE_upper_bound":1.2742625951,"MAE":0.8141935484,"MAE_lower_bound":0.6038709677,"MAE_upper_bound":1.0525806452,"ME":0.2432258065,"ME_lower_bound":-0.1158064516,"ME_upper_bound":0.5896774194,"R2":0.8690285543,"R2_lower_bound":0.7686487233,"R2_upper_bound":0.9396216356,"m":0.9457522794,"m_lower_bound":0.827059206,"m_upper_bound":1.0744831271},"8xt50":{"name":"ReSCoSS conformations \/\/ DSD-BLYP-D3 reranking \/\/ COSMOtherm pKa","RMSE":1.0714295545,"RMSE_lower_bound":0.7873864485,"RMSE_upper_bound":1.3615894412,"MAE":0.8141935484,"MAE_lower_bound":0.5806451613,"MAE_upper_bound":1.0732258065,"ME":-0.4748387097,"ME_lower_bound":-0.8225806452,"ME_upper_bound":-0.144516129,"R2":0.9055345285,"R2_lower_bound":0.8402504518,"R2_upper_bound":0.9520591208,"m":1.0781105731,"m_lower_bound":0.9329475939,"m_upper_bound":1.2180654278},"nb013":{"name":"Jaguar","RMSE":1.1031158217,"RMSE_lower_bound":0.7175495937,"RMSE_upper_bound":1.4784713116,"MAE":0.8032258065,"MAE_lower_bound":0.5632258065,"MAE_upper_bound":1.09,"ME":-0.1483870968,"ME_lower_bound":-0.5567741935,"ME_upper_bound":0.2109677419,"R2":0.883942373,"R2_lower_bound":0.7856111075,"R2_upper_bound":0.9465604237,"m":1.0918429143,"m_lower_bound":0.9065684317,"m_upper_bound":1.2527698721},"nb015":{"name":"Chemicalize v18.23 (ChemAxon MarvinSketch v18.23)","RMSE":1.2722560607,"RMSE_lower_bound":0.9880903707,"RMSE_upper_bound":1.5640662473,"MAE":1.0441935484,"MAE_lower_bound":0.7964516129,"MAE_upper_bound":1.3074193548,"ME":0.1287096774,"ME_lower_bound":-0.3329032258,"ME_upper_bound":0.5541935484,"R2":0.8737053783,"R2_lower_bound":0.7976353898,"R2_upper_bound":0.9323783529,"m":1.1616241785,"m_lower_bound":0.9414177847,"m_upper_bound":1.3399130828},"p0jba":{"name":"macroscopic pKa prediction from microscopic pKa predicted with Gaussian and separate fitting for neutral to negative and for positive to neutral transformations","RMSE":1.314747124,"RMSE_lower_bound":0.6874881817,"RMSE_upper_bound":1.72756476,"MAE":1.084,"MAE_lower_bound":0.428,"MAE_upper_bound":1.72,"ME":-0.924,"ME_lower_bound":-1.72,"ME_upper_bound":-0.108,"R2":0.9099462335,"R2_lower_bound":0.5085281288,"R2_upper_bound":1.0,"m":1.184586283,"m_lower_bound":0.3388955204,"m_upper_bound":1.7240765465},"37xm8":{"name":"ACD\/pKa GALAS","RMSE":1.3576704186,"RMSE_lower_bound":0.8549631974,"RMSE_upper_bound":1.8051907913,"MAE":0.9551724138,"MAE_lower_bound":0.6365517241,"MAE_upper_bound":1.3303448276,"ME":-0.1013793103,"ME_lower_bound":-0.5924137931,"ME_upper_bound":0.3889655172,"R2":0.8536244441,"R2_lower_bound":0.7290347832,"R2_upper_bound":0.9388136913,"m":1.1708690403,"m_lower_bound":1.0002609348,"m_upper_bound":1.3467238136},"hytjn":{"name":"OE Gaussian Process","RMSE":1.4336741012,"RMSE_lower_bound":0.9768370971,"RMSE_upper_bound":1.8220720152,"MAE":1.0335714286,"MAE_lower_bound":0.6825,"MAE_upper_bound":1.4182142857,"ME":0.24,"ME_lower_bound":-0.2596428571,"ME_upper_bound":0.7603571429,"R2":0.6754901214,"R2_lower_bound":0.4191423294,"R2_upper_bound":0.853491176,"m":0.8494819276,"m_lower_bound":0.5536020241,"m_upper_bound":1.1038281386},"q3pfp":{"name":"OE Gaussian Process Resampled","RMSE":1.4837416506,"RMSE_lower_bound":1.0549035162,"RMSE_upper_bound":1.8770036913,"MAE":1.1403571429,"MAE_lower_bound":0.8085714286,"MAE_upper_bound":1.515,"ME":0.0903571429,"ME_lower_bound":-0.4496428571,"ME_upper_bound":0.6589285714,"R2":0.6668527012,"R2_lower_bound":0.4292574952,"R2_upper_bound":0.8380839057,"m":0.8864599159,"m_lower_bound":0.5842325811,"m_upper_bound":1.1724446854},"mkhqa":{"name":"EC-RISM\/MP2\/cc-pVTZ-P2-phi-all-2par","RMSE":1.59610817,"RMSE_lower_bound":1.1339809977,"RMSE_upper_bound":2.0450001972,"MAE":1.2387096774,"MAE_lower_bound":0.9041935484,"MAE_upper_bound":1.6148387097,"ME":-0.3161290323,"ME_lower_bound":-0.8838709677,"ME_upper_bound":0.2219354839,"R2":0.8031710687,"R2_lower_bound":0.6679255405,"R2_upper_bound":0.9050967125,"m":1.1397878132,"m_lower_bound":0.9789975641,"m_upper_bound":1.3436068031},"2ii2g":{"name":"EC-RISM\/MP2\/cc-pVTZ-P2-q-noThiols-2par","RMSE":1.6829448397,"RMSE_lower_bound":1.2003430065,"RMSE_upper_bound":2.1397936038,"MAE":1.3043333333,"MAE_lower_bound":0.9466666667,"MAE_upper_bound":1.7066666667,"ME":-1.061,"ME_lower_bound":-1.5536666667,"ME_upper_bound":-0.6106666667,"R2":0.8366160062,"R2_lower_bound":0.7342693334,"R2_upper_bound":0.915326608,"m":1.0727716623,"m_lower_bound":0.9311310755,"m_upper_bound":1.2390001613},"nb001":{"name":"EC-RISM\/MP2\/6-311+G(d,p)-P2-phi-all-2par","RMSE":1.7019361523,"RMSE_lower_bound":1.0661816606,"RMSE_upper_bound":2.3900781019,"MAE":1.2186666667,"MAE_lower_bound":0.8416666667,"MAE_upper_bound":1.6836666667,"ME":0.422,"ME_lower_bound":-0.1266666667,"ME_upper_bound":1.0373333333,"R2":0.7920874494,"R2_lower_bound":0.6879048097,"R2_upper_bound":0.8975515152,"m":1.1921383249,"m_lower_bound":0.9735359351,"m_upper_bound":1.4806335373},"35bdm":{"name":"macroscopic pKa prediction from microscopic pKa predicted with Gaussian and global fitting","RMSE":1.718644815,"RMSE_lower_bound":0.6645750522,"RMSE_upper_bound":2.3379093225,"MAE":1.442,"MAE_lower_bound":0.622,"MAE_upper_bound":2.262,"ME":-1.006,"ME_lower_bound":-2.178,"ME_upper_bound":0.134,"R2":0.9187503813,"R2_lower_bound":0.4629084321,"R2_upper_bound":1.0,"m":1.4460442407,"m_lower_bound":0.7198754383,"m_upper_bound":2.1473876953},"nb002":{"name":"EC-RISM\/MP2\/6-311+G(d,p)-P2-phi-noThiols-2par","RMSE":1.7196598501,"RMSE_lower_bound":1.0800725284,"RMSE_upper_bound":2.4125588076,"MAE":1.2503333333,"MAE_lower_bound":0.8786666667,"MAE_upper_bound":1.7093333333,"ME":0.467,"ME_lower_bound":-0.0976666667,"ME_upper_bound":1.0843333333,"R2":0.794416453,"R2_lower_bound":0.6863979121,"R2_upper_bound":0.9007832616,