{"xvxzd":{"name":"Full quantum chemical calculation of free energies and fit to experimental pKa","RMSE":0.6800760607,"RMSE_lower_bound":0.5470359,"RMSE_upper_bound":0.8148365607,"MAE":0.5786206897,"MAE_lower_bound":0.4513793103,"MAE_upper_bound":0.7144827586,"ME":0.2351724138,"ME_lower_bound":-0.0065517241,"ME_upper_bound":0.4603448276,"R2":0.9373019916,"R2_lower_bound":0.8786181615,"R2_upper_bound":0.9720099736,"m":0.9231109184,"m_lower_bound":0.8370673291,"m_upper_bound":1.0166806637},"gyuhx":{"name":"S+pKa","RMSE":0.7299817349,"RMSE_lower_bound":0.5470709887,"RMSE_upper_bound":0.9139073622,"MAE":0.5786666667,"MAE_lower_bound":0.4253333333,"MAE_upper_bound":0.7426666667,"ME":0.0093333333,"ME_lower_bound":-0.2573333333,"ME_upper_bound":0.262,"R2":0.9251270636,"R2_lower_bound":0.8689902345,"R2_upper_bound":0.962749642,"m":0.9962866624,"m_lower_bound":0.9128665763,"m_upper_bound":1.1093788276},"xmyhm":{"name":"ACD\/pKa Classic","RMSE":0.7739142933,"RMSE_lower_bound":0.4953618206,"RMSE_upper_bound":1.0308782663,"MAE":0.5456666667,"MAE_lower_bound":0.3633333333,"MAE_upper_bound":0.7606666667,"ME":0.1016666667,"ME_lower_bound":-0.1766666667,"ME_upper_bound":0.3746666667,"R2":0.9158505204,"R2_lower_bound":0.8264107389,"R2_upper_bound":0.9683837973,"m":0.9808632721,"m_lower_bound":0.8724608182,"m_upper_bound":1.1073272773},"yqkga":{"name":"ReSCoSS conformations \/\/ COSMOtherm pKa","RMSE":0.9025944087,"RMSE_lower_bound":0.6838688958,"RMSE_upper_bound":1.1257501203,"MAE":0.7096666667,"MAE_lower_bound":0.5176666667,"MAE_upper_bound":0.923,"ME":-0.2883333333,"ME_lower_bound":-0.5783333333,"ME_upper_bound":0.0353333333,"R2":0.9006140699,"R2_lower_bound":0.8214842507,"R2_upper_bound":0.9530839288,"m":0.9998455094,"m_lower_bound":0.8642485578,"m_upper_bound":1.1277557147},"nb017":{"name":"MoKa","RMSE":0.9427259719,"RMSE_lower_bound":0.7332451071,"RMSE_upper_bound":1.1512097424,"MAE":0.77,"MAE_lower_bound":0.5919354839,"MAE_upper_bound":0.9658064516,"ME":-0.1622580645,"ME_lower_bound":-0.4964516129,"ME_upper_bound":0.1625806452,"R2":0.8842961413,"R2_lower_bound":0.8054811838,"R2_upper_bound":0.9367794327,"m":0.9387723673,"m_lower_bound":0.8194202302,"m_upper_bound":1.075523459},"nb007":{"name":"Epik Scan","RMSE":0.9457511096,"RMSE_lower_bound":0.7301237191,"RMSE_upper_bound":1.1558421033,"MAE":0.7761290323,"MAE_lower_bound":0.5932258065,"MAE_upper_bound":0.9732258065,"ME":0.0451612903,"ME_lower_bound":-0.2929032258,"ME_upper_bound":0.374516129,"R2":0.8785159089,"R2_lower_bound":0.7631687593,"R2_upper_bound":0.945138581,"m":0.839671562,"m_lower_bound":0.7674711011,"m_upper_bound":0.9233101248},"nb010":{"name":"Epik Microscopic","RMSE":1.0280611253,"RMSE_lower_bound":0.7741321884,"RMSE_upper_bound":1.2736586873,"MAE":0.8141935484,"MAE_lower_bound":0.6035483871,"MAE_upper_bound":1.0480645161,"ME":0.2432258065,"ME_lower_bound":-0.1187096774,"ME_upper_bound":0.584516129,"R2":0.8690285543,"R2_lower_bound":0.7660424482,"R2_upper_bound":0.9389564872,"m":0.9457522794,"m_lower_bound":0.8271801476,"m_upper_bound":1.0755134066},"8xt50":{"name":"ReSCoSS conformations \/\/ DSD-BLYP-D3 reranking \/\/ COSMOtherm pKa","RMSE":1.0714295545,"RMSE_lower_bound":0.78559819,"RMSE_upper_bound":1.3618275197,"MAE":0.8141935484,"MAE_lower_bound":0.5825806452,"MAE_upper_bound":1.0716129032,"ME":-0.4748387097,"ME_lower_bound":-0.8177419355,"ME_upper_bound":-0.1425806452,"R2":0.9055345285,"R2_lower_bound":0.8398889813,"R2_upper_bound":0.9504220889,"m":1.0781105731,"m_lower_bound":0.9355909573,"m_upper_bound":1.2173759199},"nb013":{"name":"Jaguar","RMSE":1.1031158217,"RMSE_lower_bound":0.7089724504,"RMSE_upper_bound":1.4699385548,"MAE":0.8032258065,"MAE_lower_bound":0.5577419355,"MAE_upper_bound":1.09,"ME":-0.1483870968,"ME_lower_bound":-0.5458064516,"ME_upper_bound":0.21,"R2":0.883942373,"R2_lower_bound":0.783635518,"R2_upper_bound":0.9470514793,"m":1.0918429143,"m_lower_bound":0.9017116102,"m_upper_bound":1.2495700301},"nb015":{"name":"Chemicalize v18.23 (ChemAxon MarvinSketch v18.23)","RMSE":1.2722560607,"RMSE_lower_bound":0.9863095111,"RMSE_upper_bound":1.5644054833,"MAE":1.0441935484,"MAE_lower_bound":0.7980645161,"MAE_upper_bound":1.3074193548,"ME":0.1287096774,"ME_lower_bound":-0.3264516129,"ME_upper_bound":0.5590322581,"R2":0.8737053783,"R2_lower_bound":0.7972380801,"R2_upper_bound":0.9328317653,"m":1.1616241785,"m_lower_bound":0.9434620586,"m_upper_bound":1.3371082053},"p0jba":{"name":"macroscopic pKa prediction from microscopic pKa predicted with Gaussian and separate fitting for neutral to negative and for positive to neutral transformations","RMSE":1.314747124,"RMSE_lower_bound":0.6874881817,"RMSE_upper_bound":1.72756476,"MAE":1.084,"MAE_lower_bound":0.428,"MAE_upper_bound":1.72,"ME":-0.924,"ME_lower_bound":-1.72,"ME_upper_bound":-0.108,"R2":0.9099462335,"R2_lower_bound":0.5221912357,"R2_upper_bound":1.0,"m":1.184586283,"m_lower_bound":0.3553387266,"m_upper_bound":1.7240765465},"37xm8":{"name":"ACD\/pKa GALAS","RMSE":1.3576704186,"RMSE_lower_bound":0.852499368,"RMSE_upper_bound":1.8071333748,"MAE":0.9551724138,"MAE_lower_bound":0.6413793103,"MAE_upper_bound":1.3313793103,"ME":-0.1013793103,"ME_lower_bound":-0.5731034483,"ME_upper_bound":0.3951724138,"R2":0.8536244441,"R2_lower_bound":0.7307438777,"R2_upper_bound":0.9394986358,"m":1.1708690403,"m_lower_bound":1.0006508679,"m_upper_bound":1.3585050897},"hytjn":{"name":"OE Gaussian Process","RMSE":1.4336741012,"RMSE_lower_bound":0.9849854966,"RMSE_upper_bound":1.8351829414,"MAE":1.0335714286,"MAE_lower_bound":0.6860714286,"MAE_upper_bound":1.4246428571,"ME":0.24,"ME_lower_bound":-0.2710714286,"ME_upper_bound":0.7760714286,"R2":0.6754901214,"R2_lower_bound":0.4195090485,"R2_upper_bound":0.8527812676,"m":0.8494819276,"m_lower_bound":0.5561472247,"m_upper_bound":1.0948663509},"q3pfp":{"name":"OE Gaussian Process Resampled","RMSE":1.4837416506,"RMSE_lower_bound":1.0502720736,"RMSE_upper_bound":1.8741969709,"MAE":1.1403571429,"MAE_lower_bound":0.8060714286,"MAE_upper_bound":1.5132142857,"ME":0.0903571429,"ME_lower_bound":-0.4464285714,"ME_upper_bound":0.6692857143,"R2":0.6668527012,"R2_lower_bound":0.4248528451,"R2_upper_bound":0.8389368936,"m":0.8864599159,"m_lower_bound":0.5790116408,"m_upper_bound":1.1705953367},"mkhqa":{"name":"EC-RISM\/MP2\/cc-pVTZ-P2-phi-all-2par","RMSE":1.59610817,"RMSE_lower_bound":1.1325577675,"RMSE_upper_bound":2.0388089502,"MAE":1.2387096774,"MAE_lower_bound":0.9035483871,"MAE_upper_bound":1.6116129032,"ME":-0.3161290323,"ME_lower_bound":-0.8777419355,"ME_upper_bound":0.22,"R2":0.8031710687,"R2_lower_bound":0.6689813931,"R2_upper_bound":0.9024340805,"m":1.1397878132,"m_lower_bound":0.9782161278,"m_upper_bound":1.33644338},"2ii2g":{"name":"EC-RISM\/MP2\/cc-pVTZ-P2-q-noThiols-2par","RMSE":1.6829448397,"RMSE_lower_bound":1.2063664452,"RMSE_upper_bound":2.1395684923,"MAE":1.3043333333,"MAE_lower_bound":0.9516666667,"MAE_upper_bound":1.698,"ME":-1.061,"ME_lower_bound":-1.5433333333,"ME_upper_bound":-0.6146666667,"R2":0.8366160062,"R2_lower_bound":0.7287470204,"R2_upper_bound":0.9151067864,"m":1.0727716623,"m_lower_bound":0.9304773095,"m_upper_bound":1.2500796101},"nb001":{"name":"EC-RISM\/MP2\/6-311+G(d,p)-P2-phi-all-2par","RMSE":1.7019361523,"RMSE_lower_bound":1.0625190194,"RMSE_upper_bound":2.3887472309,"MAE":1.2186666667,"MAE_lower_bound":0.846,"MAE_upper_bound":1.6833333333,"ME":0.422,"ME_lower_bound":-0.1216666667,"ME_upper_bound":1.0343333333,"R2":0.7920874494,"R2_lower_bound":0.6882799171,"R2_upper_bound":0.899087723,"m":1.1921383249,"m_lower_bound":0.9696771108,"m_upper_bound":1.4860177491},"35bdm":{"name":"macroscopic pKa prediction from microscopic pKa predicted with Gaussian and global fitting","RMSE":1.718644815,"RMSE_lower_bound":0.6645750522,"RMSE_upper_bound":2.3379093225,"MAE":1.442,"MAE_lower_bound":0.622,"MAE_upper_bound":2.262,"ME":-1.006,"ME_lower_bound":-2.178,"ME_upper_bound":0.134,"R2":0.9187503813,"R2_lower_bound":0.4629084321,"R2_upper_bound":1.0,"m":1.4460442407,