{"xvxzd":{"name":"Full quantum chemical calculation of free energies and fit to experimental pKa","RMSE":0.6800760607,"RMSE_lower_bound":0.5458590193,"RMSE_upper_bound":0.8111358575,"MAE":0.5786206897,"MAE_lower_bound":0.4513793103,"MAE_upper_bound":0.7134482759,"ME":0.2351724138,"ME_lower_bound":-0.0027586207,"ME_upper_bound":0.454137931,"R2":0.9373019916,"R2_lower_bound":0.8785287646,"R2_upper_bound":0.9720029859,"m":0.9231109184,"m_lower_bound":0.8381929351,"m_upper_bound":1.0167961923},"gyuhx":{"name":"S+pKa","RMSE":0.7299817349,"RMSE_lower_bound":0.5502544866,"RMSE_upper_bound":0.9085171068,"MAE":0.5786666667,"MAE_lower_bound":0.4293333333,"MAE_upper_bound":0.74,"ME":0.0093333333,"ME_lower_bound":-0.2573333333,"ME_upper_bound":0.2596666667,"R2":0.9251270636,"R2_lower_bound":0.8693781208,"R2_upper_bound":0.9634335676,"m":0.9962866624,"m_lower_bound":0.9130162975,"m_upper_bound":1.1082658023},"xmyhm":{"name":"ACD\/pKa Classic","RMSE":0.7739142933,"RMSE_lower_bound":0.4915655263,"RMSE_upper_bound":1.0327987865,"MAE":0.5456666667,"MAE_lower_bound":0.363,"MAE_upper_bound":0.7576666667,"ME":0.1016666667,"ME_lower_bound":-0.1723333333,"ME_upper_bound":0.374,"R2":0.9158505204,"R2_lower_bound":0.8327527831,"R2_upper_bound":0.9695748847,"m":0.9808632721,"m_lower_bound":0.8710895125,"m_upper_bound":1.1061504095},"yqkga":{"name":"ReSCoSS conformations \/\/ COSMOtherm pKa","RMSE":0.9025944087,"RMSE_lower_bound":0.6840979462,"RMSE_upper_bound":1.1244984067,"MAE":0.7096666667,"MAE_lower_bound":0.5153333333,"MAE_upper_bound":0.9176666667,"ME":-0.2883333333,"ME_lower_bound":-0.584,"ME_upper_bound":0.0316666667,"R2":0.9006140699,"R2_lower_bound":0.8220616514,"R2_upper_bound":0.9535660046,"m":0.9998455094,"m_lower_bound":0.8655164913,"m_upper_bound":1.1292692635},"nb007":{"name":"Epik-sequential","RMSE":0.9682075224,"RMSE_lower_bound":0.7637006676,"RMSE_upper_bound":1.1745898392,"MAE":0.8103225806,"MAE_lower_bound":0.6319354839,"MAE_upper_bound":1.005483871,"ME":0.0251612903,"ME_lower_bound":-0.3187096774,"ME_upper_bound":0.3580645161,"R2":0.8706802643,"R2_lower_bound":0.7626143426,"R2_upper_bound":0.9346468477,"m":0.8735985126,"m_lower_bound":0.7903489342,"m_upper_bound":0.9800735301},"8xt50":{"name":"ReSCoSS conformations \/\/ DSD-BLYP-D3 reranking \/\/ COSMOtherm pKa","RMSE":1.0714295545,"RMSE_lower_bound":0.7785014554,"RMSE_upper_bound":1.3615408728,"MAE":0.8141935484,"MAE_lower_bound":0.5803225806,"MAE_upper_bound":1.0729032258,"ME":-0.4748387097,"ME_lower_bound":-0.8261290323,"ME_upper_bound":-0.1458064516,"R2":0.9055345285,"R2_lower_bound":0.8401814278,"R2_upper_bound":0.9527526858,"m":1.0781105731,"m_lower_bound":0.9370290369,"m_upper_bound":1.2150939288},"p0jba":{"name":"macroscopic pKa prediction from microscopic pKa predicted with Gaussian and separate fitting for neutral to negative and for positive to neutral transformations","RMSE":1.314747124,"RMSE_lower_bound":0.6874881817,"RMSE_upper_bound":1.72756476,"MAE":1.084,"MAE_lower_bound":0.428,"MAE_upper_bound":1.72,"ME":-0.924,"ME_lower_bound":-1.72,"ME_upper_bound":-0.108,"R2":0.9099462335,"R2_lower_bound":0.5085281288,"R2_upper_bound":1.0,"m":1.184586283,"m_lower_bound":0.3388955204,"m_upper_bound":1.7240765465},"37xm8":{"name":"ACD\/pKa GALAS","RMSE":1.3576704186,"RMSE_lower_bound":0.8440195291,"RMSE_upper_bound":1.8129124977,"MAE":0.9551724138,"MAE_lower_bound":0.6320689655,"MAE_upper_bound":1.325862069,"ME":-0.1013793103,"ME_lower_bound":-0.5896551724,"ME_upper_bound":0.3972413793,"R2":0.8536244441,"R2_lower_bound":0.7278829231,"R2_upper_bound":0.9394293525,"m":1.1708690403,"m_lower_bound":0.9961764449,"m_upper_bound":1.3504323495},"hytjn":{"name":"OE Gaussian Process","RMSE":1.4336741012,"RMSE_lower_bound":0.9988779419,"RMSE_upper_bound":1.8254128691,"MAE":1.0335714286,"MAE_lower_bound":0.6882142857,"MAE_upper_bound":1.425,"ME":0.24,"ME_lower_bound":-0.2707142857,"ME_upper_bound":0.7689285714,"R2":0.6754901214,"R2_lower_bound":0.4193487904,"R2_upper_bound":0.8516069943,"m":0.8494819276,"m_lower_bound":0.554337634,"m_upper_bound":1.0975001269},"q3pfp":{"name":"OE Gaussian Process Resampled","RMSE":1.4837416506,"RMSE_lower_bound":1.0633454619,"RMSE_upper_bound":1.8701250913,"MAE":1.1403571429,"MAE_lower_bound":0.8117857143,"MAE_upper_bound":1.5075,"ME":0.0903571429,"ME_lower_bound":-0.4478571429,"ME_upper_bound":0.6492857143,"R2":0.6668527012,"R2_lower_bound":0.4288383337,"R2_upper_bound":0.8364089505,"m":0.8864599159,"m_lower_bound":0.5804947115,"m_upper_bound":1.1728593848},"mkhqa":{"name":"EC-RISM\/MP2\/cc-pVTZ-P2-phi-all-2par","RMSE":1.59610817,"RMSE_lower_bound":1.1463884384,"RMSE_upper_bound":2.0418223992,"MAE":1.2387096774,"MAE_lower_bound":0.914516129,"MAE_upper_bound":1.6148387097,"ME":-0.3161290323,"ME_lower_bound":-0.8787096774,"ME_upper_bound":0.2364516129,"R2":0.8031710687,"R2_lower_bound":0.6682875338,"R2_upper_bound":0.9024952533,"m":1.1397878132,"m_lower_bound":0.9778101035,"m_upper_bound":1.3428570783},"2ii2g":{"name":"EC-RISM\/MP2\/cc-pVTZ-P2-q-noThiols-2par","RMSE":1.6829448397,"RMSE_lower_bound":1.195232195,"RMSE_upper_bound":2.1351190443,"MAE":1.3043333333,"MAE_lower_bound":0.9426666667,"MAE_upper_bound":1.6986666667,"ME":-1.061,"ME_lower_bound":-1.5293333333,"ME_upper_bound":-0.5973333333,"R2":0.8366160062,"R2_lower_bound":0.7330370631,"R2_upper_bound":0.9160370061,"m":1.0727716623,"m_lower_bound":0.9359835127,"m_upper_bound":1.2456383674},"nb001":{"name":"EC-RISM\/MP2\/6-311+G(d,p)-P2-phi-all-2par","RMSE":1.7019361523,"RMSE_lower_bound":1.0672753472,"RMSE_upper_bound":2.3932195888,"MAE":1.2186666667,"MAE_lower_bound":0.8433333333,"MAE_upper_bound":1.681,"ME":0.422,"ME_lower_bound":-0.1356666667,"ME_upper_bound":1.046,"R2":0.7920874494,"R2_lower_bound":0.6878368687,"R2_upper_bound":0.8976113989,"m":1.1921383249,"m_lower_bound":0.9675566099,"m_upper_bound":1.4840115719},"35bdm":{"name":"macroscopic pKa prediction from microscopic pKa predicted with Gaussian and global fitting","RMSE":1.718644815,"RMSE_lower_bound":0.6645750522,"RMSE_upper_bound":2.3379093225,"MAE":1.442,"MAE_lower_bound":0.622,"MAE_upper_bound":2.262,"ME":-1.006,"ME_lower_bound":-2.178,"ME_upper_bound":0.134,"R2":0.9187503813,"R2_lower_bound":0.4568461698,"R2_upper_bound":1.0,"m":1.4460442407,"m_lower_bound":0.7198754383,"m_upper_bound":2.1473876953},"nb002":{"name":"EC-RISM\/MP2\/6-311+G(d,p)-P2-phi-noThiols-2par","RMSE":1.7196598501,"RMSE_lower_bound":1.0785793125,"RMSE_upper_bound":2.423301467,"MAE":1.2503333333,"MAE_lower_bound":0.8796666667,"MAE_upper_bound":1.72,"ME":0.467,"ME_lower_bound":-0.0953333333,"ME_upper_bound":1.1096666667,"R2":0.794416453,"R2_lower_bound":0.6866360763,"R2_upper_bound":0.9000150943,"m":1.2004139611,"m_lower_bound":0.977497223,"m_upper_bound":1.49190808},"ryzue":{"name":"Adiabatic scheme with single point correction for type III submission","RMSE":1.7448056243,"RMSE_lower_bound":1.366501616,"RMSE_upper_bound":2.1147206277,"MAE":1.436,"MAE_lower_bound":1.0913333333,"MAE_upper_bound":1.8073333333,"ME":1.2266666667,"ME_lower_bound":0.7773333333,"ME_upper_bound":1.6766666667,"R2":0.9221684516,"R2_lower_bound":0.8601591475,"R2_upper_bound":0.9620794888,"m":1.2994463606,"m_lower_bound":1.1302475826,"m_upper_bound":1.4627152925},"yc70m":{"name":"PCM\/B3LYP\/6-311+G(d,p)","RMSE":1.8777269825,"RMSE_lower_bound":1.5955617322,"RMSE_upper_bound":2.1487229567,"MAE":1.674137931,"MAE_lower_bound":1.3696551724,"MAE_upper_bound":1.9827586207,"ME":-0.6879310345,"ME_lower_bound":-1.2965517241,"ME_upper_bound":-0.0286206897,"R2":0.5313500782,"R2_lower_bound":0.3300480716,"R2_upper_bound":0.7261728947,"m":0.6700437459,"m_lower_bound":0.4297224656,"m_upper_bound":0.9726982281},"5byn6":{"name":"Adiabatic scheme for type III submission","RMSE":1.8907635142,"RMSE_lower_bound":1.4871292255,"RMSE_upper_bound":2.2658787846,"MAE":1.5533333333,"MAE_lower_bound":1.1846666667,"MAE_upper_bound":1.9463333333,"ME":1.2733333333,"ME_lower_bound":0.776,"ME_upper_bound":1.7666666667,"R2":0.9121300058,