{"xvxzd":{"name":"Full quantum chemical calculation of free energies and fit to experimental pKa","RMSE":0.6800760607,"RMSE_lower_bound":0.5444199697,"RMSE_upper_bound":0.8114610068,"MAE":0.5786206897,"MAE_lower_bound":0.4503448276,"MAE_upper_bound":0.71,"ME":0.2351724138,"ME_lower_bound":-0.0010344828,"ME_upper_bound":0.4568965517,"R2":0.9373019916,"R2_lower_bound":0.8752292681,"R2_upper_bound":0.9734837115,"m":0.9231109184,"m_lower_bound":0.833698097,"m_upper_bound":1.015659598},"gyuhx":{"name":"S+pKa","RMSE":0.7299817349,"RMSE_lower_bound":0.5514888938,"RMSE_upper_bound":0.9188507314,"MAE":0.5786666667,"MAE_lower_bound":0.426,"MAE_upper_bound":0.7503333333,"ME":0.0093333333,"ME_lower_bound":-0.266,"ME_upper_bound":0.265,"R2":0.9251270636,"R2_lower_bound":0.8731867989,"R2_upper_bound":0.9644792533,"m":0.9962866624,"m_lower_bound":0.9139562854,"m_upper_bound":1.1198845065},"xmyhm":{"name":"ACD\/pKa Classic","RMSE":0.7739142933,"RMSE_lower_bound":0.4977884423,"RMSE_upper_bound":1.024080075,"MAE":0.5456666667,"MAE_lower_bound":0.3666666667,"MAE_upper_bound":0.7603333333,"ME":0.1016666667,"ME_lower_bound":-0.1863333333,"ME_upper_bound":0.383,"R2":0.9158505204,"R2_lower_bound":0.8323827372,"R2_upper_bound":0.9690857136,"m":0.9808632721,"m_lower_bound":0.8663616548,"m_upper_bound":1.1111812816},"yqkga":{"name":"ReSCoSS conformations \/\/ COSMOtherm pKa","RMSE":0.9025944087,"RMSE_lower_bound":0.6811705611,"RMSE_upper_bound":1.1230509042,"MAE":0.7096666667,"MAE_lower_bound":0.5113333333,"MAE_upper_bound":0.9163333333,"ME":-0.2883333333,"ME_lower_bound":-0.5953333333,"ME_upper_bound":0.0416666667,"R2":0.9006140699,"R2_lower_bound":0.8132844924,"R2_upper_bound":0.9541793203,"m":0.9998455094,"m_lower_bound":0.8667735023,"m_upper_bound":1.1420929792},"nb007":{"name":"Epik Scan","RMSE":0.9457511096,"RMSE_lower_bound":0.7220200158,"RMSE_upper_bound":1.1597928069,"MAE":0.7761290323,"MAE_lower_bound":0.5822580645,"MAE_upper_bound":0.9809677419,"ME":0.0451612903,"ME_lower_bound":-0.3251612903,"ME_upper_bound":0.3838709677,"R2":0.8785159089,"R2_lower_bound":0.7691125495,"R2_upper_bound":0.9481245228,"m":0.839671562,"m_lower_bound":0.7688527306,"m_upper_bound":0.9234347122},"nb010":{"name":"Epik Microscopic","RMSE":1.0280611253,"RMSE_lower_bound":0.7619118567,"RMSE_upper_bound":1.2409387706,"MAE":0.8141935484,"MAE_lower_bound":0.6064516129,"MAE_upper_bound":1.0309677419,"ME":0.2432258065,"ME_lower_bound":-0.1248387097,"ME_upper_bound":0.6051612903,"R2":0.8690285543,"R2_lower_bound":0.7688398082,"R2_upper_bound":0.9398631993,"m":0.9457522794,"m_lower_bound":0.8219072236,"m_upper_bound":1.0802423555},"8xt50":{"name":"ReSCoSS conformations \/\/ DSD-BLYP-D3 reranking \/\/ COSMOtherm pKa","RMSE":1.0714295545,"RMSE_lower_bound":0.7863841301,"RMSE_upper_bound":1.3526354204,"MAE":0.8141935484,"MAE_lower_bound":0.5809677419,"MAE_upper_bound":1.06,"ME":-0.4748387097,"ME_lower_bound":-0.81,"ME_upper_bound":-0.1151612903,"R2":0.9055345285,"R2_lower_bound":0.841104802,"R2_upper_bound":0.9533632181,"m":1.0781105731,"m_lower_bound":0.9379540282,"m_upper_bound":1.2204102277},"nb013":{"name":"Jaguar","RMSE":1.1031158217,"RMSE_lower_bound":0.703404165,"RMSE_upper_bound":1.4689594737,"MAE":0.8032258065,"MAE_lower_bound":0.5522580645,"MAE_upper_bound":1.0774193548,"ME":-0.1483870968,"ME_lower_bound":-0.5535483871,"ME_upper_bound":0.215483871,"R2":0.883942373,"R2_lower_bound":0.7880593177,"R2_upper_bound":0.950640527,"m":1.0918429143,"m_lower_bound":0.9025409899,"m_upper_bound":1.2626434638},"nb015":{"name":"Chemicalize v18.23 (ChemAxon MarvinSketch v18.23)","RMSE":1.2722560607,"RMSE_lower_bound":0.9695026993,"RMSE_upper_bound":1.5741254612,"MAE":1.0441935484,"MAE_lower_bound":0.7664516129,"MAE_upper_bound":1.3041935484,"ME":0.1287096774,"ME_lower_bound":-0.3593548387,"ME_upper_bound":0.555483871,"R2":0.8737053783,"R2_lower_bound":0.7993929317,"R2_upper_bound":0.9341560932,"m":1.1616241785,"m_lower_bound":0.9238645367,"m_upper_bound":1.3412934708},"p0jba":{"name":"macroscopic pKa prediction from microscopic pKa predicted with Gaussian and separate fitting for neutral to negative and for positive to neutral transformations","RMSE":1.314747124,"RMSE_lower_bound":0.6874881817,"RMSE_upper_bound":1.72756476,"MAE":1.084,"MAE_lower_bound":0.428,"MAE_upper_bound":1.72,"ME":-0.924,"ME_lower_bound":-1.704,"ME_upper_bound":-0.108,"R2":0.9099462335,"R2_lower_bound":0.5085281288,"R2_upper_bound":1.0,"m":1.184586283,"m_lower_bound":0.3388955204,"m_upper_bound":1.7913043478},"37xm8":{"name":"ACD\/pKa GALAS","RMSE":1.3576704186,"RMSE_lower_bound":0.8512283214,"RMSE_upper_bound":1.8066992193,"MAE":0.9551724138,"MAE_lower_bound":0.63,"MAE_upper_bound":1.3406896552,"ME":-0.1013793103,"ME_lower_bound":-0.5968965517,"ME_upper_bound":0.4068965517,"R2":0.8536244441,"R2_lower_bound":0.7349428338,"R2_upper_bound":0.9408378245,"m":1.1708690403,"m_lower_bound":0.9921484346,"m_upper_bound":1.3729189603},"hytjn":{"name":"OE Gaussian Process","RMSE":1.4336741012,"RMSE_lower_bound":0.9894641407,"RMSE_upper_bound":1.8480733211,"MAE":1.0335714286,"MAE_lower_bound":0.6775,"MAE_upper_bound":1.4485714286,"ME":0.24,"ME_lower_bound":-0.2603571429,"ME_upper_bound":0.7757142857,"R2":0.6754901214,"R2_lower_bound":0.4099197162,"R2_upper_bound":0.8603497608,"m":0.8494819276,"m_lower_bound":0.5407013304,"m_upper_bound":1.0955214349},"q3pfp":{"name":"OE Gaussian Process Resampled","RMSE":1.4837416506,"RMSE_lower_bound":1.0541482682,"RMSE_upper_bound":1.8878114691,"MAE":1.1403571429,"MAE_lower_bound":0.8075,"MAE_upper_bound":1.5142857143,"ME":0.0903571429,"ME_lower_bound":-0.4092857143,"ME_upper_bound":0.6832142857,"R2":0.6668527012,"R2_lower_bound":0.4135915949,"R2_upper_bound":0.8313464443,"m":0.8864599159,"m_lower_bound":0.5665791274,"m_upper_bound":1.1901205798},"mkhqa":{"name":"EC-RISM\/MP2\/cc-pVTZ-P2-phi-all-2par","RMSE":1.59610817,"RMSE_lower_bound":1.157068041,"RMSE_upper_bound":2.0816533441,"MAE":1.2387096774,"MAE_lower_bound":0.9135483871,"MAE_upper_bound":1.6470967742,"ME":-0.3161290323,"ME_lower_bound":-0.864516129,"ME_upper_bound":0.1783870968,"R2":0.8031710687,"R2_lower_bound":0.6520068527,"R2_upper_bound":0.900411892,"m":1.1397878132,"m_lower_bound":0.9877029605,"m_upper_bound":1.354715878},"2ii2g":{"name":"EC-RISM\/MP2\/cc-pVTZ-P2-q-noThiols-2par","RMSE":1.6829448397,"RMSE_lower_bound":1.1944915236,"RMSE_upper_bound":2.1795809995,"MAE":1.3043333333,"MAE_lower_bound":0.9506666667,"MAE_upper_bound":1.767,"ME":-1.061,"ME_lower_bound":-1.59,"ME_upper_bound":-0.578,"R2":0.8366160062,"R2_lower_bound":0.7310196842,"R2_upper_bound":0.9186603125,"m":1.0727716623,"m_lower_bound":0.9354623516,"m_upper_bound":1.2551323391},"nb001":{"name":"EC-RISM\/MP2\/6-311+G(d,p)-P2-phi-all-2par","RMSE":1.7019361523,"RMSE_lower_bound":1.0477292907,"RMSE_upper_bound":2.387771625,"MAE":1.2186666667,"MAE_lower_bound":0.8266666667,"MAE_upper_bound":1.6926666667,"ME":0.422,"ME_lower_bound":-0.1183333333,"ME_upper_bound":1.0803333333,"R2":0.7920874494,"R2_lower_bound":0.6849495361,"R2_upper_bound":0.9036792939,"m":1.1921383249,"m_lower_bound":0.9761678974,"m_upper_bound":1.4719611073},"35bdm":{"name":"macroscopic pKa prediction from microscopic pKa predicted with Gaussian and global fitting","RMSE":1.718644815,"RMSE_lower_bound":0.6660930866,"RMSE_upper_bound":2.3747757789,"MAE":1.442,"MAE_lower_bound":0.624,"MAE_upper_bound":2.296,"ME":-1.006,"ME_lower_bound":-2.178,"ME_upper_bound":0.136,"R2":0.9187503813,"R2_lower_bound":0.4568461698,"R2_upper_bound":1.0,"m":1.4460442407,"m_lower_bound":0.7198754383,"m_upper_bound":2.1303030303},"nb002":{"name":"EC-RISM\/MP2\/6-311+G(d,p)-P2-phi-noThiols-2par","RMSE":1.7196598501,"RMSE_lower_bound":1.0720167909,"RMSE_upper_bound":2.47415979,"MAE":1.2503333333,"MAE_lower_bound":0.8643333333,"MAE_upper_bound":1.738,"ME":0.467,"ME_lower_bound":-0.1213333333,"ME_upper_bound":1.164,"R2":0.794416453,"R2_lower_bound":0.6941967018,"R2_upper_bound":0.9058594211,"m":1.2004139611,"m_lower_bound":0.9766497801,