{"xvxzd":{"name":"Full quantum chemical calculation of free energies and fit to experimental pKa","RMSE":0.6800760607,"RMSE_lower_bound":0.5432405957,"RMSE_upper_bound":0.8101915482,"MAE":0.5786206897,"MAE_lower_bound":0.4503448276,"MAE_upper_bound":0.7148275862,"ME":0.2351724138,"ME_lower_bound":-0.0031034483,"ME_upper_bound":0.4606896552,"R2":0.9373019916,"R2_lower_bound":0.8799389307,"R2_upper_bound":0.9719517948,"m":0.9231109184,"m_lower_bound":0.8396294109,"m_upper_bound":1.0148266505},"gyuhx":{"name":"S+pKa","RMSE":0.7299817349,"RMSE_lower_bound":0.5461226968,"RMSE_upper_bound":0.9097582096,"MAE":0.5786666667,"MAE_lower_bound":0.4246666667,"MAE_upper_bound":0.7413333333,"ME":0.0093333333,"ME_lower_bound":-0.2606666667,"ME_upper_bound":0.257,"R2":0.9251270636,"R2_lower_bound":0.8680788123,"R2_upper_bound":0.9634969608,"m":0.9962866624,"m_lower_bound":0.9119598237,"m_upper_bound":1.1087506992},"xmyhm":{"name":"ACD\/pKa Classic","RMSE":0.7739142933,"RMSE_lower_bound":0.492700044,"RMSE_upper_bound":1.0314213494,"MAE":0.5456666667,"MAE_lower_bound":0.367,"MAE_upper_bound":0.7576666667,"ME":0.1016666667,"ME_lower_bound":-0.1773333333,"ME_upper_bound":0.3736666667,"R2":0.9158505204,"R2_lower_bound":0.8301321385,"R2_upper_bound":0.9686154288,"m":0.9808632721,"m_lower_bound":0.8688889805,"m_upper_bound":1.1076607423},"yqkga":{"name":"ReSCoSS conformations \/\/ COSMOtherm pKa","RMSE":0.9025944087,"RMSE_lower_bound":0.6839639367,"RMSE_upper_bound":1.1164482373,"MAE":0.7096666667,"MAE_lower_bound":0.5176666667,"MAE_upper_bound":0.9136666667,"ME":-0.2883333333,"ME_lower_bound":-0.5813333333,"ME_upper_bound":0.036,"R2":0.9006140699,"R2_lower_bound":0.8208087681,"R2_upper_bound":0.9531446024,"m":0.9998455094,"m_lower_bound":0.8661458942,"m_upper_bound":1.12458699},"nb017":{"name":"MoKa","RMSE":0.9427259719,"RMSE_lower_bound":0.722413071,"RMSE_upper_bound":1.1574610702,"MAE":0.77,"MAE_lower_bound":0.5864516129,"MAE_upper_bound":0.9725806452,"ME":-0.1622580645,"ME_lower_bound":-0.4970967742,"ME_upper_bound":0.1532258065,"R2":0.8842961413,"R2_lower_bound":0.8074675444,"R2_upper_bound":0.9375811894,"m":0.9387723673,"m_lower_bound":0.823290352,"m_upper_bound":1.0723488818},"nb007":{"name":"Epik Scan","RMSE":0.9457511096,"RMSE_lower_bound":0.7300640714,"RMSE_upper_bound":1.1543550077,"MAE":0.7761290323,"MAE_lower_bound":0.5932258065,"MAE_upper_bound":0.9722580645,"ME":0.0451612903,"ME_lower_bound":-0.2983870968,"ME_upper_bound":0.37,"R2":0.8785159089,"R2_lower_bound":0.7636310623,"R2_upper_bound":0.9455242719,"m":0.839671562,"m_lower_bound":0.7674705173,"m_upper_bound":0.9232944641},"nb010":{"name":"Epik Microscopic","RMSE":1.0280611253,"RMSE_lower_bound":0.765472656,"RMSE_upper_bound":1.2637246536,"MAE":0.8141935484,"MAE_lower_bound":0.6022580645,"MAE_upper_bound":1.0409677419,"ME":0.2432258065,"ME_lower_bound":-0.1190322581,"ME_upper_bound":0.5838709677,"R2":0.8690285543,"R2_lower_bound":0.7711958229,"R2_upper_bound":0.9388157063,"m":0.9457522794,"m_lower_bound":0.8243000702,"m_upper_bound":1.0783489121},"8xt50":{"name":"ReSCoSS conformations \/\/ DSD-BLYP-D3 reranking \/\/ COSMOtherm pKa","RMSE":1.0714295545,"RMSE_lower_bound":0.7785926095,"RMSE_upper_bound":1.3606947941,"MAE":0.8141935484,"MAE_lower_bound":0.5796774194,"MAE_upper_bound":1.0709677419,"ME":-0.4748387097,"ME_lower_bound":-0.8177419355,"ME_upper_bound":-0.14,"R2":0.9055345285,"R2_lower_bound":0.840466555,"R2_upper_bound":0.9515905838,"m":1.0781105731,"m_lower_bound":0.9369935337,"m_upper_bound":1.2185697244},"nb013":{"name":"Jaguar","RMSE":1.1031158217,"RMSE_lower_bound":0.7110668949,"RMSE_upper_bound":1.4678390964,"MAE":0.8032258065,"MAE_lower_bound":0.5593548387,"MAE_upper_bound":1.0893548387,"ME":-0.1483870968,"ME_lower_bound":-0.5567741935,"ME_upper_bound":0.2158064516,"R2":0.883942373,"R2_lower_bound":0.7798970976,"R2_upper_bound":0.946650454,"m":1.0918429143,"m_lower_bound":0.902944119,"m_upper_bound":1.2545418317},"nb015":{"name":"Chemicalize v18.23 (ChemAxon MarvinSketch v18.23)","RMSE":1.2722560607,"RMSE_lower_bound":0.9827167741,"RMSE_upper_bound":1.5625970938,"MAE":1.0441935484,"MAE_lower_bound":0.7938709677,"MAE_upper_bound":1.3058064516,"ME":0.1287096774,"ME_lower_bound":-0.324516129,"ME_upper_bound":0.5641935484,"R2":0.8737053783,"R2_lower_bound":0.7970320124,"R2_upper_bound":0.9313335228,"m":1.1616241785,"m_lower_bound":0.9367435963,"m_upper_bound":1.3353632083},"p0jba":{"name":"macroscopic pKa prediction from microscopic pKa predicted with Gaussian and separate fitting for neutral to negative and for positive to neutral transformations","RMSE":1.314747124,"RMSE_lower_bound":0.6874881817,"RMSE_upper_bound":1.72756476,"MAE":1.084,"MAE_lower_bound":0.428,"MAE_upper_bound":1.72,"ME":-0.924,"ME_lower_bound":-1.72,"ME_upper_bound":-0.108,"R2":0.9099462335,"R2_lower_bound":0.5221912357,"R2_upper_bound":1.0,"m":1.184586283,"m_lower_bound":0.3388955204,"m_upper_bound":1.7240765465},"37xm8":{"name":"ACD\/pKa GALAS","RMSE":1.3576704186,"RMSE_lower_bound":0.8457092514,"RMSE_upper_bound":1.8156190167,"MAE":0.9551724138,"MAE_lower_bound":0.6355172414,"MAE_upper_bound":1.3389655172,"ME":-0.1013793103,"ME_lower_bound":-0.6010344828,"ME_upper_bound":0.3982758621,"R2":0.8536244441,"R2_lower_bound":0.7285873674,"R2_upper_bound":0.9396164165,"m":1.1708690403,"m_lower_bound":0.9980850979,"m_upper_bound":1.3550617986},"hytjn":{"name":"OE Gaussian Process","RMSE":1.4336741012,"RMSE_lower_bound":0.9862609768,"RMSE_upper_bound":1.8237285199,"MAE":1.0335714286,"MAE_lower_bound":0.6871428571,"MAE_upper_bound":1.4164285714,"ME":0.24,"ME_lower_bound":-0.2660714286,"ME_upper_bound":0.775,"R2":0.6754901214,"R2_lower_bound":0.4256574883,"R2_upper_bound":0.8548094179,"m":0.8494819276,"m_lower_bound":0.5547710673,"m_upper_bound":1.108877895},"q3pfp":{"name":"OE Gaussian Process Resampled","RMSE":1.4837416506,"RMSE_lower_bound":1.053434858,"RMSE_upper_bound":1.864823814,"MAE":1.1403571429,"MAE_lower_bound":0.8071428571,"MAE_upper_bound":1.5057142857,"ME":0.0903571429,"ME_lower_bound":-0.4464285714,"ME_upper_bound":0.6403571429,"R2":0.6668527012,"R2_lower_bound":0.4299335815,"R2_upper_bound":0.8349508525,"m":0.8864599159,"m_lower_bound":0.5878072382,"m_upper_bound":1.172211932},"mkhqa":{"name":"EC-RISM\/MP2\/cc-pVTZ-P2-phi-all-2par","RMSE":1.59610817,"RMSE_lower_bound":1.139290951,"RMSE_upper_bound":2.0339180369,"MAE":1.2387096774,"MAE_lower_bound":0.9061290323,"MAE_upper_bound":1.6074193548,"ME":-0.3161290323,"ME_lower_bound":-0.8909677419,"ME_upper_bound":0.2109677419,"R2":0.8031710687,"R2_lower_bound":0.6676481569,"R2_upper_bound":0.9035747237,"m":1.1397878132,"m_lower_bound":0.9825651451,"m_upper_bound":1.3360795874},"2ii2g":{"name":"EC-RISM\/MP2\/cc-pVTZ-P2-q-noThiols-2par","RMSE":1.6829448397,"RMSE_lower_bound":1.1879141383,"RMSE_upper_bound":2.1471554826,"MAE":1.3043333333,"MAE_lower_bound":0.9403333333,"MAE_upper_bound":1.7076666667,"ME":-1.061,"ME_lower_bound":-1.5473333333,"ME_upper_bound":-0.5996666667,"R2":0.8366160062,"R2_lower_bound":0.7293833801,"R2_upper_bound":0.9171832522,"m":1.0727716623,"m_lower_bound":0.9349861458,"m_upper_bound":1.2541815954},"nb001":{"name":"EC-RISM\/MP2\/6-311+G(d,p)-P2-phi-all-2par","RMSE":1.7019361523,"RMSE_lower_bound":1.0573898682,"RMSE_upper_bound":2.4102012364,"MAE":1.2186666667,"MAE_lower_bound":0.8376666667,"MAE_upper_bound":1.693,"ME":0.422,"ME_lower_bound":-0.135,"ME_upper_bound":1.049,"R2":0.7920874494,"R2_lower_bound":0.6847153613,"R2_upper_bound":0.897089482,"m":1.1921383249,"m_lower_bound":0.9691633207,"m_upper_bound":1.4842970112},"35bdm":{"name":"macroscopic pKa prediction from microscopic pKa predicted with Gaussian and global fitting","RMSE":1.718644815,"RMSE_lower_bound":0.6645750522,"RMSE_upper_bound":2.3379093225,"MAE":1.442,"MAE_lower_bound":0.622,"MAE_upper_bound":2.262,"ME":-1.006,"ME_lower_bound":-2.178,"ME_upper_bound":0.134,"R2":0.9187503813,"R2_lower_bound":0.4568461698,"R2_upper_bound":1.0,"m":1.4460442407,"m_lower_bound":0.7198754383,