{"xvxzd":{"name":"Full quantum chemical calculation of free energies and fit to experimental pKa","RMSE":0.6800760607,"RMSE_lower_bound":0.5416322712,"RMSE_upper_bound":0.815655015,"MAE":0.5786206897,"MAE_lower_bound":0.4531034483,"MAE_upper_bound":0.7168965517,"ME":0.2351724138,"ME_lower_bound":-0.0127586207,"ME_upper_bound":0.465862069,"R2":0.9373019916,"R2_lower_bound":0.8769235647,"R2_upper_bound":0.9717576882,"m":0.9231109184,"m_lower_bound":0.8418441379,"m_upper_bound":1.0163612143},"gyuhx":{"name":"S+pKa","RMSE":0.7299817349,"RMSE_lower_bound":0.5476708257,"RMSE_upper_bound":0.9329719538,"MAE":0.5786666667,"MAE_lower_bound":0.4306666667,"MAE_upper_bound":0.7656666667,"ME":0.0093333333,"ME_lower_bound":-0.2646666667,"ME_upper_bound":0.277,"R2":0.9251270636,"R2_lower_bound":0.8690572689,"R2_upper_bound":0.9610837322,"m":0.9962866624,"m_lower_bound":0.9119749599,"m_upper_bound":1.1152594047},"xmyhm":{"name":"ACD\/pKa Classic","RMSE":0.7739142933,"RMSE_lower_bound":0.4802742272,"RMSE_upper_bound":1.0210190987,"MAE":0.5456666667,"MAE_lower_bound":0.3626666667,"MAE_upper_bound":0.757,"ME":0.1016666667,"ME_lower_bound":-0.1706666667,"ME_upper_bound":0.3706666667,"R2":0.9158505204,"R2_lower_bound":0.832066083,"R2_upper_bound":0.9715247537,"m":0.9808632721,"m_lower_bound":0.8790034309,"m_upper_bound":1.1096200462},"yqkga":{"name":"ReSCoSS conformations \/\/ COSMOtherm pKa","RMSE":0.9025944087,"RMSE_lower_bound":0.6992376801,"RMSE_upper_bound":1.1345175186,"MAE":0.7096666667,"MAE_lower_bound":0.5323333333,"MAE_upper_bound":0.9186666667,"ME":-0.2883333333,"ME_lower_bound":-0.598,"ME_upper_bound":0.049,"R2":0.9006140699,"R2_lower_bound":0.8202637088,"R2_upper_bound":0.952902867,"m":0.9998455094,"m_lower_bound":0.8636870118,"m_upper_bound":1.1293755126},"nb007":{"name":"Epik Scan","RMSE":0.9457511096,"RMSE_lower_bound":0.7205172873,"RMSE_upper_bound":1.1665222645,"MAE":0.7761290323,"MAE_lower_bound":0.5890322581,"MAE_upper_bound":0.9793548387,"ME":0.0451612903,"ME_lower_bound":-0.3187096774,"ME_upper_bound":0.365483871,"R2":0.8785159089,"R2_lower_bound":0.7583079929,"R2_upper_bound":0.9494209141,"m":0.839671562,"m_lower_bound":0.76483033,"m_upper_bound":0.9219170243},"nb010":{"name":"Epik Microscopic","RMSE":1.0280611253,"RMSE_lower_bound":0.7630372248,"RMSE_upper_bound":1.2737156719,"MAE":0.8141935484,"MAE_lower_bound":0.5932258065,"MAE_upper_bound":1.0512903226,"ME":0.2432258065,"ME_lower_bound":-0.1080645161,"ME_upper_bound":0.5951612903,"R2":0.8690285543,"R2_lower_bound":0.7609593197,"R2_upper_bound":0.9432368814,"m":0.9457522794,"m_lower_bound":0.8247030404,"m_upper_bound":1.0937348548},"8xt50":{"name":"ReSCoSS conformations \/\/ DSD-BLYP-D3 reranking \/\/ COSMOtherm pKa","RMSE":1.0714295545,"RMSE_lower_bound":0.7796670092,"RMSE_upper_bound":1.3640688659,"MAE":0.8141935484,"MAE_lower_bound":0.5841935484,"MAE_upper_bound":1.0670967742,"ME":-0.4748387097,"ME_lower_bound":-0.8374193548,"ME_upper_bound":-0.1277419355,"R2":0.9055345285,"R2_lower_bound":0.8402464228,"R2_upper_bound":0.9509422755,"m":1.0781105731,"m_lower_bound":0.9227468579,"m_upper_bound":1.2151662567},"nb013":{"name":"Jaguar","RMSE":1.1031158217,"RMSE_lower_bound":0.7231137866,"RMSE_upper_bound":1.4888662064,"MAE":0.8032258065,"MAE_lower_bound":0.57,"MAE_upper_bound":1.1009677419,"ME":-0.1483870968,"ME_lower_bound":-0.5541935484,"ME_upper_bound":0.2161290323,"R2":0.883942373,"R2_lower_bound":0.7935852878,"R2_upper_bound":0.9490669335,"m":1.0918429143,"m_lower_bound":0.901844951,"m_upper_bound":1.2639946227},"nb015":{"name":"Chemicalize v18.23 (ChemAxon MarvinSketch v18.23)","RMSE":1.2722560607,"RMSE_lower_bound":0.9857549915,"RMSE_upper_bound":1.5685220082,"MAE":1.0441935484,"MAE_lower_bound":0.7967741935,"MAE_upper_bound":1.3077419355,"ME":0.1287096774,"ME_lower_bound":-0.3112903226,"ME_upper_bound":0.5409677419,"R2":0.8737053783,"R2_lower_bound":0.797523161,"R2_upper_bound":0.9330667285,"m":1.1616241785,"m_lower_bound":0.9407395564,"m_upper_bound":1.3478375004},"p0jba":{"name":"macroscopic pKa prediction from microscopic pKa predicted with Gaussian and separate fitting for neutral to negative and for positive to neutral transformations","RMSE":1.314747124,"RMSE_lower_bound":0.6874881817,"RMSE_upper_bound":1.7175796925,"MAE":1.084,"MAE_lower_bound":0.428,"MAE_upper_bound":1.704,"ME":-0.924,"ME_lower_bound":-1.704,"ME_upper_bound":-0.108,"R2":0.9099462335,"R2_lower_bound":0.5085281288,"R2_upper_bound":1.0,"m":1.184586283,"m_lower_bound":0.3388955204,"m_upper_bound":1.7240765465},"37xm8":{"name":"ACD\/pKa GALAS","RMSE":1.3576704186,"RMSE_lower_bound":0.822867149,"RMSE_upper_bound":1.8202102948,"MAE":0.9551724138,"MAE_lower_bound":0.6375862069,"MAE_upper_bound":1.3486206897,"ME":-0.1013793103,"ME_lower_bound":-0.604137931,"ME_upper_bound":0.3610344828,"R2":0.8536244441,"R2_lower_bound":0.7302887982,"R2_upper_bound":0.938161374,"m":1.1708690403,"m_lower_bound":0.9914595608,"m_upper_bound":1.3359764325},"hytjn":{"name":"OE Gaussian Process","RMSE":1.4336741012,"RMSE_lower_bound":0.9982824536,"RMSE_upper_bound":1.8451190438,"MAE":1.0335714286,"MAE_lower_bound":0.6914285714,"MAE_upper_bound":1.4478571429,"ME":0.24,"ME_lower_bound":-0.2507142857,"ME_upper_bound":0.7517857143,"R2":0.6754901214,"R2_lower_bound":0.4122135504,"R2_upper_bound":0.8547065274,"m":0.8494819276,"m_lower_bound":0.5570066265,"m_upper_bound":1.1106409368},"q3pfp":{"name":"OE Gaussian Process Resampled","RMSE":1.4837416506,"RMSE_lower_bound":1.0567825158,"RMSE_upper_bound":1.8660424126,"MAE":1.1403571429,"MAE_lower_bound":0.8132142857,"MAE_upper_bound":1.4807142857,"ME":0.0903571429,"ME_lower_bound":-0.4746428571,"ME_upper_bound":0.6510714286,"R2":0.6668527012,"R2_lower_bound":0.4302187907,"R2_upper_bound":0.8403438883,"m":0.8864599159,"m_lower_bound":0.5817324631,"m_upper_bound":1.1795219919},"mkhqa":{"name":"EC-RISM\/MP2\/cc-pVTZ-P2-phi-all-2par","RMSE":1.59610817,"RMSE_lower_bound":1.1513008071,"RMSE_upper_bound":2.0269602221,"MAE":1.2387096774,"MAE_lower_bound":0.9158064516,"MAE_upper_bound":1.6012903226,"ME":-0.3161290323,"ME_lower_bound":-0.8929032258,"ME_upper_bound":0.2290322581,"R2":0.8031710687,"R2_lower_bound":0.6623082248,"R2_upper_bound":0.9063777522,"m":1.1397878132,"m_lower_bound":0.9683060993,"m_upper_bound":1.3477925135},"2ii2g":{"name":"EC-RISM\/MP2\/cc-pVTZ-P2-q-noThiols-2par","RMSE":1.6829448397,"RMSE_lower_bound":1.230318387,"RMSE_upper_bound":2.1234547323,"MAE":1.3043333333,"MAE_lower_bound":0.965,"MAE_upper_bound":1.6926666667,"ME":-1.061,"ME_lower_bound":-1.5156666667,"ME_upper_bound":-0.5916666667,"R2":0.8366160062,"R2_lower_bound":0.7349841282,"R2_upper_bound":0.9117491914,"m":1.0727716623,"m_lower_bound":0.9349066488,"m_upper_bound":1.228459183},"nb001":{"name":"EC-RISM\/MP2\/6-311+G(d,p)-P2-phi-all-2par","RMSE":1.7019361523,"RMSE_lower_bound":1.0341566612,"RMSE_upper_bound":2.3999784721,"MAE":1.2186666667,"MAE_lower_bound":0.8303333333,"MAE_upper_bound":1.693,"ME":0.422,"ME_lower_bound":-0.1736666667,"ME_upper_bound":1.035,"R2":0.7920874494,"R2_lower_bound":0.6807328873,"R2_upper_bound":0.9016639822,"m":1.1921383249,"m_lower_bound":0.9695051205,"m_upper_bound":1.5018685165},"35bdm":{"name":"macroscopic pKa prediction from microscopic pKa predicted with Gaussian and global fitting","RMSE":1.718644815,"RMSE_lower_bound":0.6645750522,"RMSE_upper_bound":2.3722773868,"MAE":1.442,"MAE_lower_bound":0.622,"MAE_upper_bound":2.262,"ME":-1.006,"ME_lower_bound":-2.18,"ME_upper_bound":0.134,"R2":0.9187503813,"R2_lower_bound":0.4629084321,"R2_upper_bound":1.0,"m":1.4460442407,"m_lower_bound":0.7198754383,"m_upper_bound":2.1473876953},"nb002":{"name":"EC-RISM\/MP2\/6-311+G(d,p)-P2-phi-noThiols-2par","RMSE":1.7196598501,"RMSE_lower_bound":1.0778713591,"RMSE_upper_bound":2.4015141057,"MAE":1.2503333333,"MAE_lower_bound":0.8673333333,"MAE_upper_bound":1.7196666667,"ME":0.467,"ME_lower_bound":-0.1076666667,"ME_upper_bound":1.1196666667,"R2":0.794416453,"R2_lower_bound":0.6832951728,"R2_upper_bound":0.9031219989,