{"xvxzd":{"name":"Full quantum chemical calculation of free energies and fit to experimental pKa","RMSE":0.6800760607,"RMSE_lower_bound":0.5463136651,"RMSE_upper_bound":0.8074160573,"MAE":0.5786206897,"MAE_lower_bound":0.4510344828,"MAE_upper_bound":0.7089655172,"ME":-0.2351724138,"ME_lower_bound":-0.4565517241,"ME_upper_bound":0.0037931034,"R2":0.9373019916,"R2_lower_bound":0.8774383024,"R2_upper_bound":0.9723653037,"m":1.0153730965,"m_lower_bound":0.9135161729,"m_upper_bound":1.1130887831},"gyuhx":{"name":"S+pKa","RMSE":0.7299817349,"RMSE_lower_bound":0.5451177243,"RMSE_upper_bound":0.9111805529,"MAE":0.5786666667,"MAE_lower_bound":0.4256666667,"MAE_upper_bound":0.7423333333,"ME":-0.0093333333,"ME_lower_bound":-0.259,"ME_upper_bound":0.2633333333,"R2":0.9251270636,"R2_lower_bound":0.869956126,"R2_upper_bound":0.9633895551,"m":0.9285751767,"m_lower_bound":0.8130357115,"m_upper_bound":1.0305287103},"xmyhm":{"name":"ACD\/pKa Classic","RMSE":0.7739142933,"RMSE_lower_bound":0.499903324,"RMSE_upper_bound":1.0281423377,"MAE":0.5456666667,"MAE_lower_bound":0.3683333333,"MAE_upper_bound":0.755,"ME":-0.1016666667,"ME_lower_bound":-0.3676666667,"ME_upper_bound":0.177,"R2":0.9158505204,"R2_lower_bound":0.8293134341,"R2_upper_bound":0.968512787,"m":0.9337188439,"m_lower_bound":0.8172129751,"m_upper_bound":1.043276029},"yqkga":{"name":"ReSCoSS conformations \/\/ COSMOtherm pKa","RMSE":0.9025944087,"RMSE_lower_bound":0.6852566429,"RMSE_upper_bound":1.1194060925,"MAE":0.7096666667,"MAE_lower_bound":0.5153333333,"MAE_upper_bound":0.9133333333,"ME":0.2883333333,"ME_lower_bound":-0.033,"ME_upper_bound":0.586,"R2":0.9006140699,"R2_lower_bound":0.823553815,"R2_upper_bound":0.952724172,"m":0.9007532278,"m_lower_bound":0.7770177528,"m_upper_bound":1.0371881945},"nb007":{"name":"Epik-sequential","RMSE":0.9682075224,"RMSE_lower_bound":0.7676881928,"RMSE_upper_bound":1.1708047963,"MAE":0.8103225806,"MAE_lower_bound":0.6351612903,"MAE_upper_bound":0.9993548387,"ME":-0.0251612903,"ME_lower_bound":-0.3612903226,"ME_upper_bound":0.3261290323,"R2":0.8706802643,"R2_lower_bound":0.7614298169,"R2_upper_bound":0.9341302487,"m":0.9966595086,"m_lower_bound":0.855083235,"m_upper_bound":1.1168788664},"8xt50":{"name":"ReSCoSS conformations \/\/ DSD-BLYP-D3 reranking \/\/ COSMOtherm pKa","RMSE":1.0714295545,"RMSE_lower_bound":0.7736048837,"RMSE_upper_bound":1.3615337651,"MAE":0.8141935484,"MAE_lower_bound":0.5774193548,"MAE_upper_bound":1.0696774194,"ME":0.4748387097,"ME_lower_bound":0.1370967742,"ME_upper_bound":0.8335483871,"R2":0.9055345285,"R2_lower_bound":0.8409453503,"R2_upper_bound":0.951938383,"m":0.8399273238,"m_lower_bound":0.7459069607,"m_upper_bound":0.9544401115},"p0jba":{"name":"macroscopic pKa prediction from microscopic pKa predicted with Gaussian and separate fitting for neutral to negative and for positive to neutral transformations","RMSE":1.314747124,"RMSE_lower_bound":0.6874881817,"RMSE_upper_bound":1.72756476,"MAE":1.084,"MAE_lower_bound":0.428,"MAE_upper_bound":1.72,"ME":0.924,"ME_lower_bound":0.108,"ME_upper_bound":1.72,"R2":0.9099462335,"R2_lower_bound":0.5085281288,"R2_upper_bound":1.0,"m":0.7681553016,"m_lower_bound":0.5582524272,"m_upper_bound":1.5164498996},"37xm8":{"name":"ACD\/pKa GALAS","RMSE":1.3576704186,"RMSE_lower_bound":0.8554692199,"RMSE_upper_bound":1.8136997813,"MAE":0.9551724138,"MAE_lower_bound":0.6386206897,"MAE_upper_bound":1.3351724138,"ME":0.1013793103,"ME_lower_bound":-0.3920689655,"ME_upper_bound":0.6003448276,"R2":0.8536244441,"R2_lower_bound":0.7316431101,"R2_upper_bound":0.939849102,"m":0.7290520243,"m_lower_bound":0.6006031776,"m_upper_bound":0.8732509081},"hytjn":{"name":"OE Gaussian Process","RMSE":1.4336741012,"RMSE_lower_bound":0.9869939933,"RMSE_upper_bound":1.8221974568,"MAE":1.0335714286,"MAE_lower_bound":0.6846428571,"MAE_upper_bound":1.4178571429,"ME":-0.24,"ME_lower_bound":-0.7639285714,"ME_upper_bound":0.2785714286,"R2":0.6754901214,"R2_lower_bound":0.418345659,"R2_upper_bound":0.8533808742,"m":0.7951789196,"m_lower_bound":0.6014165706,"m_upper_bound":1.0067593296},"q3pfp":{"name":"OE Gaussian Process Resampled","RMSE":1.4837416506,"RMSE_lower_bound":1.0512492568,"RMSE_upper_bound":1.8692798461,"MAE":1.1403571429,"MAE_lower_bound":0.8057142857,"MAE_upper_bound":1.5103571429,"ME":-0.0903571429,"ME_lower_bound":-0.655,"ME_upper_bound":0.4575,"R2":0.6668527012,"R2_lower_bound":0.4319471,"R2_upper_bound":0.8386584908,"m":0.7522649239,"m_lower_bound":0.5647918487,"m_upper_bound":0.9700353392},"mkhqa":{"name":"EC-RISM\/MP2\/cc-pVTZ-P2-phi-all-2par","RMSE":1.59610817,"RMSE_lower_bound":1.1312068919,"RMSE_upper_bound":2.0473570689,"MAE":1.2387096774,"MAE_lower_bound":0.9012903226,"MAE_upper_bound":1.6141935484,"ME":0.3161290323,"ME_lower_bound":-0.2193548387,"ME_upper_bound":0.8932258065,"R2":0.8031710687,"R2_lower_bound":0.6673391441,"R2_upper_bound":0.9031210951,"m":0.704667184,"m_lower_bound":0.5650721547,"m_upper_bound":0.8344646175},"2ii2g":{"name":"EC-RISM\/MP2\/cc-pVTZ-P2-q-noThiols-2par","RMSE":1.6829448397,"RMSE_lower_bound":1.1969196576,"RMSE_upper_bound":2.1376497998,"MAE":1.3043333333,"MAE_lower_bound":0.9496666667,"MAE_upper_bound":1.7043333333,"ME":1.061,"ME_lower_bound":0.618,"ME_upper_bound":1.5413333333,"R2":0.8366160062,"R2_lower_bound":0.7306079558,"R2_upper_bound":0.916324606,"m":0.7798640061,"m_lower_bound":0.6385570995,"m_upper_bound":0.9266675963},"nb001":{"name":"EC-RISM\/MP2\/6-311+G(d,p)-P2-phi-all-2par","RMSE":1.7019361523,"RMSE_lower_bound":1.0664942569,"RMSE_upper_bound":2.3980172365,"MAE":1.2186666667,"MAE_lower_bound":0.8483333333,"MAE_upper_bound":1.6896666667,"ME":-0.422,"ME_lower_bound":-1.045,"ME_upper_bound":0.124,"R2":0.7920874494,"R2_lower_bound":0.6841591033,"R2_upper_bound":0.8989862193,"m":0.6644257909,"m_lower_bound":0.5160152151,"m_upper_bound":0.8555002099},"35bdm":{"name":"macroscopic pKa prediction from microscopic pKa predicted with Gaussian and global fitting","RMSE":1.718644815,"RMSE_lower_bound":0.6645750522,"RMSE_upper_bound":2.3379093225,"MAE":1.442,"MAE_lower_bound":0.622,"MAE_upper_bound":2.262,"ME":1.006,"ME_lower_bound":-0.134,"ME_upper_bound":2.178,"R2":0.9187503813,"R2_lower_bound":0.4629084321,"R2_upper_bound":1.0,"m":0.6353542689,"m_lower_bound":0.3938418058,"m_upper_bound":0.8062554109},"nb002":{"name":"EC-RISM\/MP2\/6-311+G(d,p)-P2-phi-noThiols-2par","RMSE":1.7196598501,"RMSE_lower_bound":1.0852895159,"RMSE_upper_bound":2.4154074881,"MAE":1.2503333333,"MAE_lower_bound":0.879,"MAE_upper_bound":1.721,"ME":-0.467,"ME_lower_bound":-1.102,"ME_upper_bound":0.0996666667,"R2":0.794416453,"R2_lower_bound":0.6878594954,"R2_upper_bound":0.9002709592,"m":0.6617854164,"m_lower_bound":0.5175607759,"m_upper_bound":0.8479437263},"ryzue":{"name":"Adiabatic scheme with single point correction for type III submission","RMSE":1.7448056243,"RMSE_lower_bound":1.3704403185,"RMSE_upper_bound":2.0998682498,"MAE":1.436,"MAE_lower_bound":1.087,"MAE_upper_bound":1.7973333333,"ME":-1.2266666667,"ME_lower_bound":-1.658,"ME_upper_bound":-0.7883333333,"R2":0.9221684516,"R2_lower_bound":0.8613194474,"R2_upper_bound":0.962340747,"m":0.709662576,"m_lower_bound":0.6432205911,"m_upper_bound":0.7987346484},"yc70m":{"name":"PCM\/B3LYP\/6-311+G(d,p)","RMSE":1.8777269825,"RMSE_lower_bound":1.5931696881,"RMSE_upper_bound":2.1531748812,"MAE":1.674137931,"MAE_lower_bound":1.3662068966,"MAE_upper_bound":1.9837931034,"ME":0.6879310345,"ME_lower_bound":0.02,"ME_upper_bound":1.3062068966,"R2":0.5313500782,"R2_lower_bound":0.3266703268,"R2_upper_bound":0.7208151047,"m":0.7930080409,"m_lower_bound":0.5737013257,"m_upper_bound":1.0785172129},"5byn6":{"name":"Adiabatic scheme for type III submission","RMSE":1.8907635142,"RMSE_lower_bound":1.4852957057,"RMSE_upper_bound":2.274688257,"MAE":1.5533333333,"MAE_lower_bound":1.1816666667,"MAE_upper_bound":1.9586666667,"ME":-1.2733333333,"ME_lower_bound":-1.7806666667,"ME_upper_bound":-0.7796666667,"R2":0.9121300058,"R2_lower_bound":0.8395875489,"R2_upper_bound":0.9590221112,