{"xvxzd":{"name":"Full quantum chemical calculation of free energies and fit to experimental pKa","RMSE":0.6800760607,"RMSE_lower_bound":0.5464682847,"RMSE_upper_bound":0.8134473257,"MAE":0.5786206897,"MAE_lower_bound":0.4513793103,"MAE_upper_bound":0.7131034483,"ME":-0.2351724138,"ME_lower_bound":-0.4548275862,"ME_upper_bound":0.0075862069,"R2":0.9373019916,"R2_lower_bound":0.8758046169,"R2_upper_bound":0.9716072071,"m":1.0153730965,"m_lower_bound":0.9138242575,"m_upper_bound":1.114114762},"gyuhx":{"name":"S+pKa","RMSE":0.7299817349,"RMSE_lower_bound":0.548980874,"RMSE_upper_bound":0.913141099,"MAE":0.5786666667,"MAE_lower_bound":0.4276666667,"MAE_upper_bound":0.744,"ME":-0.0093333333,"ME_lower_bound":-0.262,"ME_upper_bound":0.261,"R2":0.9251270636,"R2_lower_bound":0.8672251471,"R2_upper_bound":0.9633626744,"m":0.9285751767,"m_lower_bound":0.8106602527,"m_upper_bound":1.0281328569},"xmyhm":{"name":"ACD\/pKa Classic","RMSE":0.7739142933,"RMSE_lower_bound":0.4951901991,"RMSE_upper_bound":1.0353244258,"MAE":0.5456666667,"MAE_lower_bound":0.365,"MAE_upper_bound":0.7613333333,"ME":-0.1016666667,"ME_lower_bound":-0.3756666667,"ME_upper_bound":0.177,"R2":0.9158505204,"R2_lower_bound":0.8285671865,"R2_upper_bound":0.9686816112,"m":0.9337188439,"m_lower_bound":0.8176019582,"m_upper_bound":1.0436600429},"yqkga":{"name":"ReSCoSS conformations \/\/ COSMOtherm pKa","RMSE":0.9025944087,"RMSE_lower_bound":0.6885249935,"RMSE_upper_bound":1.1170452095,"MAE":0.7096666667,"MAE_lower_bound":0.5226666667,"MAE_upper_bound":0.916,"ME":0.2883333333,"ME_lower_bound":-0.028,"ME_upper_bound":0.5866666667,"R2":0.9006140699,"R2_lower_bound":0.8170101544,"R2_upper_bound":0.952244152,"m":0.9007532278,"m_lower_bound":0.7718913235,"m_upper_bound":1.0386623185},"nb007":{"name":"Epik-sequential","RMSE":0.9682075224,"RMSE_lower_bound":0.7676923947,"RMSE_upper_bound":1.1727387301,"MAE":0.8103225806,"MAE_lower_bound":0.6322580645,"MAE_upper_bound":1.0032258065,"ME":-0.0251612903,"ME_lower_bound":-0.355483871,"ME_upper_bound":0.3235483871,"R2":0.8706802643,"R2_lower_bound":0.7605664756,"R2_upper_bound":0.9337720127,"m":0.9966595086,"m_lower_bound":0.854501004,"m_upper_bound":1.1189170866},"8xt50":{"name":"ReSCoSS conformations \/\/ DSD-BLYP-D3 reranking \/\/ COSMOtherm pKa","RMSE":1.0714295545,"RMSE_lower_bound":0.7775333205,"RMSE_upper_bound":1.3582970838,"MAE":0.8141935484,"MAE_lower_bound":0.5780645161,"MAE_upper_bound":1.0716129032,"ME":0.4748387097,"ME_lower_bound":0.1474193548,"ME_upper_bound":0.8177419355,"R2":0.9055345285,"R2_lower_bound":0.8446126924,"R2_upper_bound":0.9509670436,"m":0.8399273238,"m_lower_bound":0.7464298388,"m_upper_bound":0.9566152999},"p0jba":{"name":"macroscopic pKa prediction from microscopic pKa predicted with Gaussian and separate fitting for neutral to negative and for positive to neutral transformations","RMSE":1.314747124,"RMSE_lower_bound":0.6874881817,"RMSE_upper_bound":1.72756476,"MAE":1.084,"MAE_lower_bound":0.428,"MAE_upper_bound":1.72,"ME":0.924,"ME_lower_bound":0.108,"ME_upper_bound":1.72,"R2":0.9099462335,"R2_lower_bound":0.5221912357,"R2_upper_bound":1.0,"m":0.7681553016,"m_lower_bound":0.5582524272,"m_upper_bound":1.5164498996},"37xm8":{"name":"ACD\/pKa GALAS","RMSE":1.3576704186,"RMSE_lower_bound":0.8484590495,"RMSE_upper_bound":1.8192713585,"MAE":0.9551724138,"MAE_lower_bound":0.6386206897,"MAE_upper_bound":1.3375862069,"ME":0.1013793103,"ME_lower_bound":-0.3913793103,"ME_upper_bound":0.5913793103,"R2":0.8536244441,"R2_lower_bound":0.7258369134,"R2_upper_bound":0.938531379,"m":0.7290520243,"m_lower_bound":0.5985800168,"m_upper_bound":0.8738635313},"hytjn":{"name":"OE Gaussian Process","RMSE":1.4336741012,"RMSE_lower_bound":0.9904598499,"RMSE_upper_bound":1.8249608606,"MAE":1.0335714286,"MAE_lower_bound":0.69,"MAE_upper_bound":1.4210714286,"ME":-0.24,"ME_lower_bound":-0.7835714286,"ME_upper_bound":0.2785714286,"R2":0.6754901214,"R2_lower_bound":0.4258897903,"R2_upper_bound":0.8516656074,"m":0.7951789196,"m_lower_bound":0.5984459285,"m_upper_bound":1.0064115409},"q3pfp":{"name":"OE Gaussian Process Resampled","RMSE":1.4837416506,"RMSE_lower_bound":1.0578144585,"RMSE_upper_bound":1.8707714222,"MAE":1.1403571429,"MAE_lower_bound":0.8053571429,"MAE_upper_bound":1.5064285714,"ME":-0.0903571429,"ME_lower_bound":-0.6546428571,"ME_upper_bound":0.4403571429,"R2":0.6668527012,"R2_lower_bound":0.4328427342,"R2_upper_bound":0.8352870884,"m":0.7522649239,"m_lower_bound":0.5677500982,"m_upper_bound":0.9648127342},"mkhqa":{"name":"EC-RISM\/MP2\/cc-pVTZ-P2-phi-all-2par","RMSE":1.59610817,"RMSE_lower_bound":1.1369880982,"RMSE_upper_bound":2.0459282931,"MAE":1.2387096774,"MAE_lower_bound":0.9077419355,"MAE_upper_bound":1.6138709677,"ME":0.3161290323,"ME_lower_bound":-0.2309677419,"ME_upper_bound":0.8819354839,"R2":0.8031710687,"R2_lower_bound":0.6743095354,"R2_upper_bound":0.9027811384,"m":0.704667184,"m_lower_bound":0.5685764597,"m_upper_bound":0.8374101144},"2ii2g":{"name":"EC-RISM\/MP2\/cc-pVTZ-P2-q-noThiols-2par","RMSE":1.6829448397,"RMSE_lower_bound":1.2060527904,"RMSE_upper_bound":2.1417772993,"MAE":1.3043333333,"MAE_lower_bound":0.9473333333,"MAE_upper_bound":1.7126666667,"ME":1.061,"ME_lower_bound":0.615,"ME_upper_bound":1.5443333333,"R2":0.8366160062,"R2_lower_bound":0.7291680732,"R2_upper_bound":0.9165279479,"m":0.7798640061,"m_lower_bound":0.6392976904,"m_upper_bound":0.9258233333},"nb001":{"name":"EC-RISM\/MP2\/6-311+G(d,p)-P2-phi-all-2par","RMSE":1.7019361523,"RMSE_lower_bound":1.0531587408,"RMSE_upper_bound":2.3894539125,"MAE":1.2186666667,"MAE_lower_bound":0.8316666667,"MAE_upper_bound":1.6846666667,"ME":-0.422,"ME_lower_bound":-1.0313333333,"ME_upper_bound":0.1386666667,"R2":0.7920874494,"R2_lower_bound":0.6818717053,"R2_upper_bound":0.8999741655,"m":0.6644257909,"m_lower_bound":0.5193023959,"m_upper_bound":0.8591660525},"35bdm":{"name":"macroscopic pKa prediction from microscopic pKa predicted with Gaussian and global fitting","RMSE":1.718644815,"RMSE_lower_bound":0.6660930866,"RMSE_upper_bound":2.3379093225,"MAE":1.442,"MAE_lower_bound":0.624,"MAE_upper_bound":2.262,"ME":1.006,"ME_lower_bound":-0.134,"ME_upper_bound":2.178,"R2":0.9187503813,"R2_lower_bound":0.4629084321,"R2_upper_bound":1.0,"m":0.6353542689,"m_lower_bound":0.3938418058,"m_upper_bound":0.7851087274},"nb002":{"name":"EC-RISM\/MP2\/6-311+G(d,p)-P2-phi-noThiols-2par","RMSE":1.7196598501,"RMSE_lower_bound":1.0755525712,"RMSE_upper_bound":2.4064406634,"MAE":1.2503333333,"MAE_lower_bound":0.873,"MAE_upper_bound":1.705,"ME":-0.467,"ME_lower_bound":-1.08,"ME_upper_bound":0.1016666667,"R2":0.794416453,"R2_lower_bound":0.6866084464,"R2_upper_bound":0.9019920575,"m":0.6617854164,"m_lower_bound":0.5170097395,"m_upper_bound":0.8515278049},"ryzue":{"name":"Adiabatic scheme with single point correction for type III submission","RMSE":1.7448056243,"RMSE_lower_bound":1.3621404724,"RMSE_upper_bound":2.11372499,"MAE":1.436,"MAE_lower_bound":1.083,"MAE_upper_bound":1.8083333333,"ME":-1.2266666667,"ME_lower_bound":-1.675,"ME_upper_bound":-0.7666666667,"R2":0.9221684516,"R2_lower_bound":0.8615748171,"R2_upper_bound":0.9631847281,"m":0.709662576,"m_lower_bound":0.6421668253,"m_upper_bound":0.7978717372},"yc70m":{"name":"PCM\/B3LYP\/6-311+G(d,p)","RMSE":1.8777269825,"RMSE_lower_bound":1.5933168614,"RMSE_upper_bound":2.1555725697,"MAE":1.674137931,"MAE_lower_bound":1.3682758621,"MAE_upper_bound":1.9868965517,"ME":0.6879310345,"ME_lower_bound":0.0262068966,"ME_upper_bound":1.2796551724,"R2":0.5313500782,"R2_lower_bound":0.3295636008,"R2_upper_bound":0.7230526033,"m":0.7930080409,"m_lower_bound":0.5746141572,"m_upper_bound":1.0773004787},"5byn6":{"name":"Adiabatic scheme for type III submission","RMSE":1.8907635142,"RMSE_lower_bound":1.4880300176,"RMSE_upper_bound":2.2737809921,"MAE":1.5533333333,"MAE_lower_bound":1.182,"MAE_upper_bound":1.946,"ME":-1.2733333333,"ME_lower_bound":-1.774,"ME_upper_bound":-0.768,"R2":0.9121300058,"R2_lower_bound":0.8430651725,"R2_upper_bound":0.9586775238,