,MAE,MAE_lower_CI,MAE_upper_CI,Molecule ID,RMSE,RMSE_lower_CI,RMSE_upper_CI
0,0.20600000000000004,0.06799999999999998,0.36999999999999994,SM02,0.26791789787171744,0.07745966692414843,0.4088275920238261
3,0.35750000000000015,0.10499999999999998,0.6975,SM09,0.47767666888806715,0.12903487900563923,0.7587983921965045
4,0.4225000000000001,0.13000000000000012,0.8475000000000001,SM12,0.560245481909493,0.16643316977093228,0.9107277309931877
2,0.4833333333333334,0.3799999999999999,0.5700000000000003,SM07,0.489659745809952,0.3799999999999999,0.5700000000000003
6,0.507,0.31399999999999983,0.699,SM14,0.5931525941947822,0.399136568106707,0.74271798147076
5,0.5279999999999998,0.22799999999999992,0.8279999999999996,SM13,0.6270885104991157,0.258302148655407,0.8483867042805416
1,0.5779999999999997,0.3119999999999997,0.7900000000000003,SM04,0.6411084151686044,0.4136423575989282,0.808616101744208
7,0.5849999999999997,0.23299999999999974,1.1009999999999998,SM15,0.9246350631465367,0.2838837790364219,1.4807059127321671
