{"nb011":{"name":"Jaguar","RMSE":0.4682706689,"RMSE_lower_bound":0.2984584047,"RMSE_upper_bound":0.646963129,"MAE":0.3290322581,"MAE_lower_bound":0.2219354839,"MAE_upper_bound":0.4574193548,"ME":-0.0187096774,"ME_lower_bound":-0.1903225806,"ME_upper_bound":0.1396774194,"R2":0.971344346,"R2_lower_bound":0.9339823886,"R2_upper_bound":0.9896705286,"m":1.0103771151,"m_lower_bound":0.9655436519,"m_upper_bound":1.0618077765},"4o0ia":{"name":"EC-RISM\/MP2\/cc-pVTZ-P3NI-phi-noThiols-2par","RMSE":0.6638232373,"RMSE_lower_bound":0.4401392741,"RMSE_upper_bound":0.8590129369,"MAE":0.465483871,"MAE_lower_bound":0.3103225806,"MAE_upper_bound":0.6393548387,"ME":0.0029032258,"ME_lower_bound":-0.2222580645,"ME_upper_bound":0.2403225806,"R2":0.9399215806,"R2_lower_bound":0.8866842872,"R2_upper_bound":0.9771404673,"m":0.9665817004,"m_lower_bound":0.8690489271,"m_upper_bound":1.0490091172},"nb008":{"name":"Epik Microscopic","RMSE":0.7606554191,"RMSE_lower_bound":0.4806453994,"RMSE_upper_bound":1.0234435337,"MAE":0.523,"MAE_lower_bound":0.3383333333,"MAE_upper_bound":0.7346666667,"ME":-0.0843333333,"ME_lower_bound":-0.3706666667,"ME_upper_bound":0.1703333333,"R2":0.9300418845,"R2_lower_bound":0.8448576348,"R2_upper_bound":0.9762982809,"m":0.8529269779,"m_lower_bound":0.7862045652,"m_upper_bound":0.9251208275},"0xi4b":{"name":"EC-RISM\/B3LYP\/6-311+G(d,p)-P3NI-phi-noThiols-2par","RMSE":0.8384728181,"RMSE_lower_bound":0.5851524018,"RMSE_upper_bound":1.0735703672,"MAE":0.613,"MAE_lower_bound":0.4216666667,"MAE_upper_bound":0.829,"ME":0.221,"ME_lower_bound":-0.0653333333,"ME_upper_bound":0.5156666667,"R2":0.9187440158,"R2_lower_bound":0.840459131,"R2_upper_bound":0.9651188815,"m":0.9989472084,"m_lower_bound":0.9154169655,"m_upper_bound":1.0863863318},"nb016":{"name":"MoKa","RMSE":0.9515720076,"RMSE_lower_bound":0.7101911212,"RMSE_upper_bound":1.1791764681,"MAE":0.7667857143,"MAE_lower_bound":0.5671428571,"MAE_upper_bound":0.9839285714,"ME":-0.2253571429,"ME_lower_bound":-0.5753571429,"ME_upper_bound":0.1078571429,"R2":0.8947376632,"R2_lower_bound":0.8259726471,"R2_upper_bound":0.9461555276,"m":0.9353174533,"m_lower_bound":0.8202466575,"m_upper_bound":1.0731223759},"eyetm":{"name":"ReSCoSS conformations \/\/ DSD-BLYP-D3 reranking \/\/ COSMOtherm pKa","RMSE":0.9785489587,"RMSE_lower_bound":0.6906682131,"RMSE_upper_bound":1.2628628511,"MAE":0.7196774194,"MAE_lower_bound":0.4980645161,"MAE_upper_bound":0.9587096774,"ME":-0.3177419355,"ME_lower_bound":-0.6470967742,"ME_upper_bound":-0.0048387097,"R2":0.914922344,"R2_lower_bound":0.8558837477,"R2_upper_bound":0.9570403358,"m":1.0891567337,"m_lower_bound":0.9452807077,"m_upper_bound":1.2195644592},"2umai":{"name":"EC-RISM\/MP2\/6-311+G(d,p)-P3NI-phi-all-2par","RMSE":1.0038874439,"RMSE_lower_bound":0.4649910393,"RMSE_upper_bound":1.542551998,"MAE":0.5743333333,"MAE_lower_bound":0.3276666667,"MAE_upper_bound":0.9083333333,"ME":0.067,"ME_lower_bound":-0.253,"ME_upper_bound":0.467,"R2":0.9056099446,"R2_lower_bound":0.8291225444,"R2_upper_bound":0.9757613061,"m":1.0956256074,"m_lower_bound":0.9607431181,"m_upper_bound":1.2617922452},"arcko":{"name":"Vertical scheme for type I submission","RMSE":1.0414939642,"RMSE_lower_bound":0.7316508069,"RMSE_upper_bound":1.3232950077,"MAE":0.7670967742,"MAE_lower_bound":0.5309677419,"MAE_upper_bound":1.03,"ME":0.3664516129,"ME_lower_bound":0.0390322581,"ME_upper_bound":0.7167741935,"R2":0.8860623624,"R2_lower_bound":0.8013322268,"R2_upper_bound":0.9422123066,"m":1.0097777152,"m_lower_bound":0.9001850566,"m_upper_bound":1.1381099336},"8toyp":{"name":"EC-RISM\/MP2\/6-311+G(d,p)-P3NI-phi-all-1par","RMSE":1.1344837299,"RMSE_lower_bound":0.6045769871,"RMSE_upper_bound":1.6646621279,"MAE":0.696,"MAE_lower_bound":0.4143333333,"MAE_upper_bound":1.0516666667,"ME":0.128,"ME_lower_bound":-0.2576666667,"ME_upper_bound":0.5593333333,"R2":0.8839921143,"R2_lower_bound":0.8116569602,"R2_upper_bound":0.9612961168,"m":1.1025374168,"m_lower_bound":0.9758487224,"m_upper_bound":1.2970934408},"qsicn":{"name":"microscopic pKa prediction with Gaussian and separate fitting for neutral to negative and for positive to neutral transformations","RMSE":1.1653154079,"RMSE_lower_bound":0.2963781368,"RMSE_upper_bound":1.6471854783,"MAE":0.884,"MAE_lower_bound":0.228,"MAE_upper_bound":1.54,"ME":-0.764,"ME_lower_bound":-1.54,"ME_upper_bound":0.012,"R2":0.9140146489,"R2_lower_bound":0.4539431412,"R2_upper_bound":1.0,"m":1.1616411079,"m_lower_bound":0.5188352992,"m_upper_bound":1.591796875},"6tvf8":{"name":"OE Gaussian Process","RMSE":1.8827789745,"RMSE_lower_bound":0.8772247907,"RMSE_upper_bound":2.8451613897,"MAE":1.023,"MAE_lower_bound":0.536,"MAE_upper_bound":1.654,"ME":0.4523333333,"ME_lower_bound":-0.1383333333,"ME_upper_bound":1.184,"R2":0.51462981,"R2_lower_bound":0.1582138299,"R2_upper_bound":0.8757399884,"m":0.5835883212,"m_lower_bound":0.2618758249,"m_upper_bound":0.8909941202},"0wfzo":{"name":"Explicit solvent submission 1","RMSE":2.8941955259,"RMSE_lower_bound":1.7341754571,"RMSE_upper_bound":3.9312749307,"MAE":1.88,"MAE_lower_bound":1.1703225806,"MAE_upper_bound":2.7303225806,"ME":0.7619354839,"ME_lower_bound":-0.164516129,"ME_upper_bound":1.8316129032,"R2":0.4789367406,"R2_lower_bound":0.2126407438,"R2_upper_bound":0.7514119143,"m":0.9945943532,"m_lower_bound":0.6018453344,"m_upper_bound":1.3905087671},"758j8":{"name":"Explicit solvent submission 3","RMSE":4.5237028082,"RMSE_lower_bound":2.6312520018,"RMSE_upper_bound":6.1598025733,"MAE":2.9487096774,"MAE_lower_bound":1.8429032258,"MAE_upper_bound":4.2583870968,"ME":1.8461290323,"ME_lower_bound":0.4806451613,"ME_upper_bound":3.4222580645,"R2":0.2423170189,"R2_lower_bound":0.0152802319,"R2_upper_bound":0.5789466948,"m":0.8643850298,"m_lower_bound":0.1953237289,"m_upper_bound":1.5032164894}}