{"nb011":{"name":"Jaguar","RMSE":0.4682706689,"RMSE_lower_bound":0.3053342959,"RMSE_upper_bound":0.6216289735,"MAE":0.3290322581,"MAE_lower_bound":0.2235483871,"MAE_upper_bound":0.4425806452,"ME":-0.0187096774,"ME_lower_bound":-0.184516129,"ME_upper_bound":0.1467741935,"R2":0.971344346,"R2_lower_bound":0.9399091924,"R2_upper_bound":0.9895886695,"m":1.0103771151,"m_lower_bound":0.9686595473,"m_upper_bound":1.0596248042},"hdiyq":{"name":"S+pKa","RMSE":0.6240424923,"RMSE_lower_bound":0.4735044367,"RMSE_upper_bound":0.7532767131,"MAE":0.4680645161,"MAE_lower_bound":0.3293548387,"MAE_upper_bound":0.6148387097,"ME":0.1274193548,"ME_lower_bound":-0.0851612903,"ME_upper_bound":0.3406451613,"R2":0.9501427068,"R2_lower_bound":0.9195034741,"R2_upper_bound":0.9737243978,"m":0.9899067824,"m_lower_bound":0.9187917757,"m_upper_bound":1.0824205667},"epvmk":{"name":"EC-RISM\/MP2\/cc-pVTZ-P2-phi-noThiols-2par","RMSE":0.6309079391,"RMSE_lower_bound":0.4293820741,"RMSE_upper_bound":0.8116543344,"MAE":0.4693103448,"MAE_lower_bound":0.3234482759,"MAE_upper_bound":0.6413793103,"ME":-0.0237931034,"ME_lower_bound":-0.2606896552,"ME_upper_bound":0.2393103448,"R2":0.9487355886,"R2_lower_bound":0.8937691173,"R2_upper_bound":0.9805817722,"m":0.9816674428,"m_lower_bound":0.912049557,"m_upper_bound":1.0425078123},"xnoe0":{"name":"EC-RISM\/MP2\/cc-pVTZ-P2-phi-all-2par","RMSE":0.6470831992,"RMSE_lower_bound":0.4677178637,"RMSE_upper_bound":0.8301566117,"MAE":0.499,"MAE_lower_bound":0.3626666667,"MAE_upper_bound":0.6703333333,"ME":-0.099,"ME_lower_bound":-0.349,"ME_upper_bound":0.132,"R2":0.9476192633,"R2_lower_bound":0.8850367862,"R2_upper_bound":0.9786357772,"m":0.9947022977,"m_lower_bound":0.9195140649,"m_upper_bound":1.0550310372},"gdqeg":{"name":"PCM\/B3LYP\/6-311+G(d,p)","RMSE":0.6527454838,"RMSE_lower_bound":0.4058160503,"RMSE_upper_bound":0.8858686885,"MAE":0.4336666667,"MAE_lower_bound":0.2753333333,"MAE_upper_bound":0.6163333333,"ME":0.113,"ME_lower_bound":-0.0996666667,"ME_upper_bound":0.3393333333,"R2":0.9412098798,"R2_lower_bound":0.8750974911,"R2_upper_bound":0.981392299,"m":0.9451948352,"m_lower_bound":0.8595927805,"m_upper_bound":1.0282956942},"4o0ia":{"name":"EC-RISM\/MP2\/cc-pVTZ-P3NI-phi-noThiols-2par","RMSE":0.6638232373,"RMSE_lower_bound":0.4440502732,"RMSE_upper_bound":0.8714318954,"MAE":0.465483871,"MAE_lower_bound":0.3119354839,"MAE_upper_bound":0.6393548387,"ME":0.0029032258,"ME_lower_bound":-0.22,"ME_upper_bound":0.2441935484,"R2":0.9399215806,"R2_lower_bound":0.8873698325,"R2_upper_bound":0.979080875,"m":0.9665817004,"m_lower_bound":0.8783568844,"m_upper_bound":1.0486200508},"nb008":{"name":"Epik Microscopic","RMSE":0.7606554191,"RMSE_lower_bound":0.4846029302,"RMSE_upper_bound":1.0346029834,"MAE":0.523,"MAE_lower_bound":0.3413333333,"MAE_upper_bound":0.753,"ME":-0.0843333333,"ME_lower_bound":-0.404,"ME_upper_bound":0.187,"R2":0.9300418845,"R2_lower_bound":0.8438727676,"R2_upper_bound":0.976669973,"m":0.8529269779,"m_lower_bound":0.7804285022,"m_upper_bound":0.9298869832},"ccpmw":{"name":"ReSCoSS conformations \/\/ COSMOtherm pKa","RMSE":0.7883342995,"RMSE_lower_bound":0.6080879605,"RMSE_upper_bound":0.9373745077,"MAE":0.6219354839,"MAE_lower_bound":0.4425806452,"MAE_upper_bound":0.7980645161,"ME":-0.1690322581,"ME_lower_bound":-0.43,"ME_upper_bound":0.1012903226,"R2":0.9190546674,"R2_lower_bound":0.8634838463,"R2_upper_bound":0.9569721743,"m":0.947938055,"m_lower_bound":0.8257578527,"m_upper_bound":1.0509652633},"0xi4b":{"name":"EC-RISM\/B3LYP\/6-311+G(d,p)-P3NI-phi-noThiols-2par","RMSE":0.8384728181,"RMSE_lower_bound":0.5837008366,"RMSE_upper_bound":1.0635992353,"MAE":0.613,"MAE_lower_bound":0.4213333333,"MAE_upper_bound":0.8193333333,"ME":0.221,"ME_lower_bound":-0.075,"ME_upper_bound":0.5086666667,"R2":0.9187440158,"R2_lower_bound":0.8351501289,"R2_upper_bound":0.9652175087,"m":0.9989472084,"m_lower_bound":0.9148582385,"m_upper_bound":1.0907161441},"cywyk":{"name":"EC-RISM\/B3LYP\/6-311+G(d,p)-P2-phi-noThiols-2par","RMSE":0.8603450171,"RMSE_lower_bound":0.6019966777,"RMSE_upper_bound":1.0933125162,"MAE":0.6212903226,"MAE_lower_bound":0.4158064516,"MAE_upper_bound":0.8461290323,"ME":0.1316129032,"ME_lower_bound":-0.1716129032,"ME_upper_bound":0.4264516129,"R2":0.9037683066,"R2_lower_bound":0.8247099372,"R2_upper_bound":0.9556514708,"m":0.9605288442,"m_lower_bound":0.8659211483,"m_upper_bound":1.0788668858},"ftc8w":{"name":"EC-RISM\/MP2\/cc-pVTZ-P2-q-noThiols-2par","RMSE":0.8609053749,"RMSE_lower_bound":0.5228766585,"RMSE_upper_bound":1.1699048762,"MAE":0.5880645161,"MAE_lower_bound":0.3948387097,"MAE_upper_bound":0.8364516129,"ME":0.1003225806,"ME_lower_bound":-0.1990322581,"ME_upper_bound":0.4167741935,"R2":0.8994197619,"R2_lower_bound":0.7697909289,"R2_upper_bound":0.9682031413,"m":0.9171960667,"m_lower_bound":0.8392793166,"m_upper_bound":0.9797421632},"nxaaw":{"name":"EC-RISM\/B3LYP\/6-311+G(d,p)-P3NI-q-noThiols-2par","RMSE":0.8940592461,"RMSE_lower_bound":0.5619465019,"RMSE_upper_bound":1.2528020208,"MAE":0.6148387097,"MAE_lower_bound":0.4148387097,"MAE_upper_bound":0.8809677419,"ME":-0.024516129,"ME_lower_bound":-0.3287096774,"ME_upper_bound":0.2767741935,"R2":0.8919381027,"R2_lower_bound":0.7538700805,"R2_upper_bound":0.9650997089,"m":0.9363239269,"m_lower_bound":0.8496839556,"m_upper_bound":1.008537329},"nb016":{"name":"MoKa","RMSE":0.9515720076,"RMSE_lower_bound":0.7147651962,"RMSE_upper_bound":1.1702518044,"MAE":0.7667857143,"MAE_lower_bound":0.5725,"MAE_upper_bound":0.9753571429,"ME":-0.2253571429,"ME_lower_bound":-0.565,"ME_upper_bound":0.1175,"R2":0.8947376632,"R2_lower_bound":0.8276594232,"R2_upper_bound":0.9467057255,"m":0.9353174533,"m_lower_bound":0.8252774819,"m_upper_bound":1.0559298191},"kxztt":{"name":"EC-RISM\/MP2\/6-311+G(d,p)-P3NI-q-noThiols-2par","RMSE":0.959349578,"RMSE_lower_bound":0.5736161468,"RMSE_upper_bound":1.3427823785,"MAE":0.6403225806,"MAE_lower_bound":0.43,"MAE_upper_bound":0.924516129,"ME":0.0029032258,"ME_lower_bound":-0.3241935484,"ME_upper_bound":0.3806451613,"R2":0.9000792881,"R2_lower_bound":0.7529269048,"R2_upper_bound":0.9718692827,"m":1.0563681891,"m_lower_bound":0.9554135711,"m_upper_bound":1.1347234035},"eyetm":{"name":"ReSCoSS conformations \/\/ DSD-BLYP-D3 reranking \/\/ COSMOtherm pKa","RMSE":0.9785489587,"RMSE_lower_bound":0.6831001438,"RMSE_upper_bound":1.2710435134,"MAE":0.7196774194,"MAE_lower_bound":0.4896774194,"MAE_upper_bound":0.9729032258,"ME":-0.3177419355,"ME_lower_bound":-0.6583870968,"ME_upper_bound":0.0119354839,"R2":0.914922344,"R2_lower_bound":0.859890263,"R2_upper_bound":0.9573922267,"m":1.0891567337,"m_lower_bound":0.9528413456,"m_upper_bound":1.2269094875},"cm2yq":{"name":"EC-RISM\/MP2\/6-311+G(d,p)-P3NI-phi-noThiols-2par","RMSE":0.9939533859,"RMSE_lower_bound":0.4535746907,"RMSE_upper_bound":1.550141929,"MAE":0.561,"MAE_lower_bound":0.3173333333,"MAE_upper_bound":0.9153333333,"ME":0.103,"ME_lower_bound":-0.207,"ME_upper_bound":0.4963333333,"R2":0.9062472701,"R2_lower_bound":0.8298668649,"R2_upper_bound":0.9771199237,"m":1.0894409179,"m_lower_bound":0.9660392588,"m_upper_bound":1.2440662696},"2umai":{"name":"EC-RISM\/MP2\/6-311+G(d,p)-P3NI-phi-all-2par","RMSE":1.0038874439,"RMSE_lower_bound":0.4653958888,"RMSE_upper_bound":1.6182593529,"MAE":0.5743333333,"MAE_lower_bound":0.3193333333,"MAE_upper_bound":0.9426666667,"ME":0.067,"ME_lower_bound":-0.2796666667,"ME_upper_bound":0.461,"R2":0.9056099446,"R2_lower_bound":0.8151375,"R2_upper_bound":0.9776243253,"m":1.0956256074,"m_lower_bound":0.9673688406,"m_upper_bound":1.2661586502},"ko8yx":{"name":"Adiabatic scheme with single point correction for type I submission","RMSE":1.0118507476,"RMSE_lower_bound":0.7311303666,"RMSE_upper_bound":1.2686034994,"MAE":0.7816129032,"MAE_lower_bound":0.5577419355,"MAE_upper_bound":1.0190322581,"ME":0.3487096774,"ME_lower_bound":0.0174193548,"ME_upper_bound":0.6993548387,"R2":0.9055980019,"R2_lower_bound":0.8046145136,"R2_upper_bound":0.9563335375,"m":1.0708579401,"m_lower_bound":0.9597968472,