{"nb011":{"name":"Jaguar","RMSE":0.4682706689,"RMSE_lower_bound":0.3027295184,"RMSE_upper_bound":0.6423294301,"MAE":0.3290322581,"MAE_lower_bound":0.2238709677,"MAE_upper_bound":0.4525806452,"ME":-0.0187096774,"ME_lower_bound":-0.1903225806,"ME_upper_bound":0.1461290323,"R2":0.971344346,"R2_lower_bound":0.9348763003,"R2_upper_bound":0.9896128259,"m":1.0103771151,"m_lower_bound":0.9657011886,"m_upper_bound":1.059571216},"hdiyq":{"name":"S+pKa","RMSE":0.6240424923,"RMSE_lower_bound":0.4705281864,"RMSE_upper_bound":0.7545026133,"MAE":0.4680645161,"MAE_lower_bound":0.3261290323,"MAE_upper_bound":0.6164516129,"ME":0.1274193548,"ME_lower_bound":-0.0893548387,"ME_upper_bound":0.3425806452,"R2":0.9501427068,"R2_lower_bound":0.9190529135,"R2_upper_bound":0.9745891309,"m":0.9899067824,"m_lower_bound":0.9162399241,"m_upper_bound":1.0863857749},"epvmk":{"name":"EC-RISM\/MP2\/cc-pVTZ-P2-phi-noThiols-2par","RMSE":0.6309079391,"RMSE_lower_bound":0.4360638991,"RMSE_upper_bound":0.8105255851,"MAE":0.4693103448,"MAE_lower_bound":0.324137931,"MAE_upper_bound":0.6324137931,"ME":-0.0237931034,"ME_lower_bound":-0.2472413793,"ME_upper_bound":0.2082758621,"R2":0.9487355886,"R2_lower_bound":0.8894599784,"R2_upper_bound":0.979935793,"m":0.9816674428,"m_lower_bound":0.9130115607,"m_upper_bound":1.0442396189},"xnoe0":{"name":"EC-RISM\/MP2\/cc-pVTZ-P2-phi-all-2par","RMSE":0.6470831992,"RMSE_lower_bound":0.4652741128,"RMSE_upper_bound":0.8145018928,"MAE":0.499,"MAE_lower_bound":0.357,"MAE_upper_bound":0.6526666667,"ME":-0.099,"ME_lower_bound":-0.3303333333,"ME_upper_bound":0.1326666667,"R2":0.9476192633,"R2_lower_bound":0.8908300821,"R2_upper_bound":0.9781334516,"m":0.9947022977,"m_lower_bound":0.9251945181,"m_upper_bound":1.0554102772},"gdqeg":{"name":"PCM\/B3LYP\/6-311+G(d,p)","RMSE":0.6527454838,"RMSE_lower_bound":0.3988149111,"RMSE_upper_bound":0.8927224279,"MAE":0.4336666667,"MAE_lower_bound":0.2696666667,"MAE_upper_bound":0.6196666667,"ME":0.113,"ME_lower_bound":-0.1136666667,"ME_upper_bound":0.3533333333,"R2":0.9412098798,"R2_lower_bound":0.8740577439,"R2_upper_bound":0.9809183138,"m":0.9451948352,"m_lower_bound":0.8672361224,"m_upper_bound":1.0234793185},"4o0ia":{"name":"EC-RISM\/MP2\/cc-pVTZ-P3NI-phi-noThiols-2par","RMSE":0.6638232373,"RMSE_lower_bound":0.4407618039,"RMSE_upper_bound":0.8592307137,"MAE":0.465483871,"MAE_lower_bound":0.3106451613,"MAE_upper_bound":0.6419354839,"ME":0.0029032258,"ME_lower_bound":-0.2280645161,"ME_upper_bound":0.2377419355,"R2":0.9399215806,"R2_lower_bound":0.8850838803,"R2_upper_bound":0.9773208021,"m":0.9665817004,"m_lower_bound":0.8719835013,"m_upper_bound":1.0487534317},"nb008":{"name":"Epik Microscopic","RMSE":0.7606554191,"RMSE_lower_bound":0.4879617471,"RMSE_upper_bound":1.0178441269,"MAE":0.523,"MAE_lower_bound":0.3416666667,"MAE_upper_bound":0.7376666667,"ME":-0.0843333333,"ME_lower_bound":-0.3666666667,"ME_upper_bound":0.1733333333,"R2":0.9300418845,"R2_lower_bound":0.8447801394,"R2_upper_bound":0.9763807433,"m":0.8529269779,"m_lower_bound":0.7857505773,"m_upper_bound":0.9249283806},"ccpmw":{"name":"ReSCoSS conformations \/\/ COSMOtherm pKa","RMSE":0.7883342995,"RMSE_lower_bound":0.6208552894,"RMSE_upper_bound":0.941328848,"MAE":0.6219354839,"MAE_lower_bound":0.4561290323,"MAE_upper_bound":0.8,"ME":-0.1690322581,"ME_lower_bound":-0.4380645161,"ME_upper_bound":0.1080645161,"R2":0.9190546674,"R2_lower_bound":0.8640857599,"R2_upper_bound":0.9564236646,"m":0.947938055,"m_lower_bound":0.8199143806,"m_upper_bound":1.0564533111},"0xi4b":{"name":"EC-RISM\/B3LYP\/6-311+G(d,p)-P3NI-phi-noThiols-2par","RMSE":0.8384728181,"RMSE_lower_bound":0.5830666057,"RMSE_upper_bound":1.0675204916,"MAE":0.613,"MAE_lower_bound":0.4186666667,"MAE_upper_bound":0.8236666667,"ME":0.221,"ME_lower_bound":-0.061,"ME_upper_bound":0.514,"R2":0.9187440158,"R2_lower_bound":0.8380559776,"R2_upper_bound":0.9644696951,"m":0.9989472084,"m_lower_bound":0.9150008668,"m_upper_bound":1.0853442928},"cywyk":{"name":"EC-RISM\/B3LYP\/6-311+G(d,p)-P2-phi-noThiols-2par","RMSE":0.8603450171,"RMSE_lower_bound":0.6037223246,"RMSE_upper_bound":1.0962193094,"MAE":0.6212903226,"MAE_lower_bound":0.4225806452,"MAE_upper_bound":0.8435483871,"ME":0.1316129032,"ME_lower_bound":-0.1606451613,"ME_upper_bound":0.4338709677,"R2":0.9037683066,"R2_lower_bound":0.8255439948,"R2_upper_bound":0.9552555703,"m":0.9605288442,"m_lower_bound":0.8606245087,"m_upper_bound":1.0779364944},"ftc8w":{"name":"EC-RISM\/MP2\/cc-pVTZ-P2-q-noThiols-2par","RMSE":0.8609053749,"RMSE_lower_bound":0.5075240341,"RMSE_upper_bound":1.1564433796,"MAE":0.5880645161,"MAE_lower_bound":0.3851612903,"MAE_upper_bound":0.8161290323,"ME":0.1003225806,"ME_lower_bound":-0.204516129,"ME_upper_bound":0.4022580645,"R2":0.8994197619,"R2_lower_bound":0.7755168426,"R2_upper_bound":0.9696561536,"m":0.9171960667,"m_lower_bound":0.8381941687,"m_upper_bound":0.979292997},"nxaaw":{"name":"EC-RISM\/B3LYP\/6-311+G(d,p)-P3NI-q-noThiols-2par","RMSE":0.8940592461,"RMSE_lower_bound":0.5551895927,"RMSE_upper_bound":1.2525702607,"MAE":0.6148387097,"MAE_lower_bound":0.4080645161,"MAE_upper_bound":0.8674193548,"ME":-0.024516129,"ME_lower_bound":-0.354516129,"ME_upper_bound":0.2774193548,"R2":0.8919381027,"R2_lower_bound":0.751792438,"R2_upper_bound":0.965000749,"m":0.9363239269,"m_lower_bound":0.8504240116,"m_upper_bound":1.0005709453},"nb016":{"name":"MoKa","RMSE":0.9515720076,"RMSE_lower_bound":0.7122750271,"RMSE_upper_bound":1.1785296529,"MAE":0.7667857143,"MAE_lower_bound":0.5714285714,"MAE_upper_bound":0.9857142857,"ME":-0.2253571429,"ME_lower_bound":-0.5714285714,"ME_upper_bound":0.1196428571,"R2":0.8947376632,"R2_lower_bound":0.8273824261,"R2_upper_bound":0.9459421887,"m":0.9353174533,"m_lower_bound":0.8203721758,"m_upper_bound":1.0707125296},"kxztt":{"name":"EC-RISM\/MP2\/6-311+G(d,p)-P3NI-q-noThiols-2par","RMSE":0.959349578,"RMSE_lower_bound":0.5621846786,"RMSE_upper_bound":1.3252571266,"MAE":0.6403225806,"MAE_lower_bound":0.4158064516,"MAE_upper_bound":0.9083870968,"ME":0.0029032258,"ME_lower_bound":-0.3225806452,"ME_upper_bound":0.3570967742,"R2":0.9000792881,"R2_lower_bound":0.7614021961,"R2_upper_bound":0.9727119586,"m":1.0563681891,"m_lower_bound":0.9593759019,"m_upper_bound":1.1290925953},"eyetm":{"name":"ReSCoSS conformations \/\/ DSD-BLYP-D3 reranking \/\/ COSMOtherm pKa","RMSE":0.9785489587,"RMSE_lower_bound":0.6909810697,"RMSE_upper_bound":1.2636480727,"MAE":0.7196774194,"MAE_lower_bound":0.5025806452,"MAE_upper_bound":0.9648387097,"ME":-0.3177419355,"ME_lower_bound":-0.6561290323,"ME_upper_bound":-0.0083870968,"R2":0.914922344,"R2_lower_bound":0.8578604052,"R2_upper_bound":0.9564885911,"m":1.0891567337,"m_lower_bound":0.9482742569,"m_upper_bound":1.2202179128},"cm2yq":{"name":"EC-RISM\/MP2\/6-311+G(d,p)-P3NI-phi-noThiols-2par","RMSE":0.9939533859,"RMSE_lower_bound":0.4484789107,"RMSE_upper_bound":1.5488597957,"MAE":0.561,"MAE_lower_bound":0.3203333333,"MAE_upper_bound":0.9056666667,"ME":0.103,"ME_lower_bound":-0.2116666667,"ME_upper_bound":0.4933333333,"R2":0.9062472701,"R2_lower_bound":0.8279772197,"R2_upper_bound":0.9768163953,"m":1.0894409179,"m_lower_bound":0.9565689731,"m_upper_bound":1.2557804688},"2umai":{"name":"EC-RISM\/MP2\/6-311+G(d,p)-P3NI-phi-all-2par","RMSE":1.0038874439,"RMSE_lower_bound":0.46871811,"RMSE_upper_bound":1.5465854864,"MAE":0.5743333333,"MAE_lower_bound":0.33,"MAE_upper_bound":0.91,"ME":0.067,"ME_lower_bound":-0.2566666667,"ME_upper_bound":0.4586666667,"R2":0.9056099446,"R2_lower_bound":0.8279657778,"R2_upper_bound":0.9763248151,"m":1.0956256074,"m_lower_bound":0.9603461319,"m_upper_bound":1.2618705441},"ko8yx":{"name":"Adiabatic scheme with single point correction for type I submission","RMSE":1.0118507476,"RMSE_lower_bound":0.7523961722,"RMSE_upper_bound":1.2555271351,"MAE":0.7816129032,"MAE_lower_bound":0.5570967742,"MAE_upper_bound":1.0196774194,"ME":0.3487096774,"ME_lower_bound":0.0229032258,"ME_upper_bound":0.6922580645,"R2":0.9055980019,"R2_lower_bound":0.815038322,"R2_upper_bound":0.956826487,