,MAE,MAE_lower_CI,MAE_upper_CI,Molecule ID,RMSE,RMSE_lower_CI,RMSE_upper_CI
3,0.5868965517241381,0.4431034482758622,0.7506896551724139,SM09,0.7265886280989806,0.52591136004149,0.9114936585929563
5,0.6134482758620687,0.3624137931034481,0.9251724137931031,SM13,0.9997361720939695,0.5051971277937302,1.4703142990296443
2,0.8241379310344829,0.5586206896551725,1.144137931034483,SM07,1.1493476410555685,0.7503447483519229,1.5503436771378725
4,0.8310714285714286,0.5364285714285713,1.257142857142857,SM12,1.3150787591840813,0.6432423449103101,2.0246657572477065
1,1.0399999999999998,0.8306896551724136,1.2455172413793103,SM04,1.1847508104063993,0.989581938897989,1.3669560949486421
0,1.150344827586207,0.7775862068965519,1.6858620689655173,SM02,1.7025741160635726,0.8705111459208399,2.5758038584568856
7,1.1786666666666668,0.7261666666666666,1.7830000000000001,SM15,2.4024910683149967,1.0921301814954725,3.6503406233756692
6,2.0498214285714282,0.91125,3.459642857142857,SM14,5.292545802487548,2.4183088837331876,7.574655579157189
