,MAE,MAE_lower_CI,MAE_upper_CI,Molecule ID,RMSE,RMSE_lower_CI,RMSE_upper_CI
3,0.5868965517241381,0.44172413793103454,0.756896551724138,SM09,0.7265886280989806,0.5260129800417609,0.9178779875342911
5,0.6134482758620687,0.36275862068965503,0.9317241379310344,SM13,0.9997361720939695,0.502047531751657,1.4824327629109266
2,0.8241379310344829,0.5562068965517242,1.1331034482758617,SM07,1.1493476410555685,0.7453765537609509,1.5490764768191667
4,0.8310714285714286,0.534285714285714,1.2685714285714287,SM12,1.3150787591840813,0.6448310963788447,2.0303694245136774
1,1.0399999999999998,0.8341379310344824,1.2441379310344827,SM04,1.1847508104063993,0.9899338187562041,1.3635349596570292
0,1.150344827586207,0.7744827586206898,1.663793103448276,SM02,1.7025741160635726,0.8626882603135149,2.5366370623735075
7,1.1786666666666668,0.7201666666666665,1.7586666666666668,SM15,2.4024910683149967,1.0890232626838912,3.6238848859568744
6,2.0498214285714282,0.9226785714285715,3.494285714285714,SM14,5.292545802487548,2.463076618493917,7.586876945470664
