,MAE,MAE_lower_CI,MAE_upper_CI,Molecule ID,RMSE,RMSE_lower_CI,RMSE_upper_CI
3,0.5868965517241381,0.4424137931034484,0.750689655172414,SM09,0.7265886280989806,0.5238912759013242,0.9119399556761515
5,0.6134482758620687,0.3693103448275861,0.9344827586206896,SM13,0.9997361720939695,0.5108883405909007,1.4823815879906876
2,0.8241379310344829,0.5541379310344827,1.1437931034482762,SM07,1.1493476410555685,0.7391327630265826,1.555244741800001
4,0.8310714285714286,0.5364285714285713,1.275357142857143,SM12,1.3150787591840813,0.6434588453928392,2.0313129111136825
1,1.0399999999999998,0.8334482758620688,1.246206896551724,SM04,1.1847508104063993,0.9887853921474253,1.365790159073014
0,1.150344827586207,0.7686206896551726,1.6748275862068969,SM02,1.7025741160635726,0.8576370906801695,2.5462744928823855
7,1.1786666666666668,0.7238333333333333,1.7828333333333335,SM15,2.4024910683149967,1.087297107510178,3.6529782370005983
6,2.0498214285714282,0.9314285714285714,3.440357142857143,SM14,5.292545802487548,2.407077733328468,7.545962023303778
