,MAE,MAE_lower_CI,MAE_upper_CI,Molecule ID,RMSE,RMSE_lower_CI,RMSE_upper_CI
3,0.5868965517241381,0.44206896551724145,0.7513793103448275,SM09,0.7265886280989806,0.5231370889098799,0.9157811815132441
5,0.6134482758620687,0.36379310344827587,0.9313793103448276,SM13,0.9997361720939695,0.5056815135077098,1.4725593483736938
2,0.8241379310344829,0.5582758620689657,1.1310344827586205,SM07,1.1493476410555685,0.7424307700222709,1.5425516254704021
4,0.8310714285714286,0.5317857142857142,1.263571428571429,SM12,1.3150787591840813,0.6378255471297998,2.0253412410892992
1,1.0399999999999998,0.8303448275862068,1.249310344827586,SM04,1.1847508104063993,0.9885743828083081,1.3660893089399389
0,1.150344827586207,0.7782758620689659,1.6627586206896554,SM02,1.7025741160635726,0.8743983152963547,2.5326345830053105
7,1.1786666666666668,0.7281666666666667,1.787666666666667,SM15,2.4024910683149967,1.095305132523962,3.6548328735160154
6,2.0498214285714282,0.9155357142857142,3.4935714285714283,SM14,5.292545802487548,2.3828460624100027,7.6336461518352134
