,MAE,MAE_lower_CI,MAE_upper_CI,Molecule ID,RMSE,RMSE_lower_CI,RMSE_upper_CI
3,0.5868965517241381,0.44172413793103454,0.750344827586207,SM09,0.7265886280989806,0.5230645770114222,0.9113347543481258
5,0.6134482758620687,0.36103448275862055,0.9296551724137931,SM13,0.9997361720939695,0.5001620427076782,1.4856068074046025
2,0.8241379310344829,0.5617241379310346,1.1324137931034484,SM07,1.1493476410555685,0.7483683400664362,1.5427382731073813
4,0.8310714285714286,0.5314285714285714,1.2650000000000001,SM12,1.3150787591840813,0.6395171169383527,2.0261301960704725
1,1.0399999999999998,0.8348275862068963,1.247241379310345,SM04,1.1847508104063993,0.9896568544981497,1.3692421765089746
0,1.150344827586207,0.7786206896551726,1.6672413793103449,SM02,1.7025741160635726,0.8670679884252007,2.5382392756967684
7,1.1786666666666668,0.7325000000000002,1.7883333333333333,SM15,2.4024910683149967,1.0978410631780906,3.6394399752342856
6,2.0498214285714282,0.8937499999999999,3.446964285714285,SM14,5.292545802487548,2.3468474294557065,7.545640889187043
