,MAE,MAE_lower_CI,MAE_upper_CI,Molecule ID,RMSE,RMSE_lower_CI,RMSE_upper_CI
3,0.5868965517241381,0.4406896551724138,0.7517241379310345,SM09,0.7265886280989806,0.5230184278417626,0.9145226755734006
5,0.6134482758620687,0.3637931034482757,0.9317241379310345,SM13,0.9997361720939695,0.5040114941218071,1.4669355814077178
2,0.8241379310344829,0.5593103448275861,1.1341379310344828,SM07,1.1493476410555685,0.7520386086934084,1.5418920307475354
4,0.8310714285714286,0.5349999999999999,1.28,SM12,1.3150787591840813,0.6454317491858784,2.0349113704813497
1,1.0399999999999998,0.8317241379310341,1.2431034482758618,SM04,1.1847508104063993,0.9904561819060255,1.3648518929375348
0,1.150344827586207,0.7706896551724136,1.6686206896551725,SM02,1.7025741160635726,0.8594725728307308,2.532522253706222
7,1.1786666666666668,0.7216666666666668,1.780666666666667,SM15,2.4024910683149967,1.0896207291224473,3.6527822729165416
6,2.0498214285714282,0.9375,3.438571428571428,SM14,5.292545802487548,2.4499395036262777,7.554769543615665
