,MAE,MAE_lower_CI,MAE_upper_CI,Molecule ID,RMSE,RMSE_lower_CI,RMSE_upper_CI
3,0.5868965517241381,0.44103448275862067,0.7503448275862068,SM09,0.7265886280989806,0.5265960959557736,0.9128488940938013
5,0.6134482758620687,0.35931034482758617,0.9341379310344826,SM13,0.9997361720939695,0.498864227261666,1.4796632888180545
2,0.8241379310344829,0.55,1.133793103448276,SM07,1.1493476410555685,0.7381080193818937,1.5417455400761915
4,0.8310714285714286,0.5360714285714285,1.2667857142857144,SM12,1.3150787591840813,0.6430868637172696,2.027767949530433
1,1.0399999999999998,0.8320689655172411,1.2451724137931035,SM04,1.1847508104063993,0.9910513400529205,1.3677946004300197
0,1.150344827586207,0.7765517241379313,1.6706896551724137,SM02,1.7025741160635726,0.8654677826231435,2.5477880873281116
7,1.1786666666666668,0.7221666666666667,1.7828333333333335,SM15,2.4024910683149967,1.0873415593394131,3.6700322432734387
6,2.0498214285714282,0.9178571428571427,3.432321428571428,SM14,5.292545802487548,2.4822649507484664,7.516850475526873
