,MAE,MAE_lower_CI,MAE_upper_CI,Molecule ID,RMSE,RMSE_lower_CI,RMSE_upper_CI
3,0.5868965517241381,0.44137931034482764,0.7520689655172415,SM09,0.7265886280989806,0.5236871927611646,0.9136908856296854
5,0.6134482758620687,0.36103448275862055,0.9272413793103447,SM13,0.9997361720939695,0.5023805399262113,1.474702775430381
2,0.8241379310344829,0.553103448275862,1.1362068965517242,SM07,1.1493476410555685,0.7393053589641452,1.5430500472362723
4,0.8310714285714286,0.5332142857142856,1.2671428571428573,SM12,1.3150787591840813,0.6408866625899732,2.02836492912747
1,1.0399999999999998,0.8399999999999996,1.2482758620689653,SM04,1.1847508104063993,0.9952178759898029,1.3684108578428003
0,1.150344827586207,0.7786206896551725,1.6751724137931034,SM02,1.7025741160635726,0.8677636735329777,2.556727434126249
7,1.1786666666666668,0.7265,1.7758333333333338,SM15,2.4024910683149967,1.0953796906400386,3.6467508369323327
6,2.0498214285714282,0.91125,3.456071428571428,SM14,5.292545802487548,2.3896032246857577,7.562939479556118
