,MAE,MAE_lower_CI,MAE_upper_CI,Molecule ID,RMSE,RMSE_lower_CI,RMSE_upper_CI
3,0.5868965517241381,0.4417241379310345,0.7524137931034484,SM09,0.7265886280989806,0.5248382345197359,0.9126562218657938
5,0.6134482758620687,0.35758620689655174,0.9327586206896551,SM13,0.9997361720939695,0.4941764308701764,1.473125928086258
2,0.8241379310344829,0.5575862068965519,1.1410344827586205,SM07,1.1493476410555685,0.7427813527082074,1.5451358605592607
4,0.8310714285714286,0.5364285714285715,1.2810714285714286,SM12,1.3150787591840813,0.6440330515032371,2.037481814116912
1,1.0399999999999998,0.8310344827586205,1.2441379310344824,SM04,1.1847508104063993,0.988508106118543,1.3620420774299355
0,1.150344827586207,0.7720689655172414,1.6658620689655173,SM02,1.7025741160635726,0.8608556288908747,2.546497256205486
7,1.1786666666666668,0.7308333333333334,1.775166666666667,SM15,2.4024910683149967,1.0979723736658102,3.634051916708584
6,2.0498214285714282,0.9135714285714285,3.4808928571428575,SM14,5.292545802487548,2.4388229010850995,7.592916812021959
