,MAE,MAE_lower_CI,MAE_upper_CI,Molecule ID,RMSE,RMSE_lower_CI,RMSE_upper_CI
3,0.5868965517241381,0.4413793103448277,0.7496551724137934,SM09,0.7265886280989806,0.5262980668522486,0.9129301064760351
5,0.6134482758620687,0.36172413793103436,0.9313793103448276,SM13,0.9997361720939695,0.4992028127683798,1.4817848045166853
2,0.8241379310344829,0.5579310344827586,1.1417241379310346,SM07,1.1493476410555685,0.7421822436292995,1.546542305741513
4,0.8310714285714286,0.537142857142857,1.2689285714285716,SM12,1.3150787591840813,0.6450083055943655,2.0275424955912937
1,1.0399999999999998,0.8313793103448275,1.2506896551724136,SM04,1.1847508104063993,0.9859513172565874,1.3696941516139713
0,1.150344827586207,0.7806896551724137,1.6741379310344828,SM02,1.7025741160635726,0.8716907866819559,2.5398581279955046
7,1.1786666666666668,0.7301666666666669,1.7676666666666667,SM15,2.4024910683149967,1.0942044294067421,3.6127787089718075
6,2.0498214285714282,0.9217857142857141,3.46375,SM14,5.292545802487548,2.417634617318577,7.562425442371551
