,MAE,MAE_lower_CI,MAE_upper_CI,Molecule ID,RMSE,RMSE_lower_CI,RMSE_upper_CI
3,0.5868965517241381,0.4393103448275864,0.75,SM09,0.7265886280989806,0.5220978901475775,0.9102045999626148
5,0.6134482758620687,0.36379310344827565,0.935862068965517,SM13,0.9997361720939695,0.507281463054408,1.4765185053197685
2,0.8241379310344829,0.5565517241379312,1.1448275862068964,SM07,1.1493476410555685,0.7488059460418208,1.5504693393981686
4,0.8310714285714286,0.5357142857142856,1.2714285714285716,SM12,1.3150787591840813,0.6415244121844246,2.028399263317893
1,1.0399999999999998,0.8375862068965516,1.2427586206896555,SM04,1.1847508104063993,0.992556782011609,1.3658292921051347
0,1.150344827586207,0.7793103448275864,1.6820689655172412,SM02,1.7025741160635726,0.8725724947651569,2.575495265394399
7,1.1786666666666668,0.7228333333333335,1.7820000000000005,SM15,2.4024910683149967,1.0788798203074645,3.650776173181077
6,2.0498214285714282,0.9139285714285714,3.4528571428571424,SM14,5.292545802487548,2.4931309202916494,7.5637503688882495
