{"nb011":{"name":"Jaguar","RMSE":0.4682706689,"RMSE_lower_bound":0.3069201851,"RMSE_upper_bound":0.6600904141,"MAE":0.3290322581,"MAE_lower_bound":0.2238709677,"MAE_upper_bound":0.4616129032,"ME":-0.0187096774,"ME_lower_bound":-0.1764516129,"ME_upper_bound":0.1429032258,"R2":0.971344346,"R2_lower_bound":0.9370174591,"R2_upper_bound":0.9889898238,"m":1.0103771151,"m_lower_bound":0.9661406577,"m_upper_bound":1.0631958241},"hdiyq":{"name":"S+pKa","RMSE":0.6240424923,"RMSE_lower_bound":0.4812048052,"RMSE_upper_bound":0.7600636646,"MAE":0.4680645161,"MAE_lower_bound":0.3267741935,"MAE_upper_bound":0.6187096774,"ME":0.1274193548,"ME_lower_bound":-0.09,"ME_upper_bound":0.3251612903,"R2":0.9501427068,"R2_lower_bound":0.918340914,"R2_upper_bound":0.9737789339,"m":0.9899067824,"m_lower_bound":0.9186906498,"m_upper_bound":1.0970805304},"epvmk":{"name":"EC-RISM\/MP2\/cc-pVTZ-P2-phi-noThiols-2par","RMSE":0.6309079391,"RMSE_lower_bound":0.42737773,"RMSE_upper_bound":0.8066298557,"MAE":0.4693103448,"MAE_lower_bound":0.32,"MAE_upper_bound":0.6379310345,"ME":-0.0237931034,"ME_lower_bound":-0.2468965517,"ME_upper_bound":0.2017241379,"R2":0.9487355886,"R2_lower_bound":0.8924038434,"R2_upper_bound":0.9808589697,"m":0.9816674428,"m_lower_bound":0.9114346947,"m_upper_bound":1.046452369},"xnoe0":{"name":"EC-RISM\/MP2\/cc-pVTZ-P2-phi-all-2par","RMSE":0.6470831992,"RMSE_lower_bound":0.4702481614,"RMSE_upper_bound":0.8273391082,"MAE":0.499,"MAE_lower_bound":0.3603333333,"MAE_upper_bound":0.6643333333,"ME":-0.099,"ME_lower_bound":-0.3156666667,"ME_upper_bound":0.156,"R2":0.9476192633,"R2_lower_bound":0.8867983642,"R2_upper_bound":0.9783693013,"m":0.9947022977,"m_lower_bound":0.9213823015,"m_upper_bound":1.0578068031},"gdqeg":{"name":"PCM\/B3LYP\/6-311+G(d,p)","RMSE":0.6527454838,"RMSE_lower_bound":0.398246155,"RMSE_upper_bound":0.8883223889,"MAE":0.4336666667,"MAE_lower_bound":0.271,"MAE_upper_bound":0.618,"ME":0.113,"ME_lower_bound":-0.122,"ME_upper_bound":0.365,"R2":0.9412098798,"R2_lower_bound":0.8771056624,"R2_upper_bound":0.9803424939,"m":0.9451948352,"m_lower_bound":0.8656271275,"m_upper_bound":1.0228458906},"4o0ia":{"name":"EC-RISM\/MP2\/cc-pVTZ-P3NI-phi-noThiols-2par","RMSE":0.6638232373,"RMSE_lower_bound":0.4330909165,"RMSE_upper_bound":0.837644547,"MAE":0.465483871,"MAE_lower_bound":0.3,"MAE_upper_bound":0.6290322581,"ME":0.0029032258,"ME_lower_bound":-0.2374193548,"ME_upper_bound":0.2632258065,"R2":0.9399215806,"R2_lower_bound":0.8872691526,"R2_upper_bound":0.9779356333,"m":0.9665817004,"m_lower_bound":0.8698851092,"m_upper_bound":1.0490141296},"nb008":{"name":"Epik Microscopic","RMSE":0.7606554191,"RMSE_lower_bound":0.4739866383,"RMSE_upper_bound":1.0122450296,"MAE":0.523,"MAE_lower_bound":0.3386666667,"MAE_upper_bound":0.7203333333,"ME":-0.0843333333,"ME_lower_bound":-0.3386666667,"ME_upper_bound":0.179,"R2":0.9300418845,"R2_lower_bound":0.843403464,"R2_upper_bound":0.977906759,"m":0.8529269779,"m_lower_bound":0.7883724774,"m_upper_bound":0.9243066094},"ccpmw":{"name":"ReSCoSS conformations \/\/ COSMOtherm pKa","RMSE":0.7883342995,"RMSE_lower_bound":0.6175053872,"RMSE_upper_bound":0.9376222501,"MAE":0.6219354839,"MAE_lower_bound":0.4480645161,"MAE_upper_bound":0.7935483871,"ME":-0.1690322581,"ME_lower_bound":-0.4383870968,"ME_upper_bound":0.1161290323,"R2":0.9190546674,"R2_lower_bound":0.8695076466,"R2_upper_bound":0.9603270521,"m":0.947938055,"m_lower_bound":0.82218371,"m_upper_bound":1.0586233077},"0xi4b":{"name":"EC-RISM\/B3LYP\/6-311+G(d,p)-P3NI-phi-noThiols-2par","RMSE":0.8384728181,"RMSE_lower_bound":0.5831666429,"RMSE_upper_bound":1.0749511617,"MAE":0.613,"MAE_lower_bound":0.4146666667,"MAE_upper_bound":0.8316666667,"ME":0.221,"ME_lower_bound":-0.078,"ME_upper_bound":0.513,"R2":0.9187440158,"R2_lower_bound":0.8350089134,"R2_upper_bound":0.966978401,"m":0.9989472084,"m_lower_bound":0.9145684883,"m_upper_bound":1.0871039072},"cywyk":{"name":"EC-RISM\/B3LYP\/6-311+G(d,p)-P2-phi-noThiols-2par","RMSE":0.8603450171,"RMSE_lower_bound":0.6025189061,"RMSE_upper_bound":1.1115841645,"MAE":0.6212903226,"MAE_lower_bound":0.4280645161,"MAE_upper_bound":0.8467741935,"ME":0.1316129032,"ME_lower_bound":-0.1512903226,"ME_upper_bound":0.4409677419,"R2":0.9037683066,"R2_lower_bound":0.8298280319,"R2_upper_bound":0.956004647,"m":0.9605288442,"m_lower_bound":0.8676467509,"m_upper_bound":1.0988672968},"ftc8w":{"name":"EC-RISM\/MP2\/cc-pVTZ-P2-q-noThiols-2par","RMSE":0.8609053749,"RMSE_lower_bound":0.5178398058,"RMSE_upper_bound":1.1596273039,"MAE":0.5880645161,"MAE_lower_bound":0.3951612903,"MAE_upper_bound":0.8267741935,"ME":0.1003225806,"ME_lower_bound":-0.1964516129,"ME_upper_bound":0.4190322581,"R2":0.8994197619,"R2_lower_bound":0.777967538,"R2_upper_bound":0.9695081012,"m":0.9171960667,"m_lower_bound":0.8403708143,"m_upper_bound":0.9798145794},"nxaaw":{"name":"EC-RISM\/B3LYP\/6-311+G(d,p)-P3NI-q-noThiols-2par","RMSE":0.8940592461,"RMSE_lower_bound":0.5573352498,"RMSE_upper_bound":1.2560999549,"MAE":0.6148387097,"MAE_lower_bound":0.4129032258,"MAE_upper_bound":0.8774193548,"ME":-0.024516129,"ME_lower_bound":-0.3458064516,"ME_upper_bound":0.2919354839,"R2":0.8919381027,"R2_lower_bound":0.7577938425,"R2_upper_bound":0.9660096982,"m":0.9363239269,"m_lower_bound":0.8470801429,"m_upper_bound":1.0083268526},"nb016":{"name":"MoKa","RMSE":0.9515720076,"RMSE_lower_bound":0.7008770016,"RMSE_upper_bound":1.1695389812,"MAE":0.7667857143,"MAE_lower_bound":0.5689285714,"MAE_upper_bound":0.9767857143,"ME":-0.2253571429,"ME_lower_bound":-0.5642857143,"ME_upper_bound":0.1328571429,"R2":0.8947376632,"R2_lower_bound":0.8248915885,"R2_upper_bound":0.948602073,"m":0.9353174533,"m_lower_bound":0.8176688323,"m_upper_bound":1.0701959381},"kxztt":{"name":"EC-RISM\/MP2\/6-311+G(d,p)-P3NI-q-noThiols-2par","RMSE":0.959349578,"RMSE_lower_bound":0.5782677134,"RMSE_upper_bound":1.3559296299,"MAE":0.6403225806,"MAE_lower_bound":0.4196774194,"MAE_upper_bound":0.9574193548,"ME":0.0029032258,"ME_lower_bound":-0.3222580645,"ME_upper_bound":0.3761290323,"R2":0.9000792881,"R2_lower_bound":0.7515384811,"R2_upper_bound":0.9738326143,"m":1.0563681891,"m_lower_bound":0.9498464882,"m_upper_bound":1.1302561537},"eyetm":{"name":"ReSCoSS conformations \/\/ DSD-BLYP-D3 reranking \/\/ COSMOtherm pKa","RMSE":0.9785489587,"RMSE_lower_bound":0.685624274,"RMSE_upper_bound":1.273941053,"MAE":0.7196774194,"MAE_lower_bound":0.4980645161,"MAE_upper_bound":0.9677419355,"ME":-0.3177419355,"ME_lower_bound":-0.6558064516,"ME_upper_bound":-0.0029032258,"R2":0.914922344,"R2_lower_bound":0.8547536736,"R2_upper_bound":0.958399397,"m":1.0891567337,"m_lower_bound":0.9428675863,"m_upper_bound":1.2266744147},"cm2yq":{"name":"EC-RISM\/MP2\/6-311+G(d,p)-P3NI-phi-noThiols-2par","RMSE":0.9939533859,"RMSE_lower_bound":0.4541842504,"RMSE_upper_bound":1.5252081825,"MAE":0.561,"MAE_lower_bound":0.3173333333,"MAE_upper_bound":0.8683333333,"ME":0.103,"ME_lower_bound":-0.205,"ME_upper_bound":0.4996666667,"R2":0.9062472701,"R2_lower_bound":0.8262766216,"R2_upper_bound":0.9774328124,"m":1.0894409179,"m_lower_bound":0.9640525684,"m_upper_bound":1.262379393},"2umai":{"name":"EC-RISM\/MP2\/6-311+G(d,p)-P3NI-phi-all-2par","RMSE":1.0038874439,"RMSE_lower_bound":0.4543346784,"RMSE_upper_bound":1.5526214392,"MAE":0.5743333333,"MAE_lower_bound":0.329,"MAE_upper_bound":0.917,"ME":0.067,"ME_lower_bound":-0.2466666667,"ME_upper_bound":0.458,"R2":0.9056099446,"R2_lower_bound":0.8282564944,"R2_upper_bound":0.9759648121,"m":1.0956256074,"m_lower_bound":0.9677490809,"m_upper_bound":1.252927175},"ko8yx":{"name":"Adiabatic scheme with single point correction for type I submission","RMSE":1.0118507476,"RMSE_lower_bound":0.7310090243,"RMSE_upper_bound":1.2900575131,"MAE":0.7816129032,"MAE_lower_bound":0.5483870968,"MAE_upper_bound":1.0296774194,"ME":0.3487096774,"ME_lower_bound":0.0177419355,"ME_upper_bound":0.7025806452,"R2":0.9055980019,"R2_lower_bound":0.8187107256,"R2_upper_bound":0.9569668149,"m":1.0708579401,"m_lower_bound":0.9508639954,"m_upper_bound":1.192856991},