,MAE,MAE_lower_CI,MAE_upper_CI,Molecule ID,RMSE,RMSE_lower_CI,RMSE_upper_CI
3,0.5590909090909092,0.42272727272727284,0.7103030303030305,SM09,0.7011397647380798,0.5123445810164968,0.873779668503971
5,0.6008823529411762,0.3829411764705881,0.8714705882352941,SM13,0.9541072205131318,0.5263889190680662,1.3816209576393357
4,0.78,0.5140625000000001,1.1634375000000001,SM12,1.2459885633504026,0.6266976942673398,1.9113836611209172
2,0.7921875,0.5459375,1.08,SM07,1.1043705786555527,0.7208870403884371,1.481121829897865
1,0.9720588235294116,0.7873529411764707,1.1591176470588234,SM04,1.1214551995982194,0.9411413596392038,1.2905892407095658
0,1.0114705882352941,0.6764705882352944,1.4835294117647058,SM02,1.5757621871933074,0.7988926159157473,2.359277057764543
7,1.0727536231884058,0.6723188405797101,1.6023188405797104,SM15,2.2469457531038226,1.0197378179666108,3.402368953061032
6,1.8160606060606062,0.8516666666666667,3.0037878787878793,SM14,4.880599503662589,2.2319610211650205,6.997177028176174
