,MAE,MAE_lower_CI,MAE_upper_CI,Molecule ID,RMSE,RMSE_lower_CI,RMSE_upper_CI
3,0.5590909090909092,0.423939393939394,0.7096969696969698,SM09,0.7011397647380798,0.5141659913555804,0.8745007233567708
5,0.6008823529411762,0.3794117647058822,0.8758823529411761,SM13,0.9541072205131318,0.5186379219818454,1.3873917551841444
4,0.78,0.5115624999999999,1.1775,SM12,1.2459885633504026,0.6221736092120913,1.9147960074117558
2,0.7921875,0.5481250000000001,1.0828125000000002,SM07,1.1043705786555527,0.7223010106596834,1.486853851257749
1,0.9720588235294116,0.7829411764705878,1.1558823529411761,SM04,1.1214551995982194,0.9350872875267406,1.291173656703352
0,1.0114705882352941,0.6741176470588237,1.4691176470588234,SM02,1.5757621871933074,0.7989018197795389,2.36020998567301
7,1.0727536231884058,0.6795652173913044,1.5950724637681157,SM15,2.2469457531038226,1.0329344718753493,3.398179606448305
6,1.8160606060606062,0.845,3.023939393939394,SM14,4.880599503662589,2.20351337915639,6.984808841010221
