,MAE,MAE_lower_CI,MAE_upper_CI,Molecule ID,RMSE,RMSE_lower_CI,RMSE_upper_CI
3,0.5590909090909092,0.42212121212121223,0.7121212121212124,SM09,0.7011397647380798,0.5132575701666108,0.8769385452363309
5,0.6008823529411762,0.3855882352941174,0.8785294117647056,SM13,0.9541072205131318,0.5248192966323237,1.392883171487029
4,0.78,0.5106250000000001,1.1728125,SM12,1.2459885633504026,0.6260965380833854,1.9159397172145058
2,0.7921875,0.5475,1.084375,SM07,1.1043705786555527,0.721001907070987,1.482735015098787
1,0.9720588235294116,0.7832352941176469,1.162647058823529,SM04,1.1214551995982194,0.9374433316206371,1.2946871073283894
0,1.0114705882352941,0.6764705882352942,1.468235294117647,SM02,1.5757621871933074,0.7964664610198045,2.3638409670802853
7,1.0727536231884058,0.6786956521739131,1.5849275362318842,SM15,2.2469457531038226,1.0330824847464288,3.383359748593962
6,1.8160606060606062,0.8562121212121211,3.0046969696969694,SM14,4.880599503662589,2.2299412276532937,6.972767265105966
