,MAE,MAE_lower_CI,MAE_upper_CI,Molecule ID,RMSE,RMSE_lower_CI,RMSE_upper_CI
3,0.5590909090909092,0.4233333333333334,0.7100000000000001,SM09,0.7011397647380798,0.5136087415474346,0.8748523684980609
5,0.6008823529411762,0.38029411764705884,0.8711764705882351,SM13,0.9541072205131318,0.5194652227503386,1.37509251025693
4,0.78,0.511875,1.1643750000000002,SM12,1.2459885633504026,0.628378369296716,1.9106666048790408
2,0.7921875,0.5475000000000001,1.0765625,SM07,1.1043705786555527,0.7194572607181057,1.480794761268421
1,0.9720588235294116,0.7835294117647054,1.161176470588235,SM04,1.1214551995982194,0.9346720091592998,1.2940531401035138
0,1.0114705882352941,0.6717647058823532,1.4755882352941176,SM02,1.5757621871933074,0.8002003425613452,2.367194914810752
7,1.0727536231884058,0.6765217391304347,1.5960869565217395,SM15,2.2469457531038226,1.0282953390674425,3.379118099509809
6,1.8160606060606062,0.847121212121212,3.0336363636363637,SM14,4.880599503662589,2.191046864774089,7.027721946518356
