,MAE,MAE_lower_CI,MAE_upper_CI,Molecule ID,RMSE,RMSE_lower_CI,RMSE_upper_CI
3,0.5590909090909092,0.42272727272727284,0.7075757575757577,SM09,0.7011397647380798,0.5148580269149817,0.8723409814280125
5,0.6008823529411762,0.38235294117647056,0.8797058823529412,SM13,0.9541072205131318,0.5244268580190804,1.3901407038392148
4,0.78,0.5134375000000001,1.1709375,SM12,1.2459885633504026,0.627136348811006,1.9147397016304855
2,0.7921875,0.546875,1.0725000000000002,SM07,1.1043705786555527,0.7193139092218364,1.4762706391444627
1,0.9720588235294116,0.7852941176470587,1.1629411764705881,SM04,1.1214551995982194,0.9384232708613515,1.2964294858436018
0,1.0114705882352941,0.676764705882353,1.4694117647058822,SM02,1.5757621871933074,0.7963298163892824,2.3670085364790525
7,1.0727536231884058,0.6821739130434784,1.5923188405797102,SM15,2.2469457531038226,1.036431307454799,3.3881235454776872
6,1.8160606060606062,0.8539393939393938,3.029848484848485,SM14,4.880599503662589,2.256167976768117,7.02429269597928
