,MAE,MAE_lower_CI,MAE_upper_CI,Molecule ID,RMSE,RMSE_lower_CI,RMSE_upper_CI
3,0.5590909090909092,0.42181818181818187,0.7060606060606062,SM09,0.7011397647380798,0.5150610437490676,0.8715798960230298
5,0.6008823529411762,0.3852941176470588,0.8844117647058822,SM13,0.9541072205131318,0.5227557072015232,1.3931935383478196
4,0.78,0.5131250000000002,1.1796875,SM12,1.2459885633504026,0.6290543497981712,1.9179082029648866
2,0.7921875,0.5518750000000002,1.08,SM07,1.1043705786555527,0.723843905825006,1.4872930528312167
1,0.9720588235294116,0.7870588235294115,1.161764705882353,SM04,1.1214551995982194,0.9368894090050769,1.2941440505327881
0,1.0114705882352941,0.6744117647058825,1.4873529411764705,SM02,1.5757621871933074,0.7982241318739257,2.381056982296135
7,1.0727536231884058,0.6781159420289855,1.6037681159420292,SM15,2.2469457531038226,1.0332641398058369,3.4028907148762952
6,1.8160606060606062,0.8507575757575756,3.0242424242424235,SM14,4.880599503662589,2.2179146634948452,6.9893551096281294
