,MAE,MAE_lower_CI,MAE_upper_CI,Molecule ID,RMSE,RMSE_lower_CI,RMSE_upper_CI
3,0.5590909090909092,0.4272727272727273,0.7093939393939395,SM09,0.7011397647380798,0.5184797123525782,0.8741437368804246
5,0.6008823529411762,0.3820588235294116,0.8755882352941176,SM13,0.9541072205131318,0.5229188442263855,1.3775062720045104
4,0.78,0.5149999999999999,1.1940625,SM12,1.2459885633504026,0.6299007858385319,1.9296858552624572
2,0.7921875,0.544375,1.076875,SM07,1.1043705786555527,0.71731922809862,1.483351357568395
1,0.9720588235294116,0.7867647058823526,1.1614705882352938,SM04,1.1214551995982194,0.9388259251038279,1.2960653124428747
0,1.0114705882352941,0.6726470588235294,1.4729411764705884,SM02,1.5757621871933074,0.7947789185753261,2.361594675587813
7,1.0727536231884058,0.6773913043478261,1.614202898550725,SM15,2.2469457531038226,1.02741973134052,3.4031609347525853
6,1.8160606060606062,0.8412121212121211,2.9984848484848476,SM14,4.880599503662589,2.2174623771192588,6.963314366714817
