,MAE,MAE_lower_CI,MAE_upper_CI,Molecule ID,RMSE,RMSE_lower_CI,RMSE_upper_CI
3,0.5590909090909092,0.4263636363636365,0.7166666666666668,SM09,0.7011397647380798,0.5174119746538068,0.8806953175895978
5,0.6008823529411762,0.384705882352941,0.8788235294117644,SM13,0.9541072205131318,0.5257235909845086,1.3882225198814064
4,0.78,0.5134375,1.1640625000000002,SM12,1.2459885633504026,0.6277091284982241,1.9103460092349762
2,0.7921875,0.5453125000000001,1.0765625,SM07,1.1043705786555527,0.718218281582974,1.469246192780502
1,0.9720588235294116,0.7849999999999997,1.1652941176470588,SM04,1.1214551995982194,0.9382634146624909,1.2970849670567868
0,1.0114705882352941,0.6770588235294118,1.4720588235294119,SM02,1.5757621871933074,0.8011737712660756,2.3574587514325427
7,1.0727536231884058,0.6759420289855073,1.580289855072464,SM15,2.2469457531038226,1.026904734302717,3.3771422615981788
6,1.8160606060606062,0.8343939393939394,3.029393939393939,SM14,4.880599503662589,2.2116146576515976,7.020208492112415
