,MAE,MAE_lower_CI,MAE_upper_CI,Molecule ID,RMSE,RMSE_lower_CI,RMSE_upper_CI
3,0.5590909090909092,0.4233333333333335,0.7133333333333335,SM09,0.7011397647380798,0.5147079195274175,0.8764840229144183
5,0.6008823529411762,0.38352941176470573,0.872941176470588,SM13,0.9541072205131318,0.5199717186879436,1.3813037319865604
4,0.78,0.5178125,1.1743750000000002,SM12,1.2459885633504026,0.6311794515032948,1.9164436464451544
2,0.7921875,0.543125,1.0821875,SM07,1.1043705786555527,0.7140203078344483,1.4820762463517188
1,0.9720588235294116,0.786176470588235,1.1626470588235291,SM04,1.1214551995982194,0.9382132580853131,1.2975553938079096
0,1.0114705882352941,0.6720588235294118,1.4797058823529412,SM02,1.5757621871933074,0.7939328761077388,2.3872227279709732
7,1.0727536231884058,0.6707246376811594,1.593188405797102,SM15,2.2469457531038226,1.0129974176255052,3.3889103032506274
6,1.8160606060606062,0.8678787878787879,3.0369696969696967,SM14,4.880599503662589,2.235659688419559,7.00303181096977
