,MAE,MAE_lower_CI,MAE_upper_CI,Molecule ID,RMSE,RMSE_lower_CI,RMSE_upper_CI
3,0.5590909090909092,0.42363636363636376,0.7127272727272728,SM09,0.7011397647380798,0.5168640874044983,0.8751121140295182
5,0.6008823529411762,0.3867647058823528,0.8691176470588236,SM13,0.9541072205131318,0.5247660543182131,1.3799669646514772
4,0.78,0.5150000000000001,1.1671875,SM12,1.2459885633504026,0.6321441686830622,1.9099149195710263
2,0.7921875,0.546875,1.0803125000000002,SM07,1.1043705786555527,0.7187619564222916,1.4777728174519926
1,0.9720588235294116,0.7855882352941175,1.161764705882353,SM04,1.1214551995982194,0.9351470472604828,1.2954252084115991
0,1.0114705882352941,0.6758823529411765,1.474705882352941,SM02,1.5757621871933074,0.7991447634447569,2.3712121496870604
7,1.0727536231884058,0.6746376811594206,1.5975362318840582,SM15,2.2469457531038226,1.0292131509774483,3.3881284646178376
6,1.8160606060606062,0.8477272727272727,2.991060606060606,SM14,4.880599503662589,2.2168852706061046,6.975540057293706
