,MAE,MAE_lower_CI,MAE_upper_CI,Molecule ID,RMSE,RMSE_lower_CI,RMSE_upper_CI
3,0.5590909090909092,0.42151515151515173,0.7078787878787881,SM09,0.7011397647380798,0.5147815070493501,0.8699216265639317
5,0.6008823529411762,0.3820588235294116,0.8652941176470585,SM13,0.9541072205131318,0.5168968494208264,1.369138844847588
4,0.78,0.5134375,1.1656250000000001,SM12,1.2459885633504026,0.6288978454407361,1.9097112019884055
2,0.7921875,0.546875,1.0821875,SM07,1.1043705786555527,0.7229151056659421,1.4792048117147267
1,0.9720588235294116,0.7855882352941175,1.1623529411764704,SM04,1.1214551995982194,0.9372001481258196,1.2948983607626823
0,1.0114705882352941,0.6741176470588236,1.488235294117647,SM02,1.5757621871933074,0.7949824267388114,2.377636616969242
7,1.0727536231884058,0.6827536231884059,1.6049275362318842,SM15,2.2469457531038226,1.0393050911372312,3.415878947724472
6,1.8160606060606062,0.8327272727272725,3.0571212121212117,SM14,4.880599503662589,2.1648168093817586,7.027470556625792
